{"textures":{"0":"modelengine:entity/rocky"},"elements":[{"name":"cube","from":[5.3,-1.4500003,6.6499996],"to":[10.700001,14.75,12.05],"rotation":{"angle":0.0,"axis":"x","origin":[13.400001,-33.850002,5.3]},"faces":{"down":{"uv":[7.25,11.5,6.75,12.0],"rotation":0,"texture":"#0","tintindex":0},"east":{"uv":[2.0,7.625,2.5,9.125],"rotation":0,"texture":"#0","tintindex":0},"north":{"uv":[7.5,4.5,8.0,6.0],"rotation":0,"texture":"#0","tintindex":0},"south":{"uv":[5.25,7.625,5.75,9.125],"rotation":0,"texture":"#0","tintindex":0},"up":{"uv":[6.75,12.0,6.25,11.5],"rotation":0,"texture":"#0","tintindex":0},"west":{"uv":[5.75,7.625,6.25,9.125],"rotation":0,"texture":"#0","tintindex":0}}},{"name":"cube","from":[6.6499996,12.05,8.0],"to":[9.35,25.55,10.700001],"rotation":{"angle":0.0,"axis":"x","origin":[13.400001,-33.850002,5.3]},"faces":{"down":{"uv":[12.0,10.125,11.5,10.625],"rotation":0,"texture":"#0","tintindex":0},"east":{"uv":[6.75,7.625,7.25,9.125],"rotation":0,"texture":"#0","tintindex":0},"north":{"uv":[6.25,7.625,6.75,9.125],"rotation":0,"texture":"#0","tintindex":0},"south":{"uv":[7.25,7.625,7.75,9.125],"rotation":0,"texture":"#0","tintindex":0},"up":{"uv":[12.0,7.375,11.5,6.875],"rotation":0,"texture":"#0","tintindex":0},"west":{"uv":[1.0,7.75,1.5,9.25],"rotation":0,"texture":"#0","tintindex":0}}}],"display":{"head":{"translation":[0.0,-6.4,0.0],"rotation":[0.0,0.0,0.0],"scale":[3.8095,3.8095,3.8095]}}}