{"textures":{"0":"modelengine:entity/rocky"},"elements":[{"name":"cube","from":[3.9499998,6.6499996,1.2499998],"to":[12.05,13.400001,8.0],"rotation":{"angle":0.0,"axis":"x","origin":[8.0,-17.650002,10.700001]},"faces":{"down":{"uv":[10.125,8.25,9.375,8.875],"rotation":0,"texture":"#0","tintindex":0},"east":{"uv":[7.625,10.125,8.25,10.75],"rotation":0,"texture":"#0","tintindex":0},"north":{"uv":[0.75,9.25,1.5,9.875],"rotation":0,"texture":"#0","tintindex":0},"south":{"uv":[9.375,7.0,10.125,7.625],"rotation":0,"texture":"#0","tintindex":0},"up":{"uv":[10.125,8.25,9.375,7.625],"rotation":0,"texture":"#0","tintindex":0},"west":{"uv":[9.75,10.125,10.375,10.75],"rotation":0,"texture":"#0","tintindex":0}}},{"name":"cube","from":[2.6026995,5.302699,2.6026995],"to":[3.9473,12.047301,7.9973],"rotation":{"angle":0.0,"axis":"x","origin":[8.0,-17.650002,10.700001]},"faces":{"down":{"uv":[6.75,11.0,6.625,11.5],"rotation":0,"texture":"#0","tintindex":0},"east":{"uv":[7.625,10.75,8.125,11.375],"rotation":0,"texture":"#0","tintindex":0},"north":{"uv":[4.25,7.5,4.375,8.125],"rotation":0,"texture":"#0","tintindex":0},"south":{"uv":[2.375,12.25,2.5,12.875],"rotation":0,"texture":"#0","tintindex":0},"up":{"uv":[4.25,9.0,4.125,8.5],"rotation":0,"texture":"#0","tintindex":0},"west":{"uv":[10.875,2.875,11.375,3.5],"rotation":0,"texture":"#0","tintindex":0}}},{"name":"cube","from":[12.05,12.05,3.9499998],"to":[13.400001,13.400001,8.0],"rotation":{"angle":0.0,"axis":"x","origin":[8.0,-17.650002,10.700001]},"faces":{"down":{"uv":[0.75,11.25,0.625,11.625],"rotation":0,"texture":"#0","tintindex":0},"east":{"uv":[6.25,6.125,6.625,6.25],"rotation":0,"texture":"#0","tintindex":0},"north":{"uv":[10.125,3.0,10.25,3.125],"rotation":0,"texture":"#0","tintindex":0},"south":{"uv":[4.0,10.125,4.125,10.25],"rotation":0,"texture":"#0","tintindex":0},"up":{"uv":[5.375,7.625,5.25,7.25],"rotation":0,"texture":"#0","tintindex":0},"west":{"uv":[9.375,8.875,9.75,9.0],"rotation":0,"texture":"#0","tintindex":0}}},{"name":"cube","from":[12.05,6.6499996,1.2499998],"to":[13.400001,10.700001,2.6],"rotation":{"angle":0.0,"axis":"x","origin":[8.0,-17.650002,10.700001]},"faces":{"down":{"uv":[10.5,8.625,10.375,8.75],"rotation":0,"texture":"#0","tintindex":0},"east":{"uv":[0.0,12.5,0.125,12.875],"rotation":0,"texture":"#0","tintindex":0},"north":{"uv":[12.375,12.375,12.5,12.75],"rotation":0,"texture":"#0","tintindex":0},"south":{"uv":[12.5,0.0,12.625,0.375],"rotation":0,"texture":"#0","tintindex":0},"up":{"uv":[4.125,10.375,4.0,10.25],"rotation":0,"texture":"#0","tintindex":0},"west":{"uv":[0.125,12.5,0.25,12.875],"rotation":0,"texture":"#0","tintindex":0}}},{"name":"cube","from":[12.077001,5.3270006,2.6269999],"to":[13.373,12.022999,7.973],"rotation":{"angle":0.0,"axis":"x","origin":[8.0,-17.650002,10.700001]},"faces":{"down":{"uv":[12.125,12.25,12.0,12.75],"rotation":0,"texture":"#0","tintindex":0},"east":{"uv":[10.875,3.5,11.375,4.125],"rotation":0,"texture":"#0","tintindex":0},"north":{"uv":[2.5,12.25,2.625,12.875],"rotation":0,"texture":"#0","tintindex":0},"south":{"uv":[2.875,12.25,3.0,12.875],"rotation":0,"texture":"#0","tintindex":0},"up":{"uv":[12.375,6.125,12.25,5.625],"rotation":0,"texture":"#0","tintindex":0},"west":{"uv":[6.75,10.875,7.25,11.5],"rotation":0,"texture":"#0","tintindex":0}}},{"name":"cube","from":[2.6,6.6499996,1.2499998],"to":[3.9499998,10.700001,2.6],"rotation":{"angle":0.0,"axis":"x","origin":[8.0,-17.650002,10.700001]},"faces":{"down":{"uv":[10.625,4.125,10.5,4.25],"rotation":0,"texture":"#0","tintindex":0},"east":{"uv":[0.375,12.5,0.5,12.875],"rotation":0,"texture":"#0","tintindex":0},"north":{"uv":[0.25,12.5,0.375,12.875],"rotation":0,"texture":"#0","tintindex":0},"south":{"uv":[0.5,12.5,0.625,12.875],"rotation":0,"texture":"#0","tintindex":0},"up":{"uv":[10.5,8.875,10.375,8.75],"rotation":0,"texture":"#0","tintindex":0},"west":{"uv":[0.625,12.5,0.75,12.875],"rotation":0,"texture":"#0","tintindex":0}}},{"name":"cube","from":[2.6,12.05,3.9499998],"to":[3.9499998,13.400001,8.0],"rotation":{"angle":0.0,"axis":"x","origin":[8.0,-17.650002,10.700001]},"faces":{"down":{"uv":[1.0,12.5,0.875,12.875],"rotation":0,"texture":"#0","tintindex":0},"east":{"uv":[9.75,6.875,10.125,7.0],"rotation":0,"texture":"#0","tintindex":0},"north":{"uv":[10.5,4.25,10.625,4.375],"rotation":0,"texture":"#0","tintindex":0},"south":{"uv":[3.5,10.75,3.625,10.875],"rotation":0,"texture":"#0","tintindex":0},"up":{"uv":[0.875,12.875,0.75,12.5],"rotation":0,"texture":"#0","tintindex":0},"west":{"uv":[2.125,9.875,2.5,10.0],"rotation":0,"texture":"#0","tintindex":0}}},{"name":"cube","from":[3.9499998,13.400001,2.6],"to":[12.05,14.75,8.0],"rotation":{"angle":0.0,"axis":"x","origin":[8.0,-17.650002,10.700001]},"faces":{"down":{"uv":[11.375,4.125,10.625,4.625],"rotation":0,"texture":"#0","tintindex":0},"east":{"uv":[10.875,0.5,11.375,0.625],"rotation":0,"texture":"#0","tintindex":0},"north":{"uv":[11.25,12.125,12.0,12.25],"rotation":0,"texture":"#0","tintindex":0},"south":{"uv":[12.0,12.125,12.75,12.25],"rotation":0,"texture":"#0","tintindex":0},"up":{"uv":[11.375,1.75,10.625,1.25],"rotation":0,"texture":"#0","tintindex":0},"west":{"uv":[12.25,5.25,12.75,5.375],"rotation":0,"texture":"#0","tintindex":0}}},{"name":"cube","from":[5.3,13.400001,1.2499998],"to":[10.700001,14.75,2.6],"rotation":{"angle":0.0,"axis":"x","origin":[8.0,-17.650002,10.700001]},"faces":{"down":{"uv":[12.625,12.25,12.125,12.375],"rotation":0,"texture":"#0","tintindex":0},"east":{"uv":[5.375,10.75,5.5,10.875],"rotation":0,"texture":"#0","tintindex":0},"north":{"uv":[12.25,9.5,12.75,9.625],"rotation":0,"texture":"#0","tintindex":0},"south":{"uv":[12.25,9.625,12.75,9.75],"rotation":0,"texture":"#0","tintindex":0},"up":{"uv":[12.75,9.875,12.25,9.75],"rotation":0,"texture":"#0","tintindex":0},"west":{"uv":[8.125,10.75,8.25,10.875],"rotation":0,"texture":"#0","tintindex":0}}},{"name":"cube","from":[9.35,10.700001,-0.10000038],"to":[14.75,12.05,6.6499996],"rotation":{"angle":0.0,"axis":"x","origin":[8.0,-17.650002,10.700001]},"faces":{"down":{"uv":[5.375,10.75,4.875,11.375],"rotation":0,"texture":"#0","tintindex":0},"east":{"uv":[3.375,5.25,4.0,5.375],"rotation":0,"texture":"#0","tintindex":0},"north":{"uv":[5.75,2.75,6.25,2.875],"rotation":0,"texture":"#0","tintindex":0},"south":{"uv":[7.0,2.625,7.5,2.75],"rotation":0,"texture":"#0","tintindex":0},"up":{"uv":[3.0,10.75,2.5,10.125],"rotation":0,"texture":"#0","tintindex":0},"west":{"uv":[2.75,6.375,3.375,6.5],"rotation":0,"texture":"#0","tintindex":0}}},{"name":"cube","from":[1.2499998,10.700001,-0.10000038],"to":[6.6499996,12.05,6.6499996],"rotation":{"angle":0.0,"axis":"x","origin":[8.0,-17.650002,10.700001]},"faces":{"down":{"uv":[4.25,11.0,3.75,11.625],"rotation":0,"texture":"#0","tintindex":0},"east":{"uv":[12.25,2.375,12.875,2.5],"rotation":0,"texture":"#0","tintindex":0},"north":{"uv":[12.375,0.5,12.875,0.625],"rotation":0,"texture":"#0","tintindex":0},"south":{"uv":[12.375,0.625,12.875,0.75],"rotation":0,"texture":"#0","tintindex":0},"up":{"uv":[3.75,11.625,3.25,11.0],"rotation":0,"texture":"#0","tintindex":0},"west":{"uv":[12.25,2.5,12.875,2.625],"rotation":0,"texture":"#0","tintindex":0}}}],"display":{"head":{"translation":[0.0,-6.4,0.0],"rotation":[0.0,0.0,0.0],"scale":[3.8095,3.8095,3.8095]}}}