{"textures":{"0":"modelengine:entity/mso_lava_lord"},"elements":[{"name":"cube","from":[-0.40000033,14.240001,1.2800004],"to":[16.400002,27.679996,14.72],"rotation":{"angle":0.0,"axis":"x","origin":[8.0,20.96,8.0]},"faces":{"down":{"uv":[10.625,6.375,10.0,6.875],"rotation":0,"texture":"#0","tintindex":0},"east":{"uv":[10.0,6.875,10.5,7.375],"rotation":0,"texture":"#0","tintindex":0},"north":{"uv":[9.375,6.875,10.0,7.375],"rotation":0,"texture":"#0","tintindex":0},"south":{"uv":[9.375,6.875,10.0,7.375],"rotation":0,"texture":"#0","tintindex":0},"up":{"uv":[10.0,6.875,9.375,6.375],"rotation":0,"texture":"#0","tintindex":0},"west":{"uv":[10.0,6.875,10.5,7.375],"rotation":0,"texture":"#0","tintindex":0}}},{"name":"cube","from":[-2.0800023,-16.0,-2.08],"to":[18.08,14.240001,18.08],"rotation":{"angle":0.0,"axis":"x","origin":[8.0,7.5199976,8.0]},"faces":{"down":{"uv":[8.0,0.0,7.25,0.75],"rotation":0,"texture":"#0","tintindex":0},"east":{"uv":[5.75,0.75,6.5,1.875],"rotation":0,"texture":"#0","tintindex":0},"north":{"uv":[6.5,0.75,7.25,1.875],"rotation":0,"texture":"#0","tintindex":0},"south":{"uv":[8.0,0.75,8.75,1.875],"rotation":0,"texture":"#0","tintindex":0},"up":{"uv":[7.25,0.75,6.5,0.0],"rotation":0,"texture":"#0","tintindex":0},"west":{"uv":[7.25,0.75,8.0,1.875],"rotation":0,"texture":"#0","tintindex":0}}},{"name":"cube","from":[-3.7599998,-12.640003,-3.7600007],"to":[19.759998,10.879997,19.760002],"rotation":{"angle":0.0,"axis":"x","origin":[8.0,7.5199976,8.0]},"faces":{"down":{"uv":[5.5,3.875,4.625,4.75],"rotation":0,"texture":"#0","tintindex":0},"east":{"uv":[3.75,4.75,4.625,5.625],"rotation":0,"texture":"#0","tintindex":0},"north":{"uv":[3.75,4.75,4.625,5.625],"rotation":0,"texture":"#0","tintindex":0},"south":{"uv":[4.625,4.75,3.75,5.625],"rotation":0,"texture":"#0","tintindex":0},"up":{"uv":[4.625,4.75,3.75,3.875],"rotation":0,"texture":"#0","tintindex":0},"west":{"uv":[4.625,4.75,5.5,5.625],"rotation":0,"texture":"#0","tintindex":0}}},{"name":"cube","from":[-7.96,-6.7599983,-2.08],"to":[-4.6000004,3.3199978,18.08],"rotation":{"angle":22.5,"axis":"z","origin":[-7.96,-6.7599983,8.0]},"faces":{"down":{"uv":[10.25,9.25,10.125,10.0],"rotation":0,"texture":"#0","tintindex":0},"east":{"uv":[9.25,10.0,10.0,10.375],"rotation":0,"texture":"#0","tintindex":0},"north":{"uv":[10.0,10.0,10.125,10.375],"rotation":0,"texture":"#0","tintindex":0},"south":{"uv":[10.875,10.0,11.0,10.375],"rotation":0,"texture":"#0","tintindex":0},"up":{"uv":[10.125,10.0,10.0,9.25],"rotation":0,"texture":"#0","tintindex":0},"west":{"uv":[10.125,10.0,10.875,10.375],"rotation":0,"texture":"#0","tintindex":0}}},{"name":"cube","from":[-7.96,-3.4000015,-0.40000033],"to":[-4.6000004,10.040001,16.400002],"rotation":{"angle":22.5,"axis":"z","origin":[-7.96,-3.4000015,8.0]},"faces":{"down":{"uv":[6.125,9.875,6.0,10.5],"rotation":0,"texture":"#0","tintindex":0},"east":{"uv":[5.25,10.5,5.875,11.0],"rotation":0,"texture":"#0","tintindex":0},"north":{"uv":[5.875,10.5,6.0,11.0],"rotation":0,"texture":"#0","tintindex":0},"south":{"uv":[6.625,10.5,6.75,11.0],"rotation":0,"texture":"#0","tintindex":0},"up":{"uv":[6.0,10.5,5.875,9.875],"rotation":0,"texture":"#0","tintindex":0},"west":{"uv":[6.0,10.5,6.625,11.0],"rotation":0,"texture":"#0","tintindex":0}}},{"name":"cube","from":[-7.96,3.3199978,1.2800004],"to":[-4.6000004,16.759998,14.72],"rotation":{"angle":22.5,"axis":"z","origin":[-7.96,3.3199978,8.0]},"faces":{"down":{"uv":[0.75,2.375,0.625,2.875],"rotation":0,"texture":"#0","tintindex":0},"east":{"uv":[0.0,2.875,0.5,3.375],"rotation":0,"texture":"#0","tintindex":0},"north":{"uv":[0.5,2.875,0.625,3.375],"rotation":0,"texture":"#0","tintindex":0},"south":{"uv":[1.125,2.875,1.25,3.375],"rotation":0,"texture":"#0","tintindex":0},"up":{"uv":[0.625,2.875,0.5,2.375],"rotation":0,"texture":"#0","tintindex":0},"west":{"uv":[0.625,2.875,1.125,3.375],"rotation":0,"texture":"#0","tintindex":0}}},{"name":"cube","from":[-7.96,-16.0,1.2800004],"to":[-4.6000004,-2.5600004,14.72],"rotation":{"angle":22.5,"axis":"z","origin":[-7.96,-12.640003,8.0]},"faces":{"down":{"uv":[10.125,10.375,10.0,10.875],"rotation":0,"texture":"#0","tintindex":0},"east":{"uv":[9.375,10.875,9.875,11.375],"rotation":0,"texture":"#0","tintindex":0},"north":{"uv":[9.875,10.875,10.0,11.375],"rotation":0,"texture":"#0","tintindex":0},"south":{"uv":[10.5,10.875,10.625,11.375],"rotation":0,"texture":"#0","tintindex":0},"up":{"uv":[10.0,10.875,9.875,10.375],"rotation":0,"texture":"#0","tintindex":0},"west":{"uv":[10.0,10.875,10.5,11.375],"rotation":0,"texture":"#0","tintindex":0}}},{"name":"cube","from":[-4.6000004,3.3199978,14.72],"to":[-1.2400012,20.119999,21.439999],"rotation":{"angle":22.5,"axis":"z","origin":[-4.6000004,3.3199978,14.72]},"faces":{"down":{"uv":[3.25,7.375,3.125,7.625],"rotation":0,"texture":"#0","tintindex":0},"east":{"uv":[2.75,7.625,3.0,8.25],"rotation":0,"texture":"#0","tintindex":0},"north":{"uv":[3.0,7.625,3.125,8.25],"rotation":0,"texture":"#0","tintindex":0},"south":{"uv":[3.375,7.625,3.5,8.25],"rotation":0,"texture":"#0","tintindex":0},"up":{"uv":[3.125,7.625,3.0,7.375],"rotation":0,"texture":"#0","tintindex":0},"west":{"uv":[3.125,7.625,3.375,8.25],"rotation":0,"texture":"#0","tintindex":0}}},{"name":"cube","from":[-4.6000004,-3.4000015,13.04],"to":[-1.2400012,13.4,23.120003],"rotation":{"angle":22.5,"axis":"z","origin":[-4.6000004,-3.4000015,14.72]},"faces":{"down":{"uv":[0.625,0.0,0.5,0.375],"rotation":0,"texture":"#0","tintindex":0},"east":{"uv":[0.0,0.375,0.375,1.0],"rotation":0,"texture":"#0","tintindex":0},"north":{"uv":[0.375,0.375,0.5,1.0],"rotation":0,"texture":"#0","tintindex":0},"south":{"uv":[0.875,0.375,1.0,1.0],"rotation":0,"texture":"#0","tintindex":0},"up":{"uv":[0.5,0.375,0.375,0.0],"rotation":0,"texture":"#0","tintindex":0},"west":{"uv":[0.5,0.375,0.875,1.0],"rotation":0,"texture":"#0","tintindex":0}}},{"name":"cube","from":[-4.6000004,-12.640003,14.72],"to":[-1.2400012,-2.5600004,21.439999],"rotation":{"angle":22.5,"axis":"z","origin":[-4.6000004,-12.640003,14.72]},"faces":{"down":{"uv":[11.75,11.5,11.625,11.75],"rotation":0,"texture":"#0","tintindex":0},"east":{"uv":[11.25,11.75,11.5,12.125],"rotation":0,"texture":"#0","tintindex":0},"north":{"uv":[11.5,11.75,11.625,12.125],"rotation":0,"texture":"#0","tintindex":0},"south":{"uv":[10.875,11.75,10.75,12.125],"rotation":0,"texture":"#0","tintindex":0},"up":{"uv":[11.625,11.75,11.5,11.5],"rotation":0,"texture":"#0","tintindex":0},"west":{"uv":[11.125,11.75,10.875,12.125],"rotation":0,"texture":"#0","tintindex":0}}},{"name":"cube","from":[-4.6000004,-6.7599983,11.360001],"to":[-1.2400012,3.3199978,24.8],"rotation":{"angle":22.5,"axis":"z","origin":[-4.6000004,-6.7599983,14.72]},"faces":{"down":{"uv":[5.25,10.5,5.125,11.0],"rotation":0,"texture":"#0","tintindex":0},"east":{"uv":[4.5,11.0,5.0,11.375],"rotation":0,"texture":"#0","tintindex":0},"north":{"uv":[5.0,11.0,5.125,11.375],"rotation":0,"texture":"#0","tintindex":0},"south":{"uv":[5.625,11.0,5.75,11.375],"rotation":0,"texture":"#0","tintindex":0},"up":{"uv":[5.125,11.0,5.0,10.5],"rotation":0,"texture":"#0","tintindex":0},"west":{"uv":[5.125,11.0,5.625,11.375],"rotation":0,"texture":"#0","tintindex":0}}},{"name":"cube","from":[-4.6000004,3.3199978,-5.4400005],"to":[-1.2400012,13.4,1.2800004],"rotation":{"angle":22.5,"axis":"z","origin":[-4.6000004,3.3199978,-5.4400005]},"faces":{"down":{"uv":[1.5,9.875,1.375,10.125],"rotation":0,"texture":"#0","tintindex":0},"east":{"uv":[1.0,10.125,1.25,10.5],"rotation":0,"texture":"#0","tintindex":0},"north":{"uv":[1.25,10.125,1.375,10.5],"rotation":0,"texture":"#0","tintindex":0},"south":{"uv":[1.625,10.125,1.75,10.5],"rotation":0,"texture":"#0","tintindex":0},"up":{"uv":[1.375,10.125,1.25,9.875],"rotation":0,"texture":"#0","tintindex":0},"west":{"uv":[1.375,10.125,1.625,10.5],"rotation":0,"texture":"#0","tintindex":0}}},{"name":"cube","from":[-4.6000004,-3.4000015,-7.12],"to":[-1.2400012,6.6799965,2.96],"rotation":{"angle":22.5,"axis":"z","origin":[-4.6000004,-3.4000015,-5.4400005]},"faces":{"down":{"uv":[0.625,6.5,0.5,6.875],"rotation":0,"texture":"#0","tintindex":0},"east":{"uv":[0.0,6.875,0.375,7.25],"rotation":0,"texture":"#0","tintindex":0},"north":{"uv":[0.375,6.875,0.5,7.25],"rotation":0,"texture":"#0","tintindex":0},"south":{"uv":[0.875,6.875,1.0,7.25],"rotation":0,"texture":"#0","tintindex":0},"up":{"uv":[0.5,6.875,0.375,6.5],"rotation":0,"texture":"#0","tintindex":0},"west":{"uv":[0.5,6.875,0.875,7.25],"rotation":0,"texture":"#0","tintindex":0}}},{"name":"cube","from":[-4.6000004,-12.640003,-5.4400005],"to":[-1.2400012,-2.5600004,1.2800004],"rotation":{"angle":22.5,"axis":"z","origin":[-4.6000004,-12.640003,-5.4400005]},"faces":{"down":{"uv":[11.0,11.5,10.875,11.75],"rotation":0,"texture":"#0","tintindex":0},"east":{"uv":[10.5,11.75,10.75,12.125],"rotation":0,"texture":"#0","tintindex":0},"north":{"uv":[10.75,11.75,10.875,12.125],"rotation":0,"texture":"#0","tintindex":0},"south":{"uv":[11.125,11.75,11.25,12.125],"rotation":0,"texture":"#0","tintindex":0},"up":{"uv":[10.875,11.75,10.75,11.5],"rotation":0,"texture":"#0","tintindex":0},"west":{"uv":[10.875,11.75,11.125,12.125],"rotation":0,"texture":"#0","tintindex":0}}},{"name":"cube","from":[-4.6000004,-6.7599983,-8.799999],"to":[-1.2400012,-0.04000187,4.64],"rotation":{"angle":22.5,"axis":"z","origin":[-4.6000004,-6.7599983,-5.4400005]},"faces":{"down":{"uv":[11.375,10.75,11.25,11.25],"rotation":0,"texture":"#0","tintindex":0},"east":{"uv":[10.625,11.25,11.125,11.5],"rotation":0,"texture":"#0","tintindex":0},"north":{"uv":[11.125,11.25,11.25,11.5],"rotation":0,"texture":"#0","tintindex":0},"south":{"uv":[11.75,11.25,11.875,11.5],"rotation":0,"texture":"#0","tintindex":0},"up":{"uv":[11.25,11.25,11.125,10.75],"rotation":0,"texture":"#0","tintindex":0},"west":{"uv":[11.25,11.25,11.75,11.5],"rotation":0,"texture":"#0","tintindex":0}}}],"display":{"head":{"translation":[0.0,-54.783997,0.0],"rotation":[0.0,0.0,0.0],"scale":[3.8095,3.8095,3.8095]}}}