{"textures":{"0":"modelengine:entity/mso_lava_lord"},"elements":[{"name":"cube","from":[-12.4,4.3999996,-2.8000007],"to":[-10.0,11.6,18.8],"rotation":{"angle":0.0,"axis":"x","origin":[6.7999997,-5.1999984,8.0]},"faces":{"down":{"uv":[9.375,4.875,9.25,6.0],"rotation":0,"texture":"#0","tintindex":0},"east":{"uv":[8.0,6.0,9.125,6.375],"rotation":0,"texture":"#0","tintindex":0},"north":{"uv":[9.125,6.0,9.25,6.375],"rotation":0,"texture":"#0","tintindex":0},"south":{"uv":[10.375,6.0,10.5,6.375],"rotation":0,"texture":"#0","tintindex":0},"up":{"uv":[9.25,6.0,9.125,4.875],"rotation":0,"texture":"#0","tintindex":0},"west":{"uv":[9.25,6.0,10.375,6.375],"rotation":0,"texture":"#0","tintindex":0}}},{"name":"cube","from":[-10.0,2.0000029,-5.2],"to":[-2.8000007,9.200005,21.199999],"rotation":{"angle":0.0,"axis":"x","origin":[9.2,-7.5999975,8.0]},"faces":{"down":{"uv":[7.125,4.25,6.75,5.625],"rotation":0,"texture":"#0","tintindex":0},"east":{"uv":[5.0,5.625,6.375,6.0],"rotation":0,"texture":"#0","tintindex":0},"north":{"uv":[6.375,5.625,6.75,6.0],"rotation":0,"texture":"#0","tintindex":0},"south":{"uv":[8.125,5.625,8.5,6.0],"rotation":0,"texture":"#0","tintindex":0},"up":{"uv":[6.75,5.625,6.375,4.25],"rotation":0,"texture":"#0","tintindex":0},"west":{"uv":[6.75,5.625,8.125,6.0],"rotation":0,"texture":"#0","tintindex":0}}},{"name":"cube","from":[-8.800001,3.2000046,-2.8000007],"to":[24.800001,27.200005,18.8],"rotation":{"angle":0.0,"axis":"x","origin":[8.0,3.2000046,8.0]},"faces":{"down":{"uv":[4.625,0.0,2.875,1.125],"rotation":0,"texture":"#0","tintindex":0},"east":{"uv":[0.0,1.125,1.125,2.375],"rotation":0,"texture":"#0","tintindex":0},"north":{"uv":[1.125,1.125,2.875,2.375],"rotation":0,"texture":"#0","tintindex":0},"south":{"uv":[4.0,1.125,5.75,2.375],"rotation":0,"texture":"#0","tintindex":0},"up":{"uv":[2.875,1.125,1.125,0.0],"rotation":0,"texture":"#0","tintindex":0},"west":{"uv":[2.875,1.125,4.0,2.375],"rotation":0,"texture":"#0","tintindex":0}}},{"name":"cube","from":[1.9999998,22.4,-5.2],"to":[14.0,27.200005,-2.8000007],"rotation":{"angle":0.0,"axis":"x","origin":[0.79999995,29.599998,1.9999998]},"faces":{"down":{"uv":[12.125,8.125,11.5,8.25],"rotation":0,"texture":"#0","tintindex":0},"east":{"uv":[10.75,8.25,10.875,8.5],"rotation":0,"texture":"#0","tintindex":0},"north":{"uv":[10.875,8.25,11.5,8.5],"rotation":0,"texture":"#0","tintindex":0},"south":{"uv":[11.625,8.25,12.25,8.5],"rotation":0,"texture":"#0","tintindex":0},"up":{"uv":[11.5,8.25,10.875,8.125],"rotation":0,"texture":"#0","tintindex":0},"west":{"uv":[11.5,8.25,11.625,8.5],"rotation":0,"texture":"#0","tintindex":0}}},{"name":"cube","from":[4.4,20.000004,-5.2],"to":[11.599999,22.4,-2.8000007],"rotation":{"angle":0.0,"axis":"x","origin":[0.79999995,27.200005,1.9999998]},"faces":{"down":{"uv":[6.375,6.5,6.0,6.625],"rotation":0,"texture":"#0","tintindex":0},"east":{"uv":[5.5,6.625,5.625,6.75],"rotation":0,"texture":"#0","tintindex":0},"north":{"uv":[5.625,6.625,6.0,6.75],"rotation":0,"texture":"#0","tintindex":0},"south":{"uv":[6.125,6.625,6.5,6.75],"rotation":0,"texture":"#0","tintindex":0},"up":{"uv":[6.0,6.625,5.625,6.5],"rotation":0,"texture":"#0","tintindex":0},"west":{"uv":[6.0,6.625,6.125,6.75],"rotation":0,"texture":"#0","tintindex":0}}},{"name":"cube","from":[0.79999995,3.2000046,-5.2],"to":[15.2,17.6,-2.8000007],"rotation":{"angle":0.0,"axis":"x","origin":[8.0,10.4,-4.0]},"faces":{"down":{"uv":[3.375,10.125,2.625,10.25],"rotation":0,"texture":"#0","tintindex":0},"east":{"uv":[1.75,10.25,1.875,11.0],"rotation":0,"texture":"#0","tintindex":0},"north":{"uv":[1.875,10.25,2.625,11.0],"rotation":0,"texture":"#0","tintindex":0},"south":{"uv":[2.75,10.25,3.5,11.0],"rotation":0,"texture":"#0","tintindex":0},"up":{"uv":[2.625,10.25,1.875,10.125],"rotation":0,"texture":"#0","tintindex":0},"west":{"uv":[2.625,10.25,2.75,11.0],"rotation":0,"texture":"#0","tintindex":0}}},{"name":"cube","from":[3.1999998,27.200005,-4.0],"to":[12.8,29.599998,3.1999998],"rotation":{"angle":0.0,"axis":"x","origin":[0.79999995,32.0,3.1999998]},"faces":{"down":{"uv":[11.625,9.375,11.125,9.75],"rotation":0,"texture":"#0","tintindex":0},"east":{"uv":[10.25,9.75,10.625,9.875],"rotation":0,"texture":"#0","tintindex":0},"north":{"uv":[10.625,9.75,11.125,9.875],"rotation":0,"texture":"#0","tintindex":0},"south":{"uv":[11.5,9.75,12.0,9.875],"rotation":0,"texture":"#0","tintindex":0},"up":{"uv":[11.125,9.75,10.625,9.375],"rotation":0,"texture":"#0","tintindex":0},"west":{"uv":[11.125,9.75,11.5,9.875],"rotation":0,"texture":"#0","tintindex":0}}},{"name":"cube","from":[4.4,27.200005,3.1999998],"to":[11.599999,29.599998,10.4],"rotation":{"angle":0.0,"axis":"x","origin":[0.79999995,32.0,10.4]},"faces":{"down":{"uv":[4.125,9.25,3.75,9.625],"rotation":0,"texture":"#0","tintindex":0},"east":{"uv":[3.0,9.625,3.375,9.75],"rotation":0,"texture":"#0","tintindex":0},"north":{"uv":[3.375,9.625,3.75,9.75],"rotation":0,"texture":"#0","tintindex":0},"south":{"uv":[4.125,9.625,4.5,9.75],"rotation":0,"texture":"#0","tintindex":0},"up":{"uv":[3.75,9.625,3.375,9.25],"rotation":0,"texture":"#0","tintindex":0},"west":{"uv":[3.75,9.625,4.125,9.75],"rotation":0,"texture":"#0","tintindex":0}}},{"name":"cube","from":[-5.2,2.8399992,20.0],"to":[1.9999998,10.040001,22.4],"rotation":{"angle":45.0,"axis":"z","origin":[-2.8000007,5.2400017,21.199999]},"faces":{"down":{"uv":[5.875,11.375,5.5,11.5],"rotation":0,"texture":"#0","tintindex":0},"east":{"uv":[5.0,11.5,5.125,11.875],"rotation":0,"texture":"#0","tintindex":0},"north":{"uv":[5.125,11.5,5.5,11.875],"rotation":0,"texture":"#0","tintindex":0},"south":{"uv":[5.625,11.5,6.0,11.875],"rotation":0,"texture":"#0","tintindex":0},"up":{"uv":[5.5,11.5,5.125,11.375],"rotation":0,"texture":"#0","tintindex":0},"west":{"uv":[5.5,11.5,5.625,11.875],"rotation":0,"texture":"#0","tintindex":0}}},{"name":"cube","from":[18.8,2.0000029,-5.2],"to":[26.0,9.200005,21.199999],"rotation":{"angle":0.0,"axis":"x","origin":[6.7999997,-7.5999975,8.0]},"faces":{"down":{"uv":[6.75,4.25,7.125,5.625],"rotation":0,"texture":"#0","tintindex":0},"east":{"uv":[8.125,5.625,6.75,6.0],"rotation":0,"texture":"#0","tintindex":0},"north":{"uv":[6.75,5.625,6.375,6.0],"rotation":0,"texture":"#0","tintindex":0},"south":{"uv":[8.5,5.625,8.125,6.0],"rotation":0,"texture":"#0","tintindex":0},"up":{"uv":[6.375,5.625,6.75,4.25],"rotation":0,"texture":"#0","tintindex":0},"west":{"uv":[6.375,5.625,5.0,6.0],"rotation":0,"texture":"#0","tintindex":0}}},{"name":"cube","from":[26.0,4.3999996,-2.8000007],"to":[28.4,11.6,18.8],"rotation":{"angle":0.0,"axis":"x","origin":[9.2,-5.1999984,8.0]},"faces":{"down":{"uv":[9.25,4.875,9.375,6.0],"rotation":0,"texture":"#0","tintindex":0},"east":{"uv":[10.375,6.0,9.25,6.375],"rotation":0,"texture":"#0","tintindex":0},"north":{"uv":[9.25,6.0,9.125,6.375],"rotation":0,"texture":"#0","tintindex":0},"south":{"uv":[10.5,6.0,10.375,6.375],"rotation":0,"texture":"#0","tintindex":0},"up":{"uv":[9.125,6.0,9.25,4.875],"rotation":0,"texture":"#0","tintindex":0},"west":{"uv":[9.125,6.0,8.0,6.375],"rotation":0,"texture":"#0","tintindex":0}}},{"name":"cube","from":[14.0,2.8399992,20.0],"to":[21.199999,10.040001,22.4],"rotation":{"angle":-45.0,"axis":"z","origin":[18.8,5.2400017,21.199999]},"faces":{"down":{"uv":[5.5,11.375,5.875,11.5],"rotation":0,"texture":"#0","tintindex":0},"east":{"uv":[5.625,11.5,5.5,11.875],"rotation":0,"texture":"#0","tintindex":0},"north":{"uv":[5.5,11.5,5.125,11.875],"rotation":0,"texture":"#0","tintindex":0},"south":{"uv":[6.0,11.5,5.625,11.875],"rotation":0,"texture":"#0","tintindex":0},"up":{"uv":[5.125,11.5,5.5,11.375],"rotation":0,"texture":"#0","tintindex":0},"west":{"uv":[5.125,11.5,5.0,11.875],"rotation":0,"texture":"#0","tintindex":0}}},{"name":"cube","from":[5.6,27.200005,10.4],"to":[10.4,29.599998,15.2],"rotation":{"angle":0.0,"axis":"x","origin":[0.79999995,32.0,17.599998]},"faces":{"down":{"uv":[12.125,10.75,11.875,11.0],"rotation":0,"texture":"#0","tintindex":0},"east":{"uv":[11.375,11.0,11.625,11.125],"rotation":0,"texture":"#0","tintindex":0},"north":{"uv":[11.625,11.0,11.875,11.125],"rotation":0,"texture":"#0","tintindex":0},"south":{"uv":[12.125,11.0,12.375,11.125],"rotation":0,"texture":"#0","tintindex":0},"up":{"uv":[11.875,11.0,11.625,10.75],"rotation":0,"texture":"#0","tintindex":0},"west":{"uv":[11.875,11.0,12.125,11.125],"rotation":0,"texture":"#0","tintindex":0}}},{"name":"cube","from":[6.7999997,29.599998,-2.8000007],"to":[9.2,32.0,1.9999998],"rotation":{"angle":0.0,"axis":"x","origin":[0.79999995,34.4,1.9999998]},"faces":{"down":{"uv":[5.375,7.875,5.25,8.125],"rotation":0,"texture":"#0","tintindex":0},"east":{"uv":[9.25,2.75,9.5,2.875],"rotation":0,"texture":"#0","tintindex":0},"north":{"uv":[5.125,8.125,5.25,8.25],"rotation":0,"texture":"#0","tintindex":0},"south":{"uv":[5.5,8.125,5.625,8.25],"rotation":0,"texture":"#0","tintindex":0},"up":{"uv":[5.25,8.125,5.125,7.875],"rotation":0,"texture":"#0","tintindex":0},"west":{"uv":[9.25,2.75,9.5,2.875],"rotation":0,"texture":"#0","tintindex":0}}},{"name":"cube","from":[5.6,29.599998,1.9999998],"to":[10.4,32.0,9.2],"rotation":{"angle":0.0,"axis":"x","origin":[0.79999995,34.4,9.2]},"faces":{"down":{"uv":[8.875,0.0,8.625,0.375],"rotation":0,"texture":"#0","tintindex":0},"east":{"uv":[8.625,0.375,9.0,0.5],"rotation":0,"texture":"#0","tintindex":0},"north":{"uv":[8.375,0.375,8.625,0.5],"rotation":0,"texture":"#0","tintindex":0},"south":{"uv":[9.0,0.375,9.25,0.5],"rotation":0,"texture":"#0","tintindex":0},"up":{"uv":[8.625,0.375,8.375,0.0],"rotation":0,"texture":"#0","tintindex":0},"west":{"uv":[8.625,0.375,9.0,0.5],"rotation":0,"texture":"#0","tintindex":0}}},{"name":"cube","from":[6.7999997,29.599998,9.2],"to":[9.2,32.0,14.0],"rotation":{"angle":0.0,"axis":"x","origin":[0.79999995,34.4,16.4]},"faces":{"down":{"uv":[9.25,2.5,9.125,2.75],"rotation":0,"texture":"#0","tintindex":0},"east":{"uv":[9.125,2.75,9.375,2.875],"rotation":0,"texture":"#0","tintindex":0},"north":{"uv":[9.0,2.75,9.125,2.875],"rotation":0,"texture":"#0","tintindex":0},"south":{"uv":[9.375,2.75,9.5,2.875],"rotation":0,"texture":"#0","tintindex":0},"up":{"uv":[9.125,2.75,9.0,2.5],"rotation":0,"texture":"#0","tintindex":0},"west":{"uv":[9.125,2.75,9.375,2.875],"rotation":0,"texture":"#0","tintindex":0}}},{"name":"cube","from":[5.6,5.2400017,18.8],"to":[15.2,14.84,21.199999],"rotation":{"angle":45.0,"axis":"z","origin":[8.0,7.640005,20.0]},"faces":{"down":{"uv":[2.375,11.0,1.875,11.125],"rotation":0,"texture":"#0","tintindex":0},"east":{"uv":[1.25,11.125,1.375,11.625],"rotation":0,"texture":"#0","tintindex":0},"north":{"uv":[1.375,11.125,1.875,11.625],"rotation":0,"texture":"#0","tintindex":0},"south":{"uv":[2.0,11.125,2.5,11.625],"rotation":0,"texture":"#0","tintindex":0},"up":{"uv":[1.875,11.125,1.375,11.0],"rotation":0,"texture":"#0","tintindex":0},"west":{"uv":[1.875,11.125,2.0,11.625],"rotation":0,"texture":"#0","tintindex":0}}},{"name":"cube","from":[5.6,0.4400034,15.2],"to":[12.8,7.640005,20.0],"rotation":{"angle":45.0,"axis":"z","origin":[8.0,2.8399992,18.8]},"faces":{"down":{"uv":[12.0,0.875,11.625,1.125],"rotation":0,"texture":"#0","tintindex":0},"east":{"uv":[11.0,1.125,11.25,1.5],"rotation":0,"texture":"#0","tintindex":0},"north":{"uv":[11.25,1.125,11.625,1.5],"rotation":0,"texture":"#0","tintindex":0},"south":{"uv":[5.625,11.5,6.0,11.875],"rotation":0,"texture":"#0","tintindex":0},"up":{"uv":[11.625,1.125,11.25,0.875],"rotation":0,"texture":"#0","tintindex":0},"west":{"uv":[11.625,1.125,11.875,1.5],"rotation":0,"texture":"#0","tintindex":0}}}],"display":{"head":{"translation":[0.0,11.519983,0.0],"rotation":[0.0,0.0,0.0],"scale":[3.7333333,3.7333333,3.7333333]}}}