{"textures":{"0":"modelengine:entity/unknown"},"elements":[{"name":"bone11","from":[5.0428395,10.460001,6.977],"to":[6.60284,12.02,8.537001],"rotation":{"angle":0.0,"axis":"x","origin":[15.2,-2.8000002,9.2]},"faces":{"down":{"uv":[0.75,8.125,0.5,8.375],"rotation":0,"texture":"#0","tintindex":0},"east":{"uv":[0.0,8.375,0.25,8.625],"rotation":0,"texture":"#0","tintindex":0},"north":{"uv":[0.25,8.375,0.5,8.625],"rotation":0,"texture":"#0","tintindex":0},"south":{"uv":[0.75,8.375,1.0,8.625],"rotation":0,"texture":"#0","tintindex":0},"up":{"uv":[0.5,8.375,0.25,8.125],"rotation":0,"texture":"#0","tintindex":0},"west":{"uv":[0.5,8.375,0.75,8.625],"rotation":0,"texture":"#0","tintindex":0}}}],"display":{"head":{"translation":[0.0,-6.4,0.0],"rotation":[0.0,0.0,0.0],"scale":[3.8095,3.8095,3.8095]}}}