{"textures":{"0":"modelengine:entity/unknown"},"elements":[{"name":"bone7","from":[4.50284,9.860001,7.619],"to":[6.0628405,11.420001,9.179],"rotation":{"angle":0.0,"axis":"x","origin":[17.0,-3.4000006,6.8]},"faces":{"down":{"uv":[9.0,2.125,8.75,2.375],"rotation":0,"texture":"#0","tintindex":0},"east":{"uv":[8.25,2.375,8.5,2.625],"rotation":0,"texture":"#0","tintindex":0},"north":{"uv":[8.5,2.375,8.75,2.625],"rotation":0,"texture":"#0","tintindex":0},"south":{"uv":[9.0,2.375,9.25,2.625],"rotation":0,"texture":"#0","tintindex":0},"up":{"uv":[8.75,2.375,8.5,2.125],"rotation":0,"texture":"#0","tintindex":0},"west":{"uv":[8.75,2.375,9.0,2.625],"rotation":0,"texture":"#0","tintindex":0}}}],"display":{"head":{"translation":[0.0,-6.4,0.0],"rotation":[0.0,0.0,0.0],"scale":[3.8095,3.8095,3.8095]}}}