{"textures":{"0":"modelengine:entity/unknown"},"elements":[{"name":"bone10","from":[0.90283966,0.9200001,6.479],"to":[2.46284,2.4799993,8.039],"rotation":{"angle":0.0,"axis":"x","origin":[13.400001,-10.000001,8.0]},"faces":{"down":{"uv":[8.875,3.375,8.625,3.625],"rotation":0,"texture":"#0","tintindex":0},"east":{"uv":[8.125,3.625,8.375,3.875],"rotation":0,"texture":"#0","tintindex":0},"north":{"uv":[8.375,3.625,8.625,3.875],"rotation":0,"texture":"#0","tintindex":0},"south":{"uv":[8.875,3.625,9.125,3.875],"rotation":0,"texture":"#0","tintindex":0},"up":{"uv":[8.625,3.625,8.375,3.375],"rotation":0,"texture":"#0","tintindex":0},"west":{"uv":[8.625,3.625,8.875,3.875],"rotation":0,"texture":"#0","tintindex":0}}}],"display":{"head":{"translation":[0.0,-6.4,0.0],"rotation":[0.0,0.0,0.0],"scale":[3.8095,3.8095,3.8095]}}}