{"textures":{"0":"modelengine:entity/unknown"},"elements":[{"name":"bone24","from":[9.13484,0.9200001,7.8050003],"to":[10.6948395,2.4799993,9.365],"rotation":{"angle":0.0,"axis":"x","origin":[2.6,-10.000001,8.0]},"faces":{"down":{"uv":[0.75,0.0,0.5,0.25],"rotation":0,"texture":"#0","tintindex":0},"east":{"uv":[0.0,0.25,0.25,0.5],"rotation":0,"texture":"#0","tintindex":0},"north":{"uv":[0.25,0.25,0.5,0.5],"rotation":0,"texture":"#0","tintindex":0},"south":{"uv":[0.75,0.25,1.0,0.5],"rotation":0,"texture":"#0","tintindex":0},"up":{"uv":[0.5,0.25,0.25,0.0],"rotation":0,"texture":"#0","tintindex":0},"west":{"uv":[0.5,0.25,0.75,0.5],"rotation":0,"texture":"#0","tintindex":0}}}],"display":{"head":{"translation":[0.0,-6.4,0.0],"rotation":[0.0,0.0,0.0],"scale":[3.8095,3.8095,3.8095]}}}