{"textures":{"0":"modelengine:entity/unknown"},"elements":[{"name":"bone20","from":[13.50284,0.9200001,6.479],"to":[15.06284,2.4799993,8.039],"rotation":{"angle":0.0,"axis":"x","origin":[2.6,-10.000001,8.0]},"faces":{"down":{"uv":[5.75,5.25,5.5,5.5],"rotation":0,"texture":"#0","tintindex":0},"east":{"uv":[5.0,5.5,5.25,5.75],"rotation":0,"texture":"#0","tintindex":0},"north":{"uv":[5.25,5.5,5.5,5.75],"rotation":0,"texture":"#0","tintindex":0},"south":{"uv":[5.75,5.5,6.0,5.75],"rotation":0,"texture":"#0","tintindex":0},"up":{"uv":[5.5,5.5,5.25,5.25],"rotation":0,"texture":"#0","tintindex":0},"west":{"uv":[5.5,5.5,5.75,5.75],"rotation":0,"texture":"#0","tintindex":0}}}],"display":{"head":{"translation":[0.0,-6.4,0.0],"rotation":[0.0,0.0,0.0],"scale":[3.8095,3.8095,3.8095]}}}