{"textures":{"0":"modelengine:entity/unknown"},"elements":[{"name":"bone22","from":[11.16284,0.9200001,5.777],"to":[12.72284,2.4799993,7.337],"rotation":{"angle":0.0,"axis":"x","origin":[2.6,-10.000001,8.0]},"faces":{"down":{"uv":[3.625,1.25,3.375,1.5],"rotation":0,"texture":"#0","tintindex":0},"east":{"uv":[2.875,1.5,3.125,1.75],"rotation":0,"texture":"#0","tintindex":0},"north":{"uv":[3.125,1.5,3.375,1.75],"rotation":0,"texture":"#0","tintindex":0},"south":{"uv":[3.625,1.5,3.875,1.75],"rotation":0,"texture":"#0","tintindex":0},"up":{"uv":[3.375,1.5,3.125,1.25],"rotation":0,"texture":"#0","tintindex":0},"west":{"uv":[3.375,1.5,3.625,1.75],"rotation":0,"texture":"#0","tintindex":0}}}],"display":{"head":{"translation":[0.0,-6.4,0.0],"rotation":[0.0,0.0,0.0],"scale":[3.8095,3.8095,3.8095]}}}