{"textures":{"0":"modelengine:entity/unknown"},"elements":[{"name":"bone25","from":[6.04604,5.959999,5.969],"to":[9.946041,9.859999,9.8689995],"rotation":{"angle":0.0,"axis":"x","origin":[8.013201,-15.100001,8.27]},"faces":{"down":{"uv":[8.125,3.375,7.5,4.0],"rotation":0,"texture":"#0","tintindex":0},"east":{"uv":[6.25,4.0,6.875,4.625],"rotation":0,"texture":"#0","tintindex":0},"north":{"uv":[6.875,4.0,7.5,4.625],"rotation":0,"texture":"#0","tintindex":0},"south":{"uv":[8.125,4.0,8.75,4.625],"rotation":0,"texture":"#0","tintindex":0},"up":{"uv":[7.5,4.0,6.875,3.375],"rotation":0,"texture":"#0","tintindex":0},"west":{"uv":[7.5,4.0,8.125,4.625],"rotation":0,"texture":"#0","tintindex":0}}}],"display":{"head":{"translation":[0.0,-6.4,0.0],"rotation":[0.0,0.0,0.0],"scale":[3.8095,3.8095,3.8095]}}}