{"textures":{"0":"modelengine:entity/unknown"},"elements":[{"name":"bone23","from":[9.13484,10.460001,7.8050003],"to":[10.6948395,12.02,9.365],"rotation":{"angle":0.0,"axis":"x","origin":[2.6,-2.8000002,8.0]},"faces":{"down":{"uv":[0.75,0.5,0.5,0.75],"rotation":0,"texture":"#0","tintindex":0},"east":{"uv":[0.0,0.75,0.25,1.0],"rotation":0,"texture":"#0","tintindex":0},"north":{"uv":[0.25,0.75,0.5,1.0],"rotation":0,"texture":"#0","tintindex":0},"south":{"uv":[0.75,0.75,1.0,1.0],"rotation":0,"texture":"#0","tintindex":0},"up":{"uv":[0.5,0.75,0.25,0.5],"rotation":0,"texture":"#0","tintindex":0},"west":{"uv":[0.5,0.75,0.75,1.0],"rotation":0,"texture":"#0","tintindex":0}}}],"display":{"head":{"translation":[0.0,-6.4,0.0],"rotation":[0.0,0.0,0.0],"scale":[3.8095,3.8095,3.8095]}}}