{
	"credit": "Made with Blockbench",
	"textures": {
		"0": "modelengine:entity/unknown"
	},
	"elements": [
		{
			"name": "bone14",
			"from": [8, 7.461, 9.26881],
			"to": [8, 10.083, 14.05681],
			"rotation": {"angle": 0, "axis": "x", "origin": [10.85, 8.71128, 8.35072]},
			"faces": {
				"north": {"uv": [0, 0, 0, 0.625], "texture": "#0", "tintindex": 0},
				"east": {"uv": [10, 2.75, 11, 3.375], "texture": "#0", "tintindex": 0},
				"south": {"uv": [0, 0, 0, 0.625], "texture": "#0", "tintindex": 0},
				"west": {"uv": [10, 3.5, 11, 4.125], "texture": "#0", "tintindex": 0},
				"up": {"uv": [0, 1, 0, 0], "texture": "#0", "tintindex": 0},
				"down": {"uv": [0, 0, 0, 1], "texture": "#0", "tintindex": 0}
			}
		},
		{
			"name": "bone14",
			"from": [6.86, 7.05082, 3.89254],
			"to": [9.14, 10.12882, 6.85654],
			"rotation": {"angle": 0, "axis": "x", "origin": [10.85, 8.71128, 8.35072]},
			"faces": {
				"north": {"uv": [8.5, 11.25, 9, 11.875], "texture": "#0", "tintindex": 0},
				"east": {"uv": [11, 5, 11.625, 5.625], "texture": "#0", "tintindex": 0},
				"south": {"uv": [9, 11.25, 9.5, 11.875], "texture": "#0", "tintindex": 0},
				"west": {"uv": [6, 11, 6.625, 11.625], "texture": "#0", "tintindex": 0},
				"up": {"uv": [10, 11.875, 9.5, 11.25], "texture": "#0", "tintindex": 0},
				"down": {"uv": [10.5, 11.25, 10, 11.875], "texture": "#0", "tintindex": 0}
			}
		},
		{
			"name": "bone14",
			"from": [7.43, 7.689, 6.53281],
			"to": [8.57, 9.855, 9.49681],
			"rotation": {"angle": 0, "axis": "x", "origin": [10.85, 8.71128, 8.35072]},
			"faces": {
				"north": {"uv": [4.25, 5.25, 4.5, 5.75], "texture": "#0", "tintindex": 0},
				"east": {"uv": [3.5, 7, 4.125, 7.5], "texture": "#0", "tintindex": 0},
				"south": {"uv": [6.25, 3.5, 6.5, 4], "texture": "#0", "tintindex": 0},
				"west": {"uv": [11, 9.25, 11.625, 9.75], "texture": "#0", "tintindex": 0},
				"up": {"uv": [4.5, 13.125, 4.25, 12.5], "texture": "#0", "tintindex": 0},
				"down": {"uv": [4.75, 12.5, 4.5, 13.125], "texture": "#0", "tintindex": 0}
			}
		}
	],
	"display": {
		"head": {
			"translation": [0, -6.4, 0],
			"scale": [3.8095, 3.8095, 3.8095]
		}
	}
}