{
	"credit": "Made with Blockbench",
	"textures": {
		"0": "modelengine:entity/unknown"
	},
	"elements": [
		{
			"name": "bone20",
			"from": [3.6362, 5.9686, 6.575],
			"to": [6.7142, 12.0106, 9.425],
			"rotation": {"angle": 0, "axis": "z", "origin": [4.7113, 7.9809, 7.15719]},
			"faces": {
				"north": {"uv": [0, 9.25, 1.375, 9.875], "rotation": 90, "texture": "#0", "tintindex": 0},
				"east": {"uv": [10.875, 9, 9.5, 9.625], "rotation": 270, "texture": "#0", "tintindex": 0},
				"south": {"uv": [9.5, 4.5, 10.875, 5.125], "rotation": 270, "texture": "#0", "tintindex": 0},
				"west": {"uv": [10.875, 7.625, 9.5, 7], "rotation": 270, "texture": "#0", "tintindex": 0},
				"up": {"uv": [1, 10.75, 1.625, 11.375], "rotation": 270, "texture": "#0", "tintindex": 0},
				"down": {"uv": [11, 4.25, 11.625, 4.875], "rotation": 270, "texture": "#0", "tintindex": 0}
			}
		},
		{
			"name": "bone20",
			"from": [4.046, 1.247, 7.145],
			"to": [5.87, 7.517, 8.855],
			"rotation": {"angle": 0, "axis": "z", "origin": [0.02, 7.46, 8]},
			"faces": {
				"north": {"uv": [10.75, 2.25, 12.125, 2.625], "rotation": 90, "texture": "#0", "tintindex": 0},
				"east": {"uv": [12.375, 1, 11, 1.375], "rotation": 270, "texture": "#0", "tintindex": 0},
				"south": {"uv": [4.5, 10.75, 5.875, 11.125], "rotation": 270, "texture": "#0", "tintindex": 0},
				"west": {"uv": [12.125, 6.125, 10.75, 5.75], "rotation": 270, "texture": "#0", "tintindex": 0},
				"up": {"uv": [6.75, 12.5, 7.125, 12.875], "rotation": 270, "texture": "#0", "tintindex": 0},
				"down": {"uv": [12.5, 6.75, 12.875, 7.125], "rotation": 270, "texture": "#0", "tintindex": 0}
			}
		},
		{
			"name": "bone20",
			"from": [4.57345, -0.62861, 7.259],
			"to": [6.39745, 2.22139, 8.741],
			"rotation": {"angle": 0, "axis": "z", "origin": [1.77545, 8.79639, 8]},
			"faces": {
				"north": {"uv": [5.25, 12, 5.875, 12.375], "rotation": 90, "texture": "#0", "tintindex": 0},
				"east": {"uv": [10.625, 12, 10, 12.375], "rotation": 270, "texture": "#0", "tintindex": 0},
				"south": {"uv": [8.5, 12, 9.125, 12.375], "rotation": 270, "texture": "#0", "tintindex": 0},
				"west": {"uv": [9.875, 12.375, 9.25, 12], "rotation": 270, "texture": "#0", "tintindex": 0},
				"up": {"uv": [7.25, 12.5, 7.625, 12.875], "rotation": 270, "texture": "#0", "tintindex": 0},
				"down": {"uv": [12.5, 7.25, 12.875, 7.625], "rotation": 270, "texture": "#0", "tintindex": 0}
			}
		}
	],
	"display": {
		"head": {
			"translation": [0, -6.4, 0],
			"scale": [3.8095, 3.8095, 3.8095]
		}
	}
}