{
	"credit": "Made with Blockbench",
	"textures": {
		"0": "modelengine:entity/unknown"
	},
	"elements": [
		{
			"name": "bone10",
			"from": [8.39075, -3.66296, 6.917],
			"to": [11.01275, 1.35304, 9.083],
			"rotation": {"angle": 0, "axis": "z", "origin": [8.77293, 0.76258, 8]},
			"faces": {
				"north": {"uv": [2.5, 9.75, 3.625, 10.375], "rotation": 90, "texture": "#0", "tintindex": 0},
				"east": {"uv": [11.125, 6.5, 10, 7], "rotation": 270, "texture": "#0", "tintindex": 0},
				"south": {"uv": [3.75, 9.75, 4.875, 10.375], "rotation": 270, "texture": "#0", "tintindex": 0},
				"west": {"uv": [11.125, 2.25, 10, 1.75], "rotation": 270, "texture": "#0", "tintindex": 0},
				"up": {"uv": [3.5, 11.25, 4, 11.875], "rotation": 270, "texture": "#0", "tintindex": 0},
				"down": {"uv": [4, 11.25, 4.5, 11.875], "rotation": 270, "texture": "#0", "tintindex": 0}
			}
		},
		{
			"name": "bone10",
			"from": [8.96075, -5.60096, 7.259],
			"to": [10.55675, -3.66296, 8.627],
			"rotation": {"angle": 0, "axis": "z", "origin": [8.77293, 0.76258, 8]},
			"faces": {
				"north": {"uv": [12.5, 7.75, 12.875, 8.125], "rotation": 90, "texture": "#0", "tintindex": 0},
				"east": {"uv": [11.125, 6.25, 10.75, 6.5], "rotation": 270, "texture": "#0", "tintindex": 0},
				"south": {"uv": [12.5, 8.25, 12.875, 8.625], "rotation": 270, "texture": "#0", "tintindex": 0},
				"west": {"uv": [4.875, 10.75, 4.5, 10.5], "rotation": 270, "texture": "#0", "tintindex": 0},
				"up": {"uv": [12.5, 10.75, 12.75, 11.125], "rotation": 270, "texture": "#0", "tintindex": 0},
				"down": {"uv": [12.5, 11.25, 12.75, 11.625], "rotation": 270, "texture": "#0", "tintindex": 0}
			}
		},
		{
			"name": "bone10",
			"from": [9.30275, -6.74096, 7.601],
			"to": [10.21475, -5.60096, 8.285],
			"rotation": {"angle": 0, "axis": "z", "origin": [8.77293, 0.76258, 8]},
			"faces": {
				"north": {"uv": [9.75, 1, 10, 1.25], "rotation": 90, "texture": "#0", "tintindex": 0},
				"east": {"uv": [13.5, 9.75, 13.25, 9.875], "rotation": 270, "texture": "#0", "tintindex": 0},
				"south": {"uv": [11, 1.5, 11.25, 1.75], "rotation": 270, "texture": "#0", "tintindex": 0},
				"west": {"uv": [13.5, 9.625, 13.25, 9.5], "rotation": 270, "texture": "#0", "tintindex": 0},
				"up": {"uv": [13.25, 9.25, 13.375, 9.5], "rotation": 270, "texture": "#0", "tintindex": 0},
				"down": {"uv": [9.5, 13.25, 9.625, 13.5], "rotation": 270, "texture": "#0", "tintindex": 0}
			}
		}
	],
	"display": {
		"head": {
			"translation": [0, -6.4, 0],
			"scale": [3.8095, 3.8095, 3.8095]
		}
	}
}