{
	"credit": "Made with Blockbench",
	"textures": {
		"0": "modelengine:entity/unknown"
	},
	"elements": [
		{
			"name": "bone32",
			"from": [9.4605, 4.1433, 6.57501],
			"to": [12.5385, 10.1853, 9.42501],
			"rotation": {"angle": -22.5, "axis": "x", "origin": [9.24614, 6.9809, 7.78744]},
			"faces": {
				"north": {"uv": [1.375, 9.25, 0, 9.875], "rotation": 270, "texture": "#0", "tintindex": 0},
				"east": {"uv": [9.5, 7.625, 10.875, 7], "rotation": 90, "texture": "#0", "tintindex": 0},
				"south": {"uv": [10.875, 4.5, 9.5, 5.125], "rotation": 90, "texture": "#0", "tintindex": 0},
				"west": {"uv": [9.5, 9, 10.875, 9.625], "rotation": 90, "texture": "#0", "tintindex": 0},
				"up": {"uv": [1.625, 10.75, 1, 11.375], "rotation": 90, "texture": "#0", "tintindex": 0},
				"down": {"uv": [11.625, 4.25, 11, 4.875], "rotation": 90, "texture": "#0", "tintindex": 0}
			}
		},
		{
			"name": "bone32",
			"from": [10.13, 0.247, 7.145],
			"to": [11.954, 6.517, 8.855],
			"rotation": {"angle": 0, "axis": "z", "origin": [14.84, 7.46, 8]},
			"faces": {
				"north": {"uv": [12.125, 2.25, 10.75, 2.625], "rotation": 270, "texture": "#0", "tintindex": 0},
				"east": {"uv": [10.75, 6.125, 12.125, 5.75], "rotation": 90, "texture": "#0", "tintindex": 0},
				"south": {"uv": [5.875, 10.75, 4.5, 11.125], "rotation": 90, "texture": "#0", "tintindex": 0},
				"west": {"uv": [11, 1, 12.375, 1.375], "rotation": 90, "texture": "#0", "tintindex": 0},
				"up": {"uv": [7.125, 12.5, 6.75, 12.875], "rotation": 90, "texture": "#0", "tintindex": 0},
				"down": {"uv": [12.875, 6.75, 12.5, 7.125], "rotation": 90, "texture": "#0", "tintindex": 0}
			}
		},
		{
			"name": "bone32",
			"from": [10.6026, -2.6286, 7.259],
			"to": [12.4266, 0.2214, 8.741],
			"rotation": {"angle": 0, "axis": "z", "origin": [13.08454, 8.79639, 8]},
			"faces": {
				"north": {"uv": [5.875, 12, 5.25, 12.375], "rotation": 270, "texture": "#0", "tintindex": 0},
				"east": {"uv": [9.25, 12.375, 9.875, 12], "rotation": 90, "texture": "#0", "tintindex": 0},
				"south": {"uv": [9.125, 12, 8.5, 12.375], "rotation": 90, "texture": "#0", "tintindex": 0},
				"west": {"uv": [10, 12, 10.625, 12.375], "rotation": 90, "texture": "#0", "tintindex": 0},
				"up": {"uv": [7.625, 12.5, 7.25, 12.875], "rotation": 90, "texture": "#0", "tintindex": 0},
				"down": {"uv": [12.875, 7.25, 12.5, 7.625], "rotation": 90, "texture": "#0", "tintindex": 0}
			}
		}
	],
	"display": {
		"head": {
			"translation": [0, -6.4, 0],
			"scale": [3.8095, 3.8095, 3.8095]
		}
	}
}