{"textures":{"0":"modelengine:entity/unknown"},"elements":[{"name":"bone4","from":[3.5254998,0.19311142,4.414172],"to":[12.1895,7.8311114,11.938172],"rotation":{"angle":0.0,"axis":"x","origin":[8.0,7.459999,8.0]},"faces":{"down":{"uv":[1.875,6.25,0.0,7.875],"rotation":0,"texture":"#0","tintindex":0},"east":{"uv":[6.25,0.0,7.875,1.625],"rotation":0,"texture":"#0","tintindex":0},"north":{"uv":[4.5,4.0,6.375,5.625],"rotation":0,"texture":"#0","tintindex":0},"south":{"uv":[2.25,5.25,4.125,6.875],"rotation":0,"texture":"#0","tintindex":0},"up":{"uv":[6.125,7.375,4.25,5.75],"rotation":0,"texture":"#0","tintindex":0},"west":{"uv":[6.25,1.75,7.875,3.375],"rotation":0,"texture":"#0","tintindex":0}}}],"display":{"head":{"translation":[0.0,-6.4,0.0],"rotation":[0.0,0.0,0.0],"scale":[3.8095,3.8095,3.8095]}}}