{"textures":{"0":"modelengine:entity/unknown"},"elements":[{"name":"bone3","from":[3.8959997,16.124,11.762],"to":[14.156,24.217999,21.566002],"rotation":{"angle":0.0,"axis":"x","origin":[9.026,6.8599997,8.0]},"faces":{"down":{"uv":[2.25,2.25,0.0,4.375],"rotation":0,"texture":"#0","tintindex":0},"east":{"uv":[2.25,3.5,4.375,5.25],"rotation":0,"texture":"#0","tintindex":0},"north":{"uv":[2.25,0.0,4.5,1.75],"rotation":0,"texture":"#0","tintindex":0},"south":{"uv":[2.25,1.75,4.5,3.5],"rotation":0,"texture":"#0","tintindex":0},"up":{"uv":[2.25,2.125,0.0,0.0],"rotation":0,"texture":"#0","tintindex":0},"west":{"uv":[0.0,4.5,2.125,6.25],"rotation":0,"texture":"#0","tintindex":0}}},{"name":"bone3","from":[5.036,17.264,20.882],"to":[13.016001,23.078003,22.934002],"rotation":{"angle":0.0,"axis":"x","origin":[9.026,6.8599997,8.0]},"faces":{"down":{"uv":[10.75,2.25,9.0,2.75],"rotation":0,"texture":"#0","tintindex":0},"east":{"uv":[6.0,9.75,6.5,11.0],"rotation":0,"texture":"#0","tintindex":0},"north":{"uv":[0.0,8.0,1.75,9.25],"rotation":0,"texture":"#0","tintindex":0},"south":{"uv":[8.0,0.0,9.75,1.25],"rotation":0,"texture":"#0","tintindex":0},"up":{"uv":[10.0,7.0,8.25,6.5],"rotation":0,"texture":"#0","tintindex":0},"west":{"uv":[6.5,9.75,7.0,11.0],"rotation":0,"texture":"#0","tintindex":0}}}],"display":{"head":{"translation":[0.0,-6.4,0.0],"rotation":[0.0,0.0,0.0],"scale":[3.8095,3.8095,3.8095]}}}