{"textures":{"0":"modelengine:entity/rocky"},"elements":[{"name":"cube","from":[6.6499996,8.0,-2.8000002],"to":[10.700001,16.1,1.2499998],"rotation":{"angle":22.5,"axis":"z","origin":[8.0,8.0,8.0]},"faces":{"down":{"uv":[12.375,10.625,12.0,11.0],"rotation":0,"texture":"#0","tintindex":0},"east":{"uv":[7.25,10.875,7.625,11.625],"rotation":0,"texture":"#0","tintindex":0},"north":{"uv":[2.125,9.125,2.5,9.875],"rotation":0,"texture":"#0","tintindex":0},"south":{"uv":[10.625,11.25,11.0,12.0],"rotation":0,"texture":"#0","tintindex":0},"up":{"uv":[12.375,10.625,12.0,10.25],"rotation":0,"texture":"#0","tintindex":0},"west":{"uv":[11.375,0.5,11.75,1.25],"rotation":0,"texture":"#0","tintindex":0}}},{"name":"cube","from":[10.7027,5.302699,-4.1473],"to":[14.7473,13.3973,-0.102699995],"rotation":{"angle":22.5,"axis":"y","origin":[8.0,8.0,8.0]},"faces":{"down":{"uv":[12.5,0.0,12.125,0.375],"rotation":0,"texture":"#0","tintindex":0},"east":{"uv":[11.375,3.625,11.75,4.375],"rotation":0,"texture":"#0","tintindex":0},"north":{"uv":[11.375,2.875,11.75,3.625],"rotation":0,"texture":"#0","tintindex":0},"south":{"uv":[4.875,11.375,5.25,12.125],"rotation":0,"texture":"#0","tintindex":0},"up":{"uv":[0.375,12.5,0.0,12.125],"rotation":0,"texture":"#0","tintindex":0},"west":{"uv":[7.625,11.375,8.0,12.125],"rotation":0,"texture":"#0","tintindex":0}}}],"display":{"head":{"translation":[0.0,-6.4,0.0],"rotation":[0.0,0.0,0.0],"scale":[3.8095,3.8095,3.8095]}}}