{"textures":{"0":"modelengine:entity/rocky"},"elements":[{"name":"cube","from":[-2.8000002,10.700001,-8.200001],"to":[3.9499998,22.850002,-1.4500003],"rotation":{"angle":0.0,"axis":"x","origin":[8.0,8.0,8.0]},"faces":{"down":{"uv":[4.25,10.375,3.625,11.0],"rotation":0,"texture":"#0","tintindex":0},"east":{"uv":[7.75,7.625,8.375,8.75],"rotation":0,"texture":"#0","tintindex":0},"north":{"uv":[2.5,7.75,3.125,8.875],"rotation":0,"texture":"#0","tintindex":0},"south":{"uv":[7.875,6.0,8.5,7.125],"rotation":0,"texture":"#0","tintindex":0},"up":{"uv":[10.875,4.125,10.25,3.5],"rotation":0,"texture":"#0","tintindex":0},"west":{"uv":[8.0,0.75,8.625,1.875],"rotation":0,"texture":"#0","tintindex":0}}},{"name":"cube","from":[-1.4500003,21.5,-6.8500004],"to":[2.6,28.25,-2.8000002],"rotation":{"angle":0.0,"axis":"x","origin":[8.0,8.0,8.0]},"faces":{"down":{"uv":[6.125,10.375,5.5,11.0],"rotation":0,"texture":"#0","tintindex":0},"east":{"uv":[9.125,2.25,9.75,3.125],"rotation":0,"texture":"#0","tintindex":0},"north":{"uv":[1.5,9.125,2.125,10.0],"rotation":0,"texture":"#0","tintindex":0},"south":{"uv":[3.0,9.125,3.625,10.0],"rotation":0,"texture":"#0","tintindex":0},"up":{"uv":[4.875,11.0,4.25,10.375],"rotation":0,"texture":"#0","tintindex":0},"west":{"uv":[4.875,9.125,5.5,10.0],"rotation":0,"texture":"#0","tintindex":0}}}],"display":{"head":{"translation":[0.0,-6.4,0.0],"rotation":[0.0,0.0,0.0],"scale":[3.8095,3.8095,3.8095]}}}