{"textures":{"0":"modelengine:entity/rocky"},"elements":[{"name":"cube","from":[6.65405,2.60405,6.65405],"to":[10.69595,6.64595,9.34595],"rotation":{"angle":-22.5,"axis":"x","origin":[13.400001,2.6,5.3]},"faces":{"down":{"uv":[4.0,10.125,3.625,10.375],"rotation":0,"texture":"#0","tintindex":0},"east":{"uv":[1.875,12.25,2.125,12.625],"rotation":0,"texture":"#0","tintindex":0},"north":{"uv":[12.125,1.25,12.5,1.625],"rotation":0,"texture":"#0","tintindex":0},"south":{"uv":[12.125,1.75,12.5,2.125],"rotation":0,"texture":"#0","tintindex":0},"up":{"uv":[10.125,3.125,9.75,2.875],"rotation":0,"texture":"#0","tintindex":0},"west":{"uv":[2.125,12.25,2.375,12.625],"rotation":0,"texture":"#0","tintindex":0}}},{"name":"cube","from":[6.6526995,2.6026995,3.9526997],"to":[10.6973,3.9473,9.3473],"rotation":{"angle":0.0,"axis":"x","origin":[13.400001,2.6,5.3]},"faces":{"down":{"uv":[9.625,12.0,9.25,12.5],"rotation":0,"texture":"#0","tintindex":0},"east":{"uv":[12.375,9.125,12.875,9.25],"rotation":0,"texture":"#0","tintindex":0},"north":{"uv":[12.375,10.875,12.75,11.0],"rotation":0,"texture":"#0","tintindex":0},"south":{"uv":[3.625,12.5,4.0,12.625],"rotation":0,"texture":"#0","tintindex":0},"up":{"uv":[9.25,12.5,8.875,12.0],"rotation":0,"texture":"#0","tintindex":0},"west":{"uv":[12.375,10.75,12.875,10.875],"rotation":0,"texture":"#0","tintindex":0}}}],"display":{"head":{"translation":[0.0,-6.4,0.0],"rotation":[0.0,0.0,0.0],"scale":[3.8095,3.8095,3.8095]}}}