{
    "parent": "item/generated",
    "textures": {
        "layer0": "customitem/item (21)"
    }
}
"display": {
        "ground": {
            "rotation": [ 0, 0, 0 ],
            "translation": [ 0, 2, 0],
            "scale":[ 0.5, 0.5, 0.5 ]
        },
        "head": {
            "rotation": [ 0, 180, 0 ],
            "translation": [ 0, 13, 7],
            "scale":[ 1, 1, 1]
        },
        "thirdperson_righthand": {
            "rotation": [ 0, 270, 40 ],
            "translation": [ 0, 2, 1 ],
            "scale": [ 1, 1, 1 ]
        },
        "firstperson_righthand": {
            "rotation": [ 0, 90, 25 ],
            "translation": [ 1.13, 3.2, 1.13],
            "scale": [ 0.68, 0.68, 0.68 ]
        },
        "thirdperson_lefthand": {
            "rotation": [ 0, 90, 0 ],
            "translation": [ 0, 1.5, 1 ],
            "scale": [ 0.5, 0.5, 0.5 ]
        },
        "firstperson_lefthand": {
            "rotation": [ 0, -90, 90 ],
            "translation": [ 1.13, 1, 1.13],
            "scale": [ 0.55, 0.55, 0.55 ]
        }
    }
}