{
	"credit": "Made with Blockbench",
	"parent": "item/generated",
	"textures": {
		"layer0": "customitem/item (24)"
	},
	"display": {
		"thirdperson_righthand": {
			"rotation": [70, 0, 0],
			"translation": [-6.25, -8.75, 9.25],
			"scale": [2.93, 2.95, 2.95]
		},
		"firstperson_righthand": {
			"translation": [0, 5.25, 0]
		},
		"gui": {
			"scale": [1.84, 1.53, 1.71]
		},
		"head": {
			"translation": [0, -10.75, 10.75],
			"scale": [3.08, 2.93, 2.77]
		},
		"fixed": {
			"scale": [1.82, 1.57, 1.44]
		}
	}
}