{
	"credit": "Made with Blockbench",
	"textures": {
		"0": "items/1",
		"particle": "items/1"
	},
	"elements": [
		{
			"from": [6.55, -2.2, 7.8],
			"to": [8.45, 20.9, 7.9],
			"faces": {
				"north": {"uv": [6, 0, 7, 1], "texture": "#0"},
				"east": {"uv": [6, 0, 7, 1], "texture": "#0"},
				"south": {"uv": [6, 0, 7, 1], "texture": "#0"},
				"west": {"uv": [6, 0, 7, 1], "texture": "#0"},
				"up": {"uv": [6, 0, 7, 1], "texture": "#0"},
				"down": {"uv": [6, 0, 7, 1], "texture": "#0"}
			}
		},
		{
			"from": [6.8, -2.2, 7.7],
			"to": [8.2, 20.9, 8],
			"faces": {
				"north": {"uv": [4, 0, 5, 1], "texture": "#0"},
				"east": {"uv": [4, 0, 5, 1], "texture": "#0"},
				"south": {"uv": [4, 0, 5, 1], "texture": "#0"},
				"west": {"uv": [4, 0, 5, 1], "texture": "#0"},
				"up": {"uv": [4, 0, 5, 1], "texture": "#0"},
				"down": {"uv": [4, 0, 5, 1], "texture": "#0"}
			}
		},
		{
			"from": [10.39619, -3.42077, 7.7],
			"to": [11.79619, -1.62077, 8],
			"rotation": {"angle": -22.5, "axis": "z", "origin": [7.89619, 6.97923, 8]},
			"faces": {
				"north": {"uv": [4, 0, 5, 1], "texture": "#0"},
				"east": {"uv": [4, 0, 5, 1], "texture": "#0"},
				"south": {"uv": [4, 0, 5, 1], "texture": "#0"},
				"west": {"uv": [4, 0, 5, 1], "texture": "#0"},
				"up": {"uv": [4, 0, 5, 1], "texture": "#0"},
				"down": {"uv": [4, 0, 5, 1], "texture": "#0"}
			}
		},
		{
			"from": [3.69706, -5.88183, 7.7058],
			"to": [5.09706, -3.98183, 8.0058],
			"rotation": {"angle": 22.5, "axis": "z", "origin": [1.19706, 4.51817, 8.0058]},
			"faces": {
				"north": {"uv": [4, 0, 5, 1], "texture": "#0"},
				"east": {"uv": [4, 0, 5, 1], "texture": "#0"},
				"south": {"uv": [4, 0, 5, 1], "texture": "#0"},
				"west": {"uv": [4, 0, 5, 1], "texture": "#0"},
				"up": {"uv": [4, 0, 5, 1], "texture": "#0"},
				"down": {"uv": [4, 0, 5, 1], "texture": "#0"}
			}
		},
		{
			"from": [10.12387, -3.53557, 7.79948],
			"to": [11.52387, -1.03557, 7.89948],
			"rotation": {"angle": -22.5, "axis": "z", "origin": [7.92387, 6.86443, 7.99948]},
			"faces": {
				"north": {"uv": [6, 0, 7, 1], "texture": "#0"},
				"east": {"uv": [6, 0, 7, 1], "texture": "#0"},
				"south": {"uv": [6, 0, 7, 1], "texture": "#0"},
				"west": {"uv": [6, 0, 7, 1], "texture": "#0"},
				"up": {"uv": [6, 0, 7, 1], "texture": "#0"},
				"down": {"uv": [6, 0, 7, 1], "texture": "#0"}
			}
		},
		{
			"from": [3.92204, -5.76598, 7.80693],
			"to": [5.32204, -3.26598, 7.90693],
			"rotation": {"angle": 22.5, "axis": "z", "origin": [1.72204, 4.63402, 8.00693]},
			"faces": {
				"north": {"uv": [6, 0, 7, 1], "texture": "#0"},
				"east": {"uv": [6, 0, 7, 1], "texture": "#0"},
				"south": {"uv": [6, 0, 7, 1], "texture": "#0"},
				"west": {"uv": [6, 0, 7, 1], "texture": "#0"},
				"up": {"uv": [6, 0, 7, 1], "texture": "#0"},
				"down": {"uv": [6, 0, 7, 1], "texture": "#0"}
			}
		},
		{
			"from": [-0.72765, 19.25488, 7.69944],
			"to": [-0.42765, 20.75488, 7.99944],
			"rotation": {"angle": -22.5, "axis": "z", "origin": [7.17235, 1.15488, 15.09944]},
			"faces": {
				"north": {"uv": [4, 0, 5, 1], "texture": "#0"},
				"east": {"uv": [4, 0, 5, 1], "texture": "#0"},
				"south": {"uv": [4, 0, 5, 1], "texture": "#0"},
				"west": {"uv": [4, 0, 5, 1], "texture": "#0"},
				"up": {"uv": [4, 0, 5, 1], "texture": "#0"},
				"down": {"uv": [4, 0, 5, 1], "texture": "#0"}
			}
		},
		{
			"from": [13.42406, 23.33047, 7.7004],
			"to": [13.72406, 24.83047, 8.0004],
			"rotation": {"angle": 22.5, "axis": "z", "origin": [17.07406, 8.23047, 15.0004]},
			"faces": {
				"north": {"uv": [4, 0, 5, 1], "texture": "#0"},
				"east": {"uv": [4, 0, 5, 1], "texture": "#0"},
				"south": {"uv": [4, 0, 5, 1], "texture": "#0"},
				"west": {"uv": [4, 0, 5, 1], "texture": "#0"},
				"up": {"uv": [4, 0, 5, 1], "texture": "#0"},
				"down": {"uv": [4, 0, 5, 1], "texture": "#0"}
			}
		},
		{
			"from": [7.2427, 20.48548, 7.70021],
			"to": [7.7427, 21.88548, 8.00021],
			"faces": {
				"north": {"uv": [4, 0, 5, 1], "texture": "#0"},
				"east": {"uv": [4, 0, 5, 1], "texture": "#0"},
				"south": {"uv": [4, 0, 5, 1], "texture": "#0"},
				"west": {"uv": [4, 0, 5, 1], "texture": "#0"},
				"up": {"uv": [4, 0, 5, 1], "texture": "#0"},
				"down": {"uv": [4, 0, 5, 1], "texture": "#0"}
			}
		},
		{
			"from": [7.0427, 20.48548, 7.70021],
			"to": [7.9427, 21.28548, 8.00021],
			"faces": {
				"north": {"uv": [4, 0, 5, 1], "texture": "#0"},
				"east": {"uv": [4, 0, 5, 1], "texture": "#0"},
				"south": {"uv": [4, 0, 5, 1], "texture": "#0"},
				"west": {"uv": [4, 0, 5, 1], "texture": "#0"},
				"up": {"uv": [4, 0, 5, 1], "texture": "#0"},
				"down": {"uv": [4, 0, 5, 1], "texture": "#0"}
			}
		},
		{
			"from": [-0.97764, 19.25486, 7.79944],
			"to": [-0.67764, 21.35486, 7.89944],
			"rotation": {"angle": -22.5, "axis": "z", "origin": [6.92236, 1.15486, 14.99944]},
			"faces": {
				"north": {"uv": [6, 0, 7, 1], "texture": "#0"},
				"east": {"uv": [6, 0, 7, 1], "texture": "#0"},
				"south": {"uv": [6, 0, 7, 1], "texture": "#0"},
				"west": {"uv": [6, 0, 7, 1], "texture": "#0"},
				"up": {"uv": [6, 0, 7, 1], "texture": "#0"},
				"down": {"uv": [6, 0, 7, 1], "texture": "#0"}
			}
		},
		{
			"from": [14.75404, 28.93655, 7.79932],
			"to": [14.96404, 29.13655, 7.89932],
			"rotation": {"angle": 45, "axis": "z", "origin": [18.65404, 17.05586, 14.99932]},
			"faces": {
				"north": {"uv": [6, 0, 7, 1], "texture": "#0"},
				"east": {"uv": [6, 0, 7, 1], "texture": "#0"},
				"south": {"uv": [6, 0, 7, 1], "texture": "#0"},
				"west": {"uv": [6, 0, 7, 1], "texture": "#0"},
				"up": {"uv": [6, 0, 7, 1], "texture": "#0"},
				"down": {"uv": [6, 0, 7, 1], "texture": "#0"}
			}
		},
		{
			"from": [15.32581, 28.63056, 7.69961],
			"to": [15.50581, 28.81056, 7.99961],
			"rotation": {"angle": 45, "axis": "z", "origin": [19.22581, 15.94986, 14.99961]},
			"faces": {
				"north": {"uv": [4, 0, 5, 1], "texture": "#0"},
				"east": {"uv": [4, 0, 5, 1], "texture": "#0"},
				"south": {"uv": [4, 0, 5, 1], "texture": "#0"},
				"west": {"uv": [4, 0, 5, 1], "texture": "#0"},
				"up": {"uv": [4, 0, 5, 1], "texture": "#0"},
				"down": {"uv": [4, 0, 5, 1], "texture": "#0"}
			}
		},
		{
			"from": [13.69283, 23.23542, 7.80003],
			"to": [13.99283, 25.33542, 7.90003],
			"rotation": {"angle": 22.5, "axis": "z", "origin": [17.09283, 8.13542, 15.00003]},
			"faces": {
				"north": {"uv": [6, 0, 7, 1], "texture": "#0"},
				"east": {"uv": [6, 0, 7, 1], "texture": "#0"},
				"south": {"uv": [6, 0, 7, 1], "texture": "#0"},
				"west": {"uv": [6, 0, 7, 1], "texture": "#0"},
				"up": {"uv": [6, 0, 7, 1], "texture": "#0"},
				"down": {"uv": [6, 0, 7, 1], "texture": "#0"}
			}
		},
		{
			"name": "hexadecagon",
			"from": [7.3, -7.1, 7.50272],
			"to": [7.9, -3.1, 8.19728],
			"faces": {
				"north": {"uv": [4, 0, 5, 1], "rotation": 270, "texture": "#0"},
				"east": {"uv": [4, 0, 5, 1], "rotation": 270, "texture": "#0"},
				"south": {"uv": [4, 0, 5, 1], "rotation": 270, "texture": "#0"},
				"west": {"uv": [4, 0, 5, 1], "rotation": 270, "texture": "#0"},
				"up": {"uv": [4, 0, 5, 1], "rotation": 270, "texture": "#0"},
				"down": {"uv": [4, 0, 5, 1], "rotation": 270, "texture": "#0"}
			}
		},
		{
			"name": "hexadecagon",
			"from": [6.3, -3.8, 7.50272],
			"to": [7.2, -2.9, 8.19728],
			"rotation": {"angle": -45, "axis": "z", "origin": [7.4, -4.3, 7.8]},
			"faces": {
				"north": {"uv": [4, 0, 5, 1], "rotation": 270, "texture": "#0"},
				"east": {"uv": [4, 0, 5, 1], "rotation": 270, "texture": "#0"},
				"south": {"uv": [4, 0, 5, 1], "rotation": 270, "texture": "#0"},
				"west": {"uv": [4, 0, 5, 1], "rotation": 270, "texture": "#0"},
				"up": {"uv": [4, 0, 5, 1], "rotation": 270, "texture": "#0"},
				"down": {"uv": [4, 0, 5, 1], "rotation": 270, "texture": "#0"}
			}
		},
		{
			"name": "hexadecagon",
			"from": [7.1, -5.7, 7.60272],
			"to": [8.1, -3.4, 8.09728],
			"faces": {
				"north": {"uv": [6, 0, 7, 1], "rotation": 270, "texture": "#0"},
				"east": {"uv": [6, 0, 7, 1], "rotation": 270, "texture": "#0"},
				"south": {"uv": [6, 0, 7, 1], "rotation": 270, "texture": "#0"},
				"west": {"uv": [6, 0, 7, 1], "rotation": 270, "texture": "#0"},
				"up": {"uv": [6, 0, 7, 1], "rotation": 270, "texture": "#0"},
				"down": {"uv": [6, 0, 7, 1], "rotation": 270, "texture": "#0"}
			}
		},
		{
			"name": "hexadecagon",
			"from": [6.1, -4, 7.60272],
			"to": [7.4, -2.7, 8.09728],
			"rotation": {"angle": -45, "axis": "z", "origin": [7.4, -4.3, 7.8]},
			"faces": {
				"north": {"uv": [6, 0, 7, 1], "rotation": 270, "texture": "#0"},
				"east": {"uv": [6, 0, 7, 1], "rotation": 270, "texture": "#0"},
				"south": {"uv": [6, 0, 7, 1], "rotation": 270, "texture": "#0"},
				"west": {"uv": [6, 0, 7, 1], "rotation": 270, "texture": "#0"},
				"up": {"uv": [6, 0, 7, 1], "rotation": 270, "texture": "#0"},
				"down": {"uv": [6, 0, 7, 1], "rotation": 270, "texture": "#0"}
			}
		},
		{
			"name": "hexadecagon",
			"from": [7.00272, -4.2, 7.7],
			"to": [7.99728, -3.2, 8],
			"rotation": {"angle": -45, "axis": "z", "origin": [7.5, -5.7, 8.1]},
			"faces": {
				"north": {"uv": [4, 0, 5, 1], "texture": "#0"},
				"east": {"uv": [4, 0, 5, 1], "texture": "#0"},
				"south": {"uv": [4, 0, 5, 1], "texture": "#0"},
				"west": {"uv": [4, 0, 5, 1], "texture": "#0"},
				"up": {"uv": [4, 0, 5, 1], "texture": "#0"},
				"down": {"uv": [4, 0, 5, 1], "texture": "#0"}
			}
		},
		{
			"name": "hexadecagon",
			"from": [7.00272, -4.2, 7.7],
			"to": [7.99728, -3.2, 8],
			"rotation": {"angle": -22.5, "axis": "z", "origin": [7.5, -5.7, 8.1]},
			"faces": {
				"north": {"uv": [4, 0, 5, 1], "texture": "#0"},
				"east": {"uv": [4, 0, 5, 1], "texture": "#0"},
				"south": {"uv": [4, 0, 5, 1], "texture": "#0"},
				"west": {"uv": [4, 0, 5, 1], "texture": "#0"},
				"up": {"uv": [4, 0, 5, 1], "texture": "#0"},
				"down": {"uv": [4, 0, 5, 1], "texture": "#0"}
			}
		},
		{
			"name": "hexadecagon",
			"from": [7.00272, -4.2, 7.7],
			"to": [7.99728, -3.2, 8],
			"faces": {
				"north": {"uv": [4, 0, 5, 1], "texture": "#0"},
				"east": {"uv": [4, 0, 5, 1], "texture": "#0"},
				"south": {"uv": [4, 0, 5, 1], "texture": "#0"},
				"west": {"uv": [4, 0, 5, 1], "texture": "#0"},
				"up": {"uv": [4, 0, 5, 1], "texture": "#0"},
				"down": {"uv": [4, 0, 5, 1], "texture": "#0"}
			}
		},
		{
			"name": "hexadecagon",
			"from": [7.00272, -4.2, 7.7],
			"to": [7.99728, -3.2, 8],
			"rotation": {"angle": 22.5, "axis": "z", "origin": [7.5, -5.7, 8.1]},
			"faces": {
				"north": {"uv": [4, 0, 5, 1], "texture": "#0"},
				"east": {"uv": [4, 0, 5, 1], "texture": "#0"},
				"south": {"uv": [4, 0, 5, 1], "texture": "#0"},
				"west": {"uv": [4, 0, 5, 1], "texture": "#0"},
				"up": {"uv": [4, 0, 5, 1], "texture": "#0"},
				"down": {"uv": [4, 0, 5, 1], "texture": "#0"}
			}
		},
		{
			"name": "hexadecagon",
			"from": [7.00272, -4.2, 7.7],
			"to": [7.99728, -3.2, 8],
			"rotation": {"angle": 45, "axis": "z", "origin": [7.5, -5.7, 8.1]},
			"faces": {
				"north": {"uv": [4, 0, 5, 1], "texture": "#0"},
				"east": {"uv": [4, 0, 5, 1], "texture": "#0"},
				"south": {"uv": [4, 0, 5, 1], "texture": "#0"},
				"west": {"uv": [4, 0, 5, 1], "texture": "#0"},
				"up": {"uv": [4, 0, 5, 1], "texture": "#0"},
				"down": {"uv": [4, 0, 5, 1], "texture": "#0"}
			}
		},
		{
			"name": "hexadecagon",
			"from": [5, -6.19728, 7.7],
			"to": [6, -5.20272, 8],
			"rotation": {"angle": -22.5, "axis": "z", "origin": [7.5, -5.7, 8.1]},
			"faces": {
				"north": {"uv": [4, 0, 5, 1], "texture": "#0"},
				"east": {"uv": [4, 0, 5, 1], "texture": "#0"},
				"south": {"uv": [4, 0, 5, 1], "texture": "#0"},
				"west": {"uv": [4, 0, 5, 1], "texture": "#0"},
				"up": {"uv": [4, 0, 5, 1], "texture": "#0"},
				"down": {"uv": [4, 0, 5, 1], "texture": "#0"}
			}
		},
		{
			"name": "hexadecagon",
			"from": [5, -5.79728, 7.7],
			"to": [6, -5.20272, 8],
			"faces": {
				"north": {"uv": [4, 0, 5, 1], "texture": "#0"},
				"east": {"uv": [4, 0, 5, 1], "texture": "#0"},
				"south": {"uv": [4, 0, 5, 1], "texture": "#0"},
				"west": {"uv": [4, 0, 5, 1], "texture": "#0"},
				"up": {"uv": [4, 0, 5, 1], "texture": "#0"},
				"down": {"uv": [4, 0, 5, 1], "texture": "#0"}
			}
		},
		{
			"name": "hexadecagon",
			"from": [9.1, -5.69728, 7.7],
			"to": [10, -5.20272, 8],
			"rotation": {"angle": 22.5, "axis": "z", "origin": [7.5, -5.7, 8.1]},
			"faces": {
				"north": {"uv": [4, 0, 5, 1], "texture": "#0"},
				"east": {"uv": [4, 0, 5, 1], "texture": "#0"},
				"south": {"uv": [4, 0, 5, 1], "texture": "#0"},
				"west": {"uv": [4, 0, 5, 1], "texture": "#0"},
				"up": {"uv": [4, 0, 5, 1], "texture": "#0"},
				"down": {"uv": [4, 0, 5, 1], "texture": "#0"}
			}
		},
		{
			"name": "hexadecagon",
			"from": [6.98283, -4.3, 7.8],
			"to": [8.01717, -3, 7.9],
			"rotation": {"angle": -45, "axis": "z", "origin": [7.5, -5.6, 8]},
			"faces": {
				"north": {"uv": [6, 0, 7, 1], "texture": "#0"},
				"east": {"uv": [6, 0, 7, 1], "texture": "#0"},
				"south": {"uv": [6, 0, 7, 1], "texture": "#0"},
				"west": {"uv": [6, 0, 7, 1], "texture": "#0"},
				"up": {"uv": [6, 0, 7, 1], "texture": "#0"},
				"down": {"uv": [6, 0, 7, 1], "texture": "#0"}
			}
		},
		{
			"name": "hexadecagon",
			"from": [6.98283, -4.3, 7.8],
			"to": [8.01717, -3, 7.9],
			"rotation": {"angle": -22.5, "axis": "z", "origin": [7.5, -5.6, 8]},
			"faces": {
				"north": {"uv": [6, 0, 7, 1], "texture": "#0"},
				"east": {"uv": [6, 0, 7, 1], "texture": "#0"},
				"south": {"uv": [6, 0, 7, 1], "texture": "#0"},
				"west": {"uv": [6, 0, 7, 1], "texture": "#0"},
				"up": {"uv": [6, 0, 7, 1], "texture": "#0"},
				"down": {"uv": [6, 0, 7, 1], "texture": "#0"}
			}
		},
		{
			"name": "hexadecagon",
			"from": [6.98283, -4.3, 7.8],
			"to": [8.01717, -3, 7.9],
			"faces": {
				"north": {"uv": [6, 0, 7, 1], "texture": "#0"},
				"east": {"uv": [6, 0, 7, 1], "texture": "#0"},
				"south": {"uv": [6, 0, 7, 1], "texture": "#0"},
				"west": {"uv": [6, 0, 7, 1], "texture": "#0"},
				"up": {"uv": [6, 0, 7, 1], "texture": "#0"},
				"down": {"uv": [6, 0, 7, 1], "texture": "#0"}
			}
		},
		{
			"name": "hexadecagon",
			"from": [6.98283, -4.3, 7.8],
			"to": [8.01717, -3, 7.9],
			"rotation": {"angle": 22.5, "axis": "z", "origin": [7.5, -5.6, 8]},
			"faces": {
				"north": {"uv": [6, 0, 7, 1], "texture": "#0"},
				"east": {"uv": [6, 0, 7, 1], "texture": "#0"},
				"south": {"uv": [6, 0, 7, 1], "texture": "#0"},
				"west": {"uv": [6, 0, 7, 1], "texture": "#0"},
				"up": {"uv": [6, 0, 7, 1], "texture": "#0"},
				"down": {"uv": [6, 0, 7, 1], "texture": "#0"}
			}
		},
		{
			"name": "hexadecagon",
			"from": [6.98283, -4.3, 7.8],
			"to": [8.01717, -3, 7.9],
			"rotation": {"angle": 45, "axis": "z", "origin": [7.5, -5.6, 8]},
			"faces": {
				"north": {"uv": [6, 0, 7, 1], "texture": "#0"},
				"east": {"uv": [6, 0, 7, 1], "texture": "#0"},
				"south": {"uv": [6, 0, 7, 1], "texture": "#0"},
				"west": {"uv": [6, 0, 7, 1], "texture": "#0"},
				"up": {"uv": [6, 0, 7, 1], "texture": "#0"},
				"down": {"uv": [6, 0, 7, 1], "texture": "#0"}
			}
		},
		{
			"name": "hexadecagon",
			"from": [4.9, -6.11717, 7.8],
			"to": [6.1, -5.08283, 7.9],
			"rotation": {"angle": -22.5, "axis": "z", "origin": [7.5, -5.6, 8]},
			"faces": {
				"north": {"uv": [6, 0, 7, 1], "texture": "#0"},
				"east": {"uv": [6, 0, 7, 1], "texture": "#0"},
				"south": {"uv": [6, 0, 7, 1], "texture": "#0"},
				"west": {"uv": [6, 0, 7, 1], "texture": "#0"},
				"up": {"uv": [6, 0, 7, 1], "texture": "#0"},
				"down": {"uv": [6, 0, 7, 1], "texture": "#0"}
			}
		},
		{
			"name": "hexadecagon",
			"from": [4.9, -6.51717, 7.8],
			"to": [6.1, -5.08283, 7.9],
			"faces": {
				"north": {"uv": [6, 0, 7, 1], "texture": "#0"},
				"east": {"uv": [6, 0, 7, 1], "texture": "#0"},
				"south": {"uv": [6, 0, 7, 1], "texture": "#0"},
				"west": {"uv": [6, 0, 7, 1], "texture": "#0"},
				"up": {"uv": [6, 0, 7, 1], "texture": "#0"},
				"down": {"uv": [6, 0, 7, 1], "texture": "#0"}
			}
		},
		{
			"name": "hexadecagon",
			"from": [4.5, -5.11717, 7.8],
			"to": [5.8, -4.78283, 7.9],
			"rotation": {"angle": 22.5, "axis": "z", "origin": [7.5, -5.6, 8]},
			"faces": {
				"north": {"uv": [6, 0, 7, 1], "texture": "#0"},
				"east": {"uv": [6, 0, 7, 1], "texture": "#0"},
				"south": {"uv": [6, 0, 7, 1], "texture": "#0"},
				"west": {"uv": [6, 0, 7, 1], "texture": "#0"},
				"up": {"uv": [6, 0, 7, 1], "texture": "#0"},
				"down": {"uv": [6, 0, 7, 1], "texture": "#0"}
			}
		},
		{
			"name": "hexadecagon",
			"from": [4.8, -7.41717, 7.8],
			"to": [5.5, -7.08283, 7.9],
			"rotation": {"angle": -22.5, "axis": "z", "origin": [7.5, -5.6, 8]},
			"faces": {
				"north": {"uv": [6, 0, 7, 1], "rotation": 180, "texture": "#0"},
				"east": {"uv": [6, 0, 7, 1], "rotation": 180, "texture": "#0"},
				"south": {"uv": [6, 0, 7, 1], "rotation": 180, "texture": "#0"},
				"west": {"uv": [6, 0, 7, 1], "rotation": 180, "texture": "#0"},
				"up": {"uv": [6, 0, 7, 1], "rotation": 180, "texture": "#0"},
				"down": {"uv": [6, 0, 7, 1], "rotation": 180, "texture": "#0"}
			}
		},
		{
			"name": "hexadecagon",
			"from": [8.9, -5.81717, 7.8],
			"to": [10.1, -5.08283, 7.9],
			"rotation": {"angle": 22.5, "axis": "z", "origin": [7.5, -5.6, 8]},
			"faces": {
				"north": {"uv": [6, 0, 7, 1], "texture": "#0"},
				"east": {"uv": [6, 0, 7, 1], "texture": "#0"},
				"south": {"uv": [6, 0, 7, 1], "texture": "#0"},
				"west": {"uv": [6, 0, 7, 1], "texture": "#0"},
				"up": {"uv": [6, 0, 7, 1], "texture": "#0"},
				"down": {"uv": [6, 0, 7, 1], "texture": "#0"}
			}
		},
		{
			"name": "hexadecagon",
			"from": [9.1, -4.61717, 7.8],
			"to": [10.9, -4.38283, 7.9],
			"rotation": {"angle": 22.5, "axis": "z", "origin": [7.5, -5.6, 8]},
			"faces": {
				"north": {"uv": [6, 0, 7, 1], "texture": "#0"},
				"east": {"uv": [6, 0, 7, 1], "texture": "#0"},
				"south": {"uv": [6, 0, 7, 1], "texture": "#0"},
				"west": {"uv": [6, 0, 7, 1], "texture": "#0"},
				"up": {"uv": [6, 0, 7, 1], "texture": "#0"},
				"down": {"uv": [6, 0, 7, 1], "texture": "#0"}
			}
		},
		{
			"name": "hexadecagon",
			"from": [9.24862, -3.58024, 7.80225],
			"to": [9.64862, -1.84589, 7.90225],
			"rotation": {"angle": -22.5, "axis": "z", "origin": [7.14862, -4.66306, 8.00225]},
			"faces": {
				"north": {"uv": [6, 0, 7, 1], "texture": "#0"},
				"east": {"uv": [6, 0, 7, 1], "texture": "#0"},
				"south": {"uv": [6, 0, 7, 1], "texture": "#0"},
				"west": {"uv": [6, 0, 7, 1], "texture": "#0"},
				"up": {"uv": [6, 0, 7, 1], "texture": "#0"},
				"down": {"uv": [6, 0, 7, 1], "texture": "#0"}
			}
		},
		{
			"name": "hexadecagon",
			"from": [10.08283, -6.2, 7.8],
			"to": [10.51717, -5.4, 7.9],
			"rotation": {"angle": 45, "axis": "z", "origin": [7.5, -5.6, 8]},
			"faces": {
				"north": {"uv": [6, 0, 7, 1], "rotation": 90, "texture": "#0"},
				"east": {"uv": [6, 0, 7, 1], "rotation": 90, "texture": "#0"},
				"south": {"uv": [6, 0, 7, 1], "rotation": 90, "texture": "#0"},
				"west": {"uv": [6, 0, 7, 1], "rotation": 90, "texture": "#0"},
				"up": {"uv": [6, 0, 7, 1], "rotation": 90, "texture": "#0"},
				"down": {"uv": [6, 0, 7, 1], "rotation": 90, "texture": "#0"}
			}
		},
		{
			"name": "hexadecagon",
			"from": [9.1, -4.81717, 7.8],
			"to": [10.7, -4.58283, 7.9],
			"rotation": {"angle": 22.5, "axis": "z", "origin": [7.5, -5.6, 8]},
			"faces": {
				"north": {"uv": [6, 0, 7, 1], "texture": "#0"},
				"east": {"uv": [6, 0, 7, 1], "texture": "#0"},
				"south": {"uv": [6, 0, 7, 1], "texture": "#0"},
				"west": {"uv": [6, 0, 7, 1], "texture": "#0"},
				"up": {"uv": [6, 0, 7, 1], "texture": "#0"},
				"down": {"uv": [6, 0, 7, 1], "texture": "#0"}
			}
		},
		{
			"name": "hexadecagon",
			"from": [9.1, -4.41717, 7.8],
			"to": [11, -4.08283, 7.9],
			"rotation": {"angle": 22.5, "axis": "z", "origin": [7.5, -5.6, 8]},
			"faces": {
				"north": {"uv": [6, 0, 7, 1], "texture": "#0"},
				"east": {"uv": [6, 0, 7, 1], "texture": "#0"},
				"south": {"uv": [6, 0, 7, 1], "texture": "#0"},
				"west": {"uv": [6, 0, 7, 1], "texture": "#0"},
				"up": {"uv": [6, 0, 7, 1], "texture": "#0"},
				"down": {"uv": [6, 0, 7, 1], "texture": "#0"}
			}
		},
		{
			"name": "hexadecagon",
			"from": [9.4, -4.71717, 7.7],
			"to": [10.6, -4.48283, 8],
			"rotation": {"angle": 22.5, "axis": "z", "origin": [7.5, -5.6, 8]},
			"faces": {
				"north": {"uv": [4, 0, 5, 1], "texture": "#0"},
				"east": {"uv": [4, 0, 5, 1], "texture": "#0"},
				"south": {"uv": [4, 0, 5, 1], "texture": "#0"},
				"west": {"uv": [4, 0, 5, 1], "texture": "#0"},
				"up": {"uv": [4, 0, 5, 1], "texture": "#0"},
				"down": {"uv": [4, 0, 5, 1], "texture": "#0"}
			}
		},
		{
			"name": "hexadecagon",
			"from": [9.24862, -3.58024, 7.70225],
			"to": [9.44862, -2.14589, 8.00225],
			"rotation": {"angle": -22.5, "axis": "z", "origin": [7.14862, -4.66306, 8.00225]},
			"faces": {
				"north": {"uv": [4, 0, 5, 1], "texture": "#0"},
				"east": {"uv": [4, 0, 5, 1], "texture": "#0"},
				"south": {"uv": [4, 0, 5, 1], "texture": "#0"},
				"west": {"uv": [4, 0, 5, 1], "texture": "#0"},
				"up": {"uv": [4, 0, 5, 1], "texture": "#0"},
				"down": {"uv": [4, 0, 5, 1], "texture": "#0"}
			}
		},
		{
			"name": "hexadecagon",
			"from": [9.65, -5.11717, 7.7],
			"to": [10.25, -4.88283, 8],
			"rotation": {"angle": 22.5, "axis": "z", "origin": [7.5, -5.6, 8]},
			"faces": {
				"north": {"uv": [4, 0, 5, 1], "texture": "#0"},
				"east": {"uv": [4, 0, 5, 1], "texture": "#0"},
				"south": {"uv": [4, 0, 5, 1], "texture": "#0"},
				"west": {"uv": [4, 0, 5, 1], "texture": "#0"},
				"up": {"uv": [4, 0, 5, 1], "texture": "#0"},
				"down": {"uv": [4, 0, 5, 1], "texture": "#0"}
			}
		},
		{
			"name": "hexadecagon",
			"from": [9.65, -5.31717, 7.7],
			"to": [10.05, -5.08283, 8],
			"rotation": {"angle": 22.5, "axis": "z", "origin": [7.5, -5.6, 8]},
			"faces": {
				"north": {"uv": [4, 0, 5, 1], "texture": "#0"},
				"east": {"uv": [4, 0, 5, 1], "texture": "#0"},
				"south": {"uv": [4, 0, 5, 1], "texture": "#0"},
				"west": {"uv": [4, 0, 5, 1], "texture": "#0"},
				"up": {"uv": [4, 0, 5, 1], "texture": "#0"},
				"down": {"uv": [4, 0, 5, 1], "texture": "#0"}
			}
		},
		{
			"name": "hexadecagon",
			"from": [9.5, -4.51717, 7.7],
			"to": [10.8, -4.28283, 8],
			"rotation": {"angle": 22.5, "axis": "z", "origin": [7.5, -5.6, 8]},
			"faces": {
				"north": {"uv": [4, 0, 5, 1], "texture": "#0"},
				"east": {"uv": [4, 0, 5, 1], "texture": "#0"},
				"south": {"uv": [4, 0, 5, 1], "texture": "#0"},
				"west": {"uv": [4, 0, 5, 1], "texture": "#0"},
				"up": {"uv": [4, 0, 5, 1], "texture": "#0"},
				"down": {"uv": [4, 0, 5, 1], "texture": "#0"}
			}
		},
		{
			"name": "hexadecagon",
			"from": [9.4, -4.91717, 7.7],
			"to": [10.4, -4.68283, 8],
			"rotation": {"angle": 22.5, "axis": "z", "origin": [7.5, -5.6, 8]},
			"faces": {
				"north": {"uv": [4, 0, 5, 1], "texture": "#0"},
				"east": {"uv": [4, 0, 5, 1], "texture": "#0"},
				"south": {"uv": [4, 0, 5, 1], "texture": "#0"},
				"west": {"uv": [4, 0, 5, 1], "texture": "#0"},
				"up": {"uv": [4, 0, 5, 1], "texture": "#0"},
				"down": {"uv": [4, 0, 5, 1], "texture": "#0"}
			}
		},
		{
			"name": "hexadecagon",
			"from": [6.18283, -4.3, 7.8],
			"to": [6.41717, -2.5, 7.9],
			"rotation": {"angle": 22.5, "axis": "z", "origin": [7.4, -5.9, 8]},
			"faces": {
				"north": {"uv": [0, 0, 1, 1], "rotation": 270, "texture": "#0"},
				"east": {"uv": [0, 0, 1, 1], "rotation": 270, "texture": "#0"},
				"south": {"uv": [0, 0, 1, 1], "rotation": 270, "texture": "#0"},
				"west": {"uv": [0, 0, 1, 1], "rotation": 270, "texture": "#0"},
				"up": {"uv": [0, 0, 1, 1], "rotation": 270, "texture": "#0"},
				"down": {"uv": [0, 0, 1, 1], "rotation": 270, "texture": "#0"}
			}
		},
		{
			"name": "hexadecagon",
			"from": [4.04589, -4.45138, 7.80225],
			"to": [5.58024, -4.05138, 7.90225],
			"rotation": {"angle": -22.5, "axis": "z", "origin": [7.4, -5.9, 8]},
			"faces": {
				"north": {"uv": [6, 0, 7, 1], "rotation": 270, "texture": "#0"},
				"east": {"uv": [6, 0, 7, 1], "rotation": 270, "texture": "#0"},
				"south": {"uv": [6, 0, 7, 1], "rotation": 270, "texture": "#0"},
				"west": {"uv": [6, 0, 7, 1], "rotation": 270, "texture": "#0"},
				"up": {"uv": [6, 0, 7, 1], "rotation": 270, "texture": "#0"},
				"down": {"uv": [6, 0, 7, 1], "rotation": 270, "texture": "#0"}
			}
		},
		{
			"name": "hexadecagon",
			"from": [7.2, -3.31717, 7.8],
			"to": [8, -2.88283, 7.9],
			"rotation": {"angle": 45, "axis": "z", "origin": [7.4, -5.9, 8]},
			"faces": {
				"north": {"uv": [0, 0, 1, 1], "texture": "#0"},
				"east": {"uv": [0, 0, 1, 1], "texture": "#0"},
				"south": {"uv": [0, 0, 1, 1], "texture": "#0"},
				"west": {"uv": [0, 0, 1, 1], "texture": "#0"},
				"up": {"uv": [0, 0, 1, 1], "texture": "#0"},
				"down": {"uv": [0, 0, 1, 1], "texture": "#0"}
			}
		},
		{
			"name": "hexadecagon",
			"from": [6.38283, -4.3, 7.8],
			"to": [6.61717, -2.7, 7.9],
			"rotation": {"angle": 22.5, "axis": "z", "origin": [7.4, -5.9, 8]},
			"faces": {
				"north": {"uv": [0, 0, 1, 1], "rotation": 270, "texture": "#0"},
				"east": {"uv": [0, 0, 1, 1], "rotation": 270, "texture": "#0"},
				"south": {"uv": [0, 0, 1, 1], "rotation": 270, "texture": "#0"},
				"west": {"uv": [0, 0, 1, 1], "rotation": 270, "texture": "#0"},
				"up": {"uv": [0, 0, 1, 1], "rotation": 270, "texture": "#0"},
				"down": {"uv": [0, 0, 1, 1], "rotation": 270, "texture": "#0"}
			}
		},
		{
			"name": "hexadecagon",
			"from": [5.88283, -4.3, 7.8],
			"to": [6.31717, -2.2, 7.9],
			"rotation": {"angle": 22.5, "axis": "z", "origin": [7.4, -5.9, 8]},
			"faces": {
				"north": {"uv": [6, 0, 7, 1], "rotation": 270, "texture": "#0"},
				"east": {"uv": [6, 0, 7, 1], "rotation": 270, "texture": "#0"},
				"south": {"uv": [6, 0, 7, 1], "rotation": 270, "texture": "#0"},
				"west": {"uv": [6, 0, 7, 1], "rotation": 270, "texture": "#0"},
				"up": {"uv": [6, 0, 7, 1], "rotation": 270, "texture": "#0"},
				"down": {"uv": [6, 0, 7, 1], "rotation": 270, "texture": "#0"}
			}
		},
		{
			"name": "hexadecagon",
			"from": [6.18283, -3.9, 7.7],
			"to": [6.41717, -2.7, 8],
			"rotation": {"angle": 22.5, "axis": "z", "origin": [7.3, -5.8, 8]},
			"faces": {
				"north": {"uv": [4, 0, 5, 1], "rotation": 270, "texture": "#0"},
				"east": {"uv": [4, 0, 5, 1], "rotation": 270, "texture": "#0"},
				"south": {"uv": [4, 0, 5, 1], "rotation": 270, "texture": "#0"},
				"west": {"uv": [4, 0, 5, 1], "rotation": 270, "texture": "#0"},
				"up": {"uv": [4, 0, 5, 1], "rotation": 270, "texture": "#0"},
				"down": {"uv": [4, 0, 5, 1], "rotation": 270, "texture": "#0"}
			}
		},
		{
			"name": "hexadecagon",
			"from": [4.24589, -4.45138, 7.70225],
			"to": [5.68024, -4.25138, 8.00225],
			"rotation": {"angle": -22.5, "axis": "z", "origin": [7.3, -5.8, 8]},
			"faces": {
				"north": {"uv": [4, 0, 5, 1], "rotation": 270, "texture": "#0"},
				"east": {"uv": [4, 0, 5, 1], "rotation": 270, "texture": "#0"},
				"south": {"uv": [4, 0, 5, 1], "rotation": 270, "texture": "#0"},
				"west": {"uv": [4, 0, 5, 1], "rotation": 270, "texture": "#0"},
				"up": {"uv": [4, 0, 5, 1], "rotation": 270, "texture": "#0"},
				"down": {"uv": [4, 0, 5, 1], "rotation": 270, "texture": "#0"}
			}
		},
		{
			"name": "hexadecagon",
			"from": [6.58283, -3.7, 7.7],
			"to": [6.81717, -3.1, 8],
			"rotation": {"angle": 22.5, "axis": "z", "origin": [7.3, -5.8, 8]},
			"faces": {
				"north": {"uv": [4, 0, 5, 1], "rotation": 270, "texture": "#0"},
				"east": {"uv": [4, 0, 5, 1], "rotation": 270, "texture": "#0"},
				"south": {"uv": [4, 0, 5, 1], "rotation": 270, "texture": "#0"},
				"west": {"uv": [4, 0, 5, 1], "rotation": 270, "texture": "#0"},
				"up": {"uv": [4, 0, 5, 1], "rotation": 270, "texture": "#0"},
				"down": {"uv": [4, 0, 5, 1], "rotation": 270, "texture": "#0"}
			}
		},
		{
			"name": "hexadecagon",
			"from": [5.98283, -3.8, 7.7],
			"to": [6.21717, -2.5, 8],
			"rotation": {"angle": 22.5, "axis": "z", "origin": [7.3, -5.8, 8]},
			"faces": {
				"north": {"uv": [4, 0, 5, 1], "rotation": 270, "texture": "#0"},
				"east": {"uv": [4, 0, 5, 1], "rotation": 270, "texture": "#0"},
				"south": {"uv": [4, 0, 5, 1], "rotation": 270, "texture": "#0"},
				"west": {"uv": [4, 0, 5, 1], "rotation": 270, "texture": "#0"},
				"up": {"uv": [4, 0, 5, 1], "rotation": 270, "texture": "#0"},
				"down": {"uv": [4, 0, 5, 1], "rotation": 270, "texture": "#0"}
			}
		},
		{
			"name": "hexadecagon",
			"from": [6.38283, -3.9, 7.7],
			"to": [6.61717, -2.9, 8],
			"rotation": {"angle": 22.5, "axis": "z", "origin": [7.3, -5.8, 8]},
			"faces": {
				"north": {"uv": [4, 0, 5, 1], "rotation": 270, "texture": "#0"},
				"east": {"uv": [4, 0, 5, 1], "rotation": 270, "texture": "#0"},
				"south": {"uv": [4, 0, 5, 1], "rotation": 270, "texture": "#0"},
				"west": {"uv": [4, 0, 5, 1], "rotation": 270, "texture": "#0"},
				"up": {"uv": [4, 0, 5, 1], "rotation": 270, "texture": "#0"},
				"down": {"uv": [4, 0, 5, 1], "rotation": 270, "texture": "#0"}
			}
		},
		{
			"name": "hexadecagon",
			"from": [7.52044, -12.6, 7.45],
			"to": [7.67956, -6.9, 8.25],
			"rotation": {"angle": -45, "axis": "y", "origin": [7.6, -6.6, 7.85]},
			"faces": {
				"north": {"uv": [4, 0, 5, 1], "texture": "#0"},
				"east": {"uv": [4, 0, 5, 1], "texture": "#0"},
				"south": {"uv": [4, 0, 5, 1], "texture": "#0"},
				"west": {"uv": [4, 0, 5, 1], "texture": "#0"},
				"up": {"uv": [4, 0, 5, 1], "texture": "#0"},
				"down": {"uv": [4, 0, 5, 1], "texture": "#0"}
			}
		},
		{
			"name": "hexadecagon",
			"from": [7.52044, -12.6, 7.45],
			"to": [7.67956, -6.9, 8.25],
			"rotation": {"angle": -22.5, "axis": "y", "origin": [7.6, -6.6, 7.85]},
			"faces": {
				"north": {"uv": [4, 0, 5, 1], "texture": "#0"},
				"east": {"uv": [4, 0, 5, 1], "texture": "#0"},
				"south": {"uv": [4, 0, 5, 1], "texture": "#0"},
				"west": {"uv": [4, 0, 5, 1], "texture": "#0"},
				"up": {"uv": [4, 0, 5, 1], "texture": "#0"},
				"down": {"uv": [4, 0, 5, 1], "texture": "#0"}
			}
		},
		{
			"name": "hexadecagon",
			"from": [7.52044, -12.6, 7.45],
			"to": [7.67956, -6.9, 8.25],
			"faces": {
				"north": {"uv": [4, 0, 5, 1], "texture": "#0"},
				"east": {"uv": [4, 0, 5, 1], "texture": "#0"},
				"south": {"uv": [4, 0, 5, 1], "texture": "#0"},
				"west": {"uv": [4, 0, 5, 1], "texture": "#0"},
				"up": {"uv": [4, 0, 5, 1], "texture": "#0"},
				"down": {"uv": [4, 0, 5, 1], "texture": "#0"}
			}
		},
		{
			"name": "hexadecagon",
			"from": [7.52044, -12.6, 7.45],
			"to": [7.67956, -6.9, 8.25],
			"rotation": {"angle": 22.5, "axis": "y", "origin": [7.6, -6.6, 7.85]},
			"faces": {
				"north": {"uv": [4, 0, 5, 1], "texture": "#0"},
				"east": {"uv": [4, 0, 5, 1], "texture": "#0"},
				"south": {"uv": [4, 0, 5, 1], "texture": "#0"},
				"west": {"uv": [4, 0, 5, 1], "texture": "#0"},
				"up": {"uv": [4, 0, 5, 1], "texture": "#0"},
				"down": {"uv": [4, 0, 5, 1], "texture": "#0"}
			}
		},
		{
			"name": "hexadecagon",
			"from": [7.52044, -12.6, 7.45],
			"to": [7.67956, -6.9, 8.25],
			"rotation": {"angle": 45, "axis": "y", "origin": [7.6, -6.6, 7.85]},
			"faces": {
				"north": {"uv": [4, 0, 5, 1], "texture": "#0"},
				"east": {"uv": [4, 0, 5, 1], "texture": "#0"},
				"south": {"uv": [4, 0, 5, 1], "texture": "#0"},
				"west": {"uv": [4, 0, 5, 1], "texture": "#0"},
				"up": {"uv": [4, 0, 5, 1], "texture": "#0"},
				"down": {"uv": [4, 0, 5, 1], "texture": "#0"}
			}
		},
		{
			"name": "hexadecagon",
			"from": [7.2, -12.6, 7.77044],
			"to": [8, -6.9, 7.92956],
			"rotation": {"angle": -22.5, "axis": "y", "origin": [7.6, -6.6, 7.85]},
			"faces": {
				"north": {"uv": [4, 0, 5, 1], "texture": "#0"},
				"east": {"uv": [4, 0, 5, 1], "texture": "#0"},
				"south": {"uv": [4, 0, 5, 1], "texture": "#0"},
				"west": {"uv": [4, 0, 5, 1], "texture": "#0"},
				"up": {"uv": [4, 0, 5, 1], "texture": "#0"},
				"down": {"uv": [4, 0, 5, 1], "texture": "#0"}
			}
		},
		{
			"name": "hexadecagon",
			"from": [7.2, -12.6, 7.77044],
			"to": [8, -6.9, 7.92956],
			"faces": {
				"north": {"uv": [4, 0, 5, 1], "texture": "#0"},
				"east": {"uv": [4, 0, 5, 1], "texture": "#0"},
				"south": {"uv": [4, 0, 5, 1], "texture": "#0"},
				"west": {"uv": [4, 0, 5, 1], "texture": "#0"},
				"up": {"uv": [4, 0, 5, 1], "texture": "#0"},
				"down": {"uv": [4, 0, 5, 1], "texture": "#0"}
			}
		},
		{
			"name": "hexadecagon",
			"from": [7.2, -12.6, 7.77044],
			"to": [8, -6.9, 7.92956],
			"rotation": {"angle": 22.5, "axis": "y", "origin": [7.6, -6.6, 7.85]},
			"faces": {
				"north": {"uv": [4, 0, 5, 1], "texture": "#0"},
				"east": {"uv": [4, 0, 5, 1], "texture": "#0"},
				"south": {"uv": [4, 0, 5, 1], "texture": "#0"},
				"west": {"uv": [4, 0, 5, 1], "texture": "#0"},
				"up": {"uv": [4, 0, 5, 1], "texture": "#0"},
				"down": {"uv": [4, 0, 5, 1], "texture": "#0"}
			}
		},
		{
			"name": "hexadecagon",
			"from": [5, -5.8, 7.65272],
			"to": [8.9, -5.7, 8.04728],
			"faces": {
				"north": {"uv": [6, 0, 7, 1], "texture": "#0"},
				"east": {"uv": [6, 0, 7, 1], "texture": "#0"},
				"south": {"uv": [6, 0, 7, 1], "texture": "#0"},
				"west": {"uv": [6, 0, 7, 1], "texture": "#0"},
				"up": {"uv": [6, 0, 7, 1], "texture": "#0"},
				"down": {"uv": [6, 0, 7, 1], "texture": "#0"}
			}
		},
		{
			"name": "hexadecagon",
			"from": [5, -6.5, 7.65272],
			"to": [8.9, -6.4, 8.04728],
			"faces": {
				"north": {"uv": [6, 0, 7, 1], "texture": "#0"},
				"east": {"uv": [6, 0, 7, 1], "texture": "#0"},
				"south": {"uv": [6, 0, 7, 1], "texture": "#0"},
				"west": {"uv": [6, 0, 7, 1], "texture": "#0"},
				"up": {"uv": [6, 0, 7, 1], "texture": "#0"},
				"down": {"uv": [6, 0, 7, 1], "texture": "#0"}
			}
		},
		{
			"name": "hexadecagon",
			"from": [8.9, -6.4, 7.60272],
			"to": [9, -5.8, 8.09728],
			"faces": {
				"north": {"uv": [6, 0, 7, 1], "texture": "#0"},
				"east": {"uv": [6, 0, 7, 1], "texture": "#0"},
				"south": {"uv": [6, 0, 7, 1], "texture": "#0"},
				"west": {"uv": [6, 0, 7, 1], "texture": "#0"},
				"up": {"uv": [6, 0, 7, 1], "texture": "#0"},
				"down": {"uv": [6, 0, 7, 1], "texture": "#0"}
			}
		},
		{
			"name": "hexadecagon",
			"from": [4.9, -6.4, 7.60272],
			"to": [5, -5.8, 8.09728],
			"faces": {
				"north": {"uv": [6, 0, 7, 1], "texture": "#0"},
				"east": {"uv": [6, 0, 7, 1], "texture": "#0"},
				"south": {"uv": [6, 0, 7, 1], "texture": "#0"},
				"west": {"uv": [6, 0, 7, 1], "texture": "#0"},
				"up": {"uv": [6, 0, 7, 1], "texture": "#0"},
				"down": {"uv": [6, 0, 7, 1], "texture": "#0"}
			}
		},
		{
			"name": "hexadecagon",
			"from": [5, -6.4, 7.60272],
			"to": [8.9, -5.8, 8.09728],
			"faces": {
				"north": {"uv": [4, 0, 5, 1], "texture": "#0"},
				"east": {"uv": [4, 0, 5, 1], "texture": "#0"},
				"south": {"uv": [4, 0, 5, 1], "texture": "#0"},
				"west": {"uv": [4, 0, 5, 1], "texture": "#0"},
				"up": {"uv": [4, 0, 5, 1], "texture": "#0"},
				"down": {"uv": [4, 0, 5, 1], "texture": "#0"}
			}
		},
		{
			"name": "hexadecagon",
			"from": [7.48065, -7.1, 7.25],
			"to": [7.71935, -6.5, 8.45],
			"rotation": {"angle": -45, "axis": "y", "origin": [7.6, -7, 7.85]},
			"faces": {
				"north": {"uv": [6, 0, 7, 1], "texture": "#0"},
				"east": {"uv": [6, 0, 7, 1], "texture": "#0"},
				"south": {"uv": [6, 0, 7, 1], "texture": "#0"},
				"west": {"uv": [6, 0, 7, 1], "texture": "#0"},
				"up": {"uv": [6, 0, 7, 1], "texture": "#0"},
				"down": {"uv": [6, 0, 7, 1], "texture": "#0"}
			}
		},
		{
			"name": "hexadecagon",
			"from": [7.48065, -7.1, 7.25],
			"to": [7.71935, -6.5, 8.45],
			"rotation": {"angle": -22.5, "axis": "y", "origin": [7.6, -7, 7.85]},
			"faces": {
				"north": {"uv": [6, 0, 7, 1], "texture": "#0"},
				"east": {"uv": [6, 0, 7, 1], "texture": "#0"},
				"south": {"uv": [6, 0, 7, 1], "texture": "#0"},
				"west": {"uv": [6, 0, 7, 1], "texture": "#0"},
				"up": {"uv": [6, 0, 7, 1], "texture": "#0"},
				"down": {"uv": [6, 0, 7, 1], "texture": "#0"}
			}
		},
		{
			"name": "hexadecagon",
			"from": [7.48065, -7.1, 7.25],
			"to": [7.71935, -6.5, 8.45],
			"faces": {
				"north": {"uv": [6, 0, 7, 1], "texture": "#0"},
				"east": {"uv": [6, 0, 7, 1], "texture": "#0"},
				"south": {"uv": [6, 0, 7, 1], "texture": "#0"},
				"west": {"uv": [6, 0, 7, 1], "texture": "#0"},
				"up": {"uv": [6, 0, 7, 1], "texture": "#0"},
				"down": {"uv": [6, 0, 7, 1], "texture": "#0"}
			}
		},
		{
			"name": "hexadecagon",
			"from": [7.48065, -7.1, 7.25],
			"to": [7.71935, -6.5, 8.45],
			"rotation": {"angle": 22.5, "axis": "y", "origin": [7.6, -7, 7.85]},
			"faces": {
				"north": {"uv": [6, 0, 7, 1], "texture": "#0"},
				"east": {"uv": [6, 0, 7, 1], "texture": "#0"},
				"south": {"uv": [6, 0, 7, 1], "texture": "#0"},
				"west": {"uv": [6, 0, 7, 1], "texture": "#0"},
				"up": {"uv": [6, 0, 7, 1], "texture": "#0"},
				"down": {"uv": [6, 0, 7, 1], "texture": "#0"}
			}
		},
		{
			"name": "hexadecagon",
			"from": [7.48065, -7.1, 7.25],
			"to": [7.71935, -6.5, 8.45],
			"rotation": {"angle": 45, "axis": "y", "origin": [7.6, -7, 7.85]},
			"faces": {
				"north": {"uv": [6, 0, 7, 1], "texture": "#0"},
				"east": {"uv": [6, 0, 7, 1], "texture": "#0"},
				"south": {"uv": [6, 0, 7, 1], "texture": "#0"},
				"west": {"uv": [6, 0, 7, 1], "texture": "#0"},
				"up": {"uv": [6, 0, 7, 1], "texture": "#0"},
				"down": {"uv": [6, 0, 7, 1], "texture": "#0"}
			}
		},
		{
			"name": "hexadecagon",
			"from": [7, -7.1, 7.73065],
			"to": [8.2, -6.5, 7.96935],
			"rotation": {"angle": -22.5, "axis": "y", "origin": [7.6, -7, 7.85]},
			"faces": {
				"north": {"uv": [6, 0, 7, 1], "texture": "#0"},
				"east": {"uv": [6, 0, 7, 1], "texture": "#0"},
				"south": {"uv": [6, 0, 7, 1], "texture": "#0"},
				"west": {"uv": [6, 0, 7, 1], "texture": "#0"},
				"up": {"uv": [6, 0, 7, 1], "texture": "#0"},
				"down": {"uv": [6, 0, 7, 1], "texture": "#0"}
			}
		},
		{
			"name": "hexadecagon",
			"from": [7, -7.1, 7.73065],
			"to": [8.2, -6.5, 7.96935],
			"faces": {
				"north": {"uv": [6, 0, 7, 1], "texture": "#0"},
				"east": {"uv": [6, 0, 7, 1], "texture": "#0"},
				"south": {"uv": [6, 0, 7, 1], "texture": "#0"},
				"west": {"uv": [6, 0, 7, 1], "texture": "#0"},
				"up": {"uv": [6, 0, 7, 1], "texture": "#0"},
				"down": {"uv": [6, 0, 7, 1], "texture": "#0"}
			}
		},
		{
			"name": "hexadecagon",
			"from": [7, -7.1, 7.73065],
			"to": [8.2, -6.5, 7.96935],
			"rotation": {"angle": 22.5, "axis": "y", "origin": [7.6, -7, 7.85]},
			"faces": {
				"north": {"uv": [6, 0, 7, 1], "texture": "#0"},
				"east": {"uv": [6, 0, 7, 1], "texture": "#0"},
				"south": {"uv": [6, 0, 7, 1], "texture": "#0"},
				"west": {"uv": [6, 0, 7, 1], "texture": "#0"},
				"up": {"uv": [6, 0, 7, 1], "texture": "#0"},
				"down": {"uv": [6, 0, 7, 1], "texture": "#0"}
			}
		},
		{
			"name": "hexadecagon",
			"from": [7.52044, -6.5, 7.4],
			"to": [7.67956, -5.7, 8.3],
			"rotation": {"angle": -45, "axis": "z", "origin": [7.6, -6.1, 7.8]},
			"faces": {
				"north": {"uv": [0, 0, 1, 1], "texture": "#0"},
				"east": {"uv": [0, 0, 1, 1], "texture": "#0"},
				"south": {"uv": [0, 0, 1, 1], "texture": "#0"},
				"west": {"uv": [0, 0, 1, 1], "texture": "#0"},
				"up": {"uv": [0, 0, 1, 1], "texture": "#0"},
				"down": {"uv": [0, 0, 1, 1], "texture": "#0"}
			}
		},
		{
			"name": "hexadecagon",
			"from": [7.52044, -6.5, 7.4],
			"to": [7.67956, -5.7, 8.3],
			"rotation": {"angle": -22.5, "axis": "z", "origin": [7.6, -6.1, 7.8]},
			"faces": {
				"north": {"uv": [0, 0, 1, 1], "texture": "#0"},
				"east": {"uv": [0, 0, 1, 1], "texture": "#0"},
				"south": {"uv": [0, 0, 1, 1], "texture": "#0"},
				"west": {"uv": [0, 0, 1, 1], "texture": "#0"},
				"up": {"uv": [0, 0, 1, 1], "texture": "#0"},
				"down": {"uv": [0, 0, 1, 1], "texture": "#0"}
			}
		},
		{
			"name": "hexadecagon",
			"from": [7.52044, -6.5, 7.4],
			"to": [7.67956, -5.7, 8.3],
			"faces": {
				"north": {"uv": [0, 0, 1, 1], "texture": "#0"},
				"east": {"uv": [0, 0, 1, 1], "texture": "#0"},
				"south": {"uv": [0, 0, 1, 1], "texture": "#0"},
				"west": {"uv": [0, 0, 1, 1], "texture": "#0"},
				"up": {"uv": [0, 0, 1, 1], "texture": "#0"},
				"down": {"uv": [0, 0, 1, 1], "texture": "#0"}
			}
		},
		{
			"name": "hexadecagon",
			"from": [7.52044, -6.5, 7.4],
			"to": [7.67956, -5.7, 8.3],
			"rotation": {"angle": 22.5, "axis": "z", "origin": [7.6, -6.1, 7.8]},
			"faces": {
				"north": {"uv": [0, 0, 1, 1], "texture": "#0"},
				"east": {"uv": [0, 0, 1, 1], "texture": "#0"},
				"south": {"uv": [0, 0, 1, 1], "texture": "#0"},
				"west": {"uv": [0, 0, 1, 1], "texture": "#0"},
				"up": {"uv": [0, 0, 1, 1], "texture": "#0"},
				"down": {"uv": [0, 0, 1, 1], "texture": "#0"}
			}
		},
		{
			"name": "hexadecagon",
			"from": [7.52044, -6.5, 7.4],
			"to": [7.67956, -5.7, 8.3],
			"rotation": {"angle": 45, "axis": "z", "origin": [7.6, -6.1, 7.8]},
			"faces": {
				"north": {"uv": [0, 0, 1, 1], "texture": "#0"},
				"east": {"uv": [0, 0, 1, 1], "texture": "#0"},
				"south": {"uv": [0, 0, 1, 1], "texture": "#0"},
				"west": {"uv": [0, 0, 1, 1], "texture": "#0"},
				"up": {"uv": [0, 0, 1, 1], "texture": "#0"},
				"down": {"uv": [0, 0, 1, 1], "texture": "#0"}
			}
		},
		{
			"name": "hexadecagon",
			"from": [7.2, -6.17956, 7.4],
			"to": [8, -6.02044, 8.3],
			"rotation": {"angle": -22.5, "axis": "z", "origin": [7.6, -6.1, 7.8]},
			"faces": {
				"north": {"uv": [0, 0, 1, 1], "texture": "#0"},
				"east": {"uv": [0, 0, 1, 1], "texture": "#0"},
				"south": {"uv": [0, 0, 1, 1], "texture": "#0"},
				"west": {"uv": [0, 0, 1, 1], "texture": "#0"},
				"up": {"uv": [0, 0, 1, 1], "texture": "#0"},
				"down": {"uv": [0, 0, 1, 1], "texture": "#0"}
			}
		},
		{
			"name": "hexadecagon",
			"from": [7.2, -6.17956, 7.4],
			"to": [8, -6.02044, 8.3],
			"faces": {
				"north": {"uv": [0, 0, 1, 1], "texture": "#0"},
				"east": {"uv": [0, 0, 1, 1], "texture": "#0"},
				"south": {"uv": [0, 0, 1, 1], "texture": "#0"},
				"west": {"uv": [0, 0, 1, 1], "texture": "#0"},
				"up": {"uv": [0, 0, 1, 1], "texture": "#0"},
				"down": {"uv": [0, 0, 1, 1], "texture": "#0"}
			}
		},
		{
			"name": "hexadecagon",
			"from": [7.2, -6.17956, 7.4],
			"to": [8, -6.02044, 8.3],
			"rotation": {"angle": 22.5, "axis": "z", "origin": [7.6, -6.1, 7.8]},
			"faces": {
				"north": {"uv": [0, 0, 1, 1], "texture": "#0"},
				"east": {"uv": [0, 0, 1, 1], "texture": "#0"},
				"south": {"uv": [0, 0, 1, 1], "texture": "#0"},
				"west": {"uv": [0, 0, 1, 1], "texture": "#0"},
				"up": {"uv": [0, 0, 1, 1], "texture": "#0"},
				"down": {"uv": [0, 0, 1, 1], "texture": "#0"}
			}
		},
		{
			"name": "octagon",
			"from": [7.43431, -13.1, 7.4],
			"to": [7.76569, -12.3, 8.3],
			"rotation": {"angle": 22.5, "axis": "z", "origin": [7.6, -12.7, 7.9]},
			"faces": {
				"north": {"uv": [4, 0, 5, 1], "texture": "#0"},
				"east": {"uv": [4, 0, 5, 1], "texture": "#0"},
				"south": {"uv": [4, 0, 5, 1], "texture": "#0"},
				"west": {"uv": [4, 0, 5, 1], "texture": "#0"},
				"up": {"uv": [4, 0, 5, 1], "texture": "#0"},
				"down": {"uv": [4, 0, 5, 1], "texture": "#0"}
			}
		},
		{
			"name": "octagon",
			"from": [7.43431, -13.1, 7.4],
			"to": [7.76569, -12.3, 8.3],
			"rotation": {"angle": -22.5, "axis": "z", "origin": [7.6, -12.7, 7.9]},
			"faces": {
				"north": {"uv": [4, 0, 5, 1], "texture": "#0"},
				"east": {"uv": [4, 0, 5, 1], "texture": "#0"},
				"south": {"uv": [4, 0, 5, 1], "texture": "#0"},
				"west": {"uv": [4, 0, 5, 1], "texture": "#0"},
				"up": {"uv": [4, 0, 5, 1], "texture": "#0"},
				"down": {"uv": [4, 0, 5, 1], "texture": "#0"}
			}
		},
		{
			"name": "octagon",
			"from": [7.2, -12.86569, 7.4],
			"to": [8, -12.53431, 8.3],
			"rotation": {"angle": 22.5, "axis": "z", "origin": [7.6, -12.7, 7.9]},
			"faces": {
				"north": {"uv": [4, 0, 5, 1], "texture": "#0"},
				"east": {"uv": [4, 0, 5, 1], "texture": "#0"},
				"south": {"uv": [4, 0, 5, 1], "texture": "#0"},
				"west": {"uv": [4, 0, 5, 1], "texture": "#0"},
				"up": {"uv": [4, 0, 5, 1], "texture": "#0"},
				"down": {"uv": [4, 0, 5, 1], "texture": "#0"}
			}
		},
		{
			"name": "octagon",
			"from": [7.2, -12.86569, 7.4],
			"to": [8, -12.53431, 8.3],
			"rotation": {"angle": -22.5, "axis": "z", "origin": [7.6, -12.7, 7.9]},
			"faces": {
				"north": {"uv": [4, 0, 5, 1], "texture": "#0"},
				"east": {"uv": [4, 0, 5, 1], "texture": "#0"},
				"south": {"uv": [4, 0, 5, 1], "texture": "#0"},
				"west": {"uv": [4, 0, 5, 1], "texture": "#0"},
				"up": {"uv": [4, 0, 5, 1], "texture": "#0"},
				"down": {"uv": [4, 0, 5, 1], "texture": "#0"}
			}
		}
	],
	"display": {
		"thirdperson_righthand": {
			"rotation": [0, -90, 0],
			"translation": [0, 15.75, 1.5]
		},
		"thirdperson_lefthand": {
			"rotation": [0, 90, 0],
			"translation": [0, 16, 1.75]
		},
		"firstperson_righthand": {
			"rotation": [0, -90, 0],
			"translation": [0, 14, 0]
		},
		"firstperson_lefthand": {
			"rotation": [0, 90, 0],
			"translation": [0, 14, 0]
		},
		"ground": {
			"translation": [0, 17.5, 0]
		},
		"gui": {
			"rotation": [1.25, 0, -45],
			"translation": [0.75, 0.5, 0],
			"scale": [0.6, 0.6, 0.6]
		}
	},
	"groups": [
		{
			"name": "group",
			"origin": [8, 8, 8],
			"children": [0, 1, 2, 3, 4, 5,
				{
					"name": "group",
					"origin": [7.00292, 1.30895, 15.09957],
					"children": [6, 7, 8, 9]
				},
				{
					"name": "group",
					"origin": [17.26712, 8.28987, 14.99476],
					"children": [10, 11, 12, 13]
				}
			]
		}, 14, 15, 16, 17,
		{
			"name": "hexadecagon",
			"origin": [8, 8, 8],
			"children": [18, 19, 20, 21, 22, 23, 24, 25]
		},
		{
			"name": "hexadecagon",
			"origin": [8, 8, 8],
			"children": [26, 27, 28, 29, 30, 31, 32, 33, 34, 35]
		},
		{
			"name": "group",
			"origin": [7.5, -5.6, 8],
			"children": [36, 37, 38, 39, 40]
		},
		{
			"name": "group",
			"origin": [7.5, -5.6, 8],
			"children": [41, 42, 43, 44, 45, 46]
		},
		{
			"name": "group",
			"origin": [7.5, -5.6, 8],
			"children": [47, 48, 49, 50, 51]
		},
		{
			"name": "group",
			"origin": [7.5, -5.6, 8],
			"children": [52, 53, 54, 55, 56]
		},
		{
			"name": "hexadecagon",
			"origin": [8, 8, 8],
			"children": [57, 58, 59, 60, 61, 62, 63, 64]
		},
		{
			"name": "group",
			"origin": [7.4, -4.3, 7.8],
			"children": [65, 66, 67, 68, 69]
		},
		{
			"name": "hexadecagon",
			"origin": [8, 8, 8],
			"children": [70, 71, 72, 73, 74, 75, 76, 77]
		},
		{
			"name": "hexadecagon",
			"origin": [8, 8, 8],
			"children": [78, 79, 80, 81, 82, 83, 84, 85]
		},
		{
			"name": "octagon",
			"origin": [8, 8, 8],
			"children": [86, 87, 88, 89]
		}
	]
}