{"textures":{"0":"modelengine:entity/unknown"},"elements":[{"name":"bone8","from":[7.2057137,6.0316095,6.581624],"to":[8.510618,7.223048,8.453882],"rotation":{"angle":0.0,"axis":"x","origin":[12.198398,6.08831,1.9320139]},"faces":{"down":{"uv":[5.75,13.0,5.5,13.375],"rotation":0,"texture":"#0","tintindex":0},"east":{"uv":[4.5,13.0,4.875,13.25],"rotation":0,"texture":"#0","tintindex":0},"north":{"uv":[13.25,0.75,13.5,1.0],"rotation":0,"texture":"#0","tintindex":0},"south":{"uv":[13.25,1.625,13.5,1.875],"rotation":0,"texture":"#0","tintindex":0},"up":{"uv":[5.5,13.375,5.25,13.0],"rotation":0,"texture":"#0","tintindex":0},"west":{"uv":[4.875,13.0,5.25,13.25],"rotation":0,"texture":"#0","tintindex":0}}},{"name":"bone8","from":[7.375916,6.5989637,7.31918],"to":[8.28368,8.35775,8.68082],"rotation":{"angle":0.0,"axis":"x","origin":[8.0,8.045708,8.0]},"faces":{"down":{"uv":[5.25,13.25,5.0,13.5],"rotation":0,"texture":"#0","tintindex":0},"east":{"uv":[13.0,5.75,13.25,6.125],"rotation":0,"texture":"#0","tintindex":0},"north":{"uv":[5.75,13.0,6.0,13.375],"rotation":0,"texture":"#0","tintindex":0},"south":{"uv":[6.0,13.0,6.25,13.375],"rotation":0,"texture":"#0","tintindex":0},"up":{"uv":[5.0,13.5,4.75,13.25],"rotation":0,"texture":"#0","tintindex":0},"west":{"uv":[6.25,13.0,6.5,13.375],"rotation":0,"texture":"#0","tintindex":0}}}],"display":{"head":{"translation":[0.0,-6.4,0.0],"rotation":[0.0,0.0,0.0],"scale":[3.8095,3.8095,3.8095]}}}