{"textures":{"0":"modelengine:entity/unknown"},"elements":[{"name":"bone39","from":[7.489382,6.0316095,6.581624],"to":[8.794287,7.223048,8.453882],"rotation":{"angle":0.0,"axis":"x","origin":[3.8016016,6.051584,1.5561618]},"faces":{"down":{"uv":[13.25,10.5,13.0,10.875],"rotation":0,"texture":"#0","tintindex":0},"east":{"uv":[13.0,8.75,13.375,9.0],"rotation":0,"texture":"#0","tintindex":0},"north":{"uv":[8.875,13.25,9.125,13.5],"rotation":0,"texture":"#0","tintindex":0},"south":{"uv":[9.625,13.25,9.875,13.5],"rotation":0,"texture":"#0","tintindex":0},"up":{"uv":[13.25,10.0,13.0,9.625],"rotation":0,"texture":"#0","tintindex":0},"west":{"uv":[13.0,9.0,13.375,9.25],"rotation":0,"texture":"#0","tintindex":0}}},{"name":"bone39","from":[7.71632,6.5989637,7.31918],"to":[8.624084,8.35775,8.68082],"rotation":{"angle":0.0,"axis":"x","origin":[8.0,8.045708,8.0]},"faces":{"down":{"uv":[10.125,13.25,9.875,13.5],"rotation":0,"texture":"#0","tintindex":0},"east":{"uv":[12.375,13.0,12.625,13.375],"rotation":0,"texture":"#0","tintindex":0},"north":{"uv":[13.0,10.875,13.25,11.25],"rotation":0,"texture":"#0","tintindex":0},"south":{"uv":[13.0,12.375,13.25,12.75],"rotation":0,"texture":"#0","tintindex":0},"up":{"uv":[13.5,9.875,13.25,9.625],"rotation":0,"texture":"#0","tintindex":0},"west":{"uv":[12.75,13.0,13.0,13.375],"rotation":0,"texture":"#0","tintindex":0}}}],"display":{"head":{"translation":[0.0,-6.4,0.0],"rotation":[0.0,0.0,0.0],"scale":[3.8095,3.8095,3.8095]}}}