{"textures":{"0":"modelengine:entity/unknown"},"elements":[{"name":"bone35","from":[5.929166,4.436941,7.220288],"to":[10.0708275,9.31616,10.567658],"rotation":{"angle":0.0,"axis":"x","origin":[8.0,8.045708,8.0]},"faces":{"down":{"uv":[11.75,8.625,10.875,9.375],"rotation":0,"texture":"#0","tintindex":0},"east":{"uv":[10.375,10.75,11.125,11.75],"rotation":0,"texture":"#0","tintindex":0},"north":{"uv":[10.375,5.5,11.25,6.5],"rotation":0,"texture":"#0","tintindex":0},"south":{"uv":[6.125,10.375,7.0,11.375],"rotation":0,"texture":"#0","tintindex":0},"up":{"uv":[11.75,8.625,10.875,7.875],"rotation":0,"texture":"#0","tintindex":0},"west":{"uv":[10.875,0.875,11.625,1.875],"rotation":0,"texture":"#0","tintindex":0}}},{"name":"bone35","from":[4.5565157,7.223427,5.4793644],"to":[4.5565157,12.102643,11.226734],"rotation":{"angle":0.0,"axis":"x","origin":[3.9565158,9.663037,8.353045]},"faces":{"down":{"uv":[0.0,0.0,0.0,1.25],"rotation":0,"texture":"#0","tintindex":0},"east":{"uv":[8.75,2.25,10.0,3.25],"rotation":0,"texture":"#0","tintindex":0},"north":{"uv":[0.0,0.0,0.0,1.0],"rotation":0,"texture":"#0","tintindex":0},"south":{"uv":[0.0,0.0,0.0,1.0],"rotation":0,"texture":"#0","tintindex":0},"up":{"uv":[0.0,1.25,0.0,0.0],"rotation":0,"texture":"#0","tintindex":0},"west":{"uv":[9.375,0.0,10.625,1.0],"rotation":0,"texture":"#0","tintindex":0}}},{"name":"bone35","from":[5.361824,8.93381,8.811231],"to":[5.929172,11.203213,9.378578],"rotation":{"angle":0.0,"axis":"x","origin":[8.0,10.153616,9.094904]},"faces":{"down":{"uv":[11.125,1.875,11.0,2.0],"rotation":0,"texture":"#0","tintindex":0},"east":{"uv":[10.875,13.25,11.0,13.75],"rotation":0,"texture":"#0","tintindex":0},"north":{"uv":[13.25,10.625,13.375,11.125],"rotation":0,"texture":"#0","tintindex":0},"south":{"uv":[11.0,13.25,11.125,13.75],"rotation":0,"texture":"#0","tintindex":0},"up":{"uv":[11.0,2.0,10.875,1.875],"rotation":0,"texture":"#0","tintindex":0},"west":{"uv":[13.25,11.125,13.375,11.625],"rotation":0,"texture":"#0","tintindex":0}}},{"name":"bone35","from":[5.929172,9.671366,8.811231],"to":[6.49652,10.806068,9.378578],"rotation":{"angle":0.0,"axis":"x","origin":[8.0,10.153616,9.094904]},"faces":{"down":{"uv":[10.875,4.25,10.75,4.375],"rotation":0,"texture":"#0","tintindex":0},"east":{"uv":[8.125,9.25,8.25,9.5],"rotation":0,"texture":"#0","tintindex":0},"north":{"uv":[8.5,4.375,8.625,4.625],"rotation":0,"texture":"#0","tintindex":0},"south":{"uv":[0.75,9.5,0.875,9.75],"rotation":0,"texture":"#0","tintindex":0},"up":{"uv":[10.75,6.625,10.625,6.5],"rotation":0,"texture":"#0","tintindex":0},"west":{"uv":[2.5,9.875,2.625,10.125],"rotation":0,"texture":"#0","tintindex":0}}},{"name":"bone35","from":[10.070834,8.93381,8.811231],"to":[10.638182,11.203213,9.378578],"rotation":{"angle":0.0,"axis":"x","origin":[8.0,10.153616,9.094904]},"faces":{"down":{"uv":[5.875,11.25,5.75,11.375],"rotation":0,"texture":"#0","tintindex":0},"east":{"uv":[13.25,11.625,13.375,12.125],"rotation":0,"texture":"#0","tintindex":0},"north":{"uv":[11.625,13.25,11.75,13.75],"rotation":0,"texture":"#0","tintindex":0},"south":{"uv":[11.75,13.25,11.875,13.75],"rotation":0,"texture":"#0","tintindex":0},"up":{"uv":[11.25,2.0,11.125,1.875],"rotation":0,"texture":"#0","tintindex":0},"west":{"uv":[11.875,13.25,12.0,13.75],"rotation":0,"texture":"#0","tintindex":0}}},{"name":"bone35","from":[9.503481,9.671366,8.811231],"to":[10.0708275,10.806068,9.378578],"rotation":{"angle":0.0,"axis":"x","origin":[8.0,10.153616,9.094904]},"faces":{"down":{"uv":[6.125,11.25,6.0,11.375],"rotation":0,"texture":"#0","tintindex":0},"east":{"uv":[11.75,9.125,11.875,9.375],"rotation":0,"texture":"#0","tintindex":0},"north":{"uv":[10.75,7.375,10.875,7.625],"rotation":0,"texture":"#0","tintindex":0},"south":{"uv":[6.875,12.125,7.0,12.375],"rotation":0,"texture":"#0","tintindex":0},"up":{"uv":[6.0,11.375,5.875,11.25],"rotation":0,"texture":"#0","tintindex":0},"west":{"uv":[12.375,8.875,12.5,9.125],"rotation":0,"texture":"#0","tintindex":0}}},{"name":"bone35","from":[6.49652,4.7773514,6.4260015],"to":[9.503481,8.862278,10.510927],"rotation":{"angle":0.0,"axis":"x","origin":[8.0,8.045708,8.0]},"faces":{"down":{"uv":[6.75,11.375,6.125,12.25],"rotation":0,"texture":"#0","tintindex":0},"east":{"uv":[10.625,0.0,11.5,0.875],"rotation":0,"texture":"#0","tintindex":0},"north":{"uv":[4.25,11.375,4.875,12.25],"rotation":0,"texture":"#0","tintindex":0},"south":{"uv":[4.875,11.375,5.5,12.25],"rotation":0,"texture":"#0","tintindex":0},"up":{"uv":[6.125,12.25,5.5,11.375],"rotation":0,"texture":"#0","tintindex":0},"west":{"uv":[10.75,2.875,11.625,3.75],"rotation":0,"texture":"#0","tintindex":0}}},{"name":"bone35","from":[6.439784,4.6638856,3.0786307],"to":[9.560216,6.9332895,10.510927],"rotation":{"angle":0.0,"axis":"x","origin":[8.0,8.045708,8.0]},"faces":{"down":{"uv":[4.25,10.25,3.625,11.75],"rotation":0,"texture":"#0","tintindex":0},"east":{"uv":[10.75,3.75,12.25,4.25],"rotation":0,"texture":"#0","tintindex":0},"north":{"uv":[11.875,9.125,12.5,9.625],"rotation":0,"texture":"#0","tintindex":0},"south":{"uv":[11.875,9.625,12.5,10.125],"rotation":0,"texture":"#0","tintindex":0},"up":{"uv":[3.625,11.75,3.0,10.25],"rotation":0,"texture":"#0","tintindex":0},"west":{"uv":[4.25,10.875,5.75,11.375],"rotation":0,"texture":"#0","tintindex":0}}},{"name":"bone35","from":[6.212846,4.210004,2.2843397],"to":[9.787154,6.138998,4.043126],"rotation":{"angle":0.0,"axis":"x","origin":[8.0,8.045708,8.0]},"faces":{"down":{"uv":[10.375,12.125,9.625,12.5],"rotation":0,"texture":"#0","tintindex":0},"east":{"uv":[12.75,0.375,13.125,0.75],"rotation":0,"texture":"#0","tintindex":0},"north":{"uv":[7.0,6.125,7.75,6.5],"rotation":0,"texture":"#0","tintindex":0},"south":{"uv":[0.0,9.5,0.75,9.875],"rotation":0,"texture":"#0","tintindex":0},"up":{"uv":[10.75,3.25,10.0,2.875],"rotation":0,"texture":"#0","tintindex":0},"west":{"uv":[12.75,1.875,13.125,2.25],"rotation":0,"texture":"#0","tintindex":0}}},{"name":"bone35","from":[6.8652983,6.70343,3.0473905],"to":[9.134703,8.859362,7.1323156],"rotation":{"angle":0.0,"axis":"x","origin":[8.0,8.045708,8.0]},"faces":{"down":{"uv":[12.125,11.625,11.625,12.5],"rotation":0,"texture":"#0","tintindex":0},"east":{"uv":[11.625,6.5,12.5,7.0],"rotation":0,"texture":"#0","tintindex":0},"north":{"uv":[12.25,3.625,12.75,4.125],"rotation":0,"texture":"#0","tintindex":0},"south":{"uv":[12.25,5.0,12.75,5.5],"rotation":0,"texture":"#0","tintindex":0},"up":{"uv":[12.125,11.625,11.625,10.75],"rotation":0,"texture":"#0","tintindex":0},"west":{"uv":[9.5,11.625,10.375,12.125],"rotation":0,"texture":"#0","tintindex":0}}}],"display":{"head":{"translation":[0.0,-6.4,0.0],"rotation":[0.0,0.0,0.0],"scale":[3.8095,3.8095,3.8095]}}}