{"textures":{"0":"modelengine:entity/unknown"},"elements":[{"name":"bone13","from":[7.479926,7.3497076,6.853904],"to":[8.614628,8.48441,9.123308],"rotation":{"angle":0.0,"axis":"x","origin":[8.04728,8.48441,8.55596]},"faces":{"down":{"uv":[13.0,8.875,12.75,9.375],"rotation":0,"texture":"#0","tintindex":0},"east":{"uv":[12.75,7.0,13.25,7.25],"rotation":0,"texture":"#0","tintindex":0},"north":{"uv":[13.25,5.75,13.5,6.0],"rotation":0,"texture":"#0","tintindex":0},"south":{"uv":[13.25,6.0,13.5,6.25],"rotation":0,"texture":"#0","tintindex":0},"up":{"uv":[9.125,13.25,8.875,12.75],"rotation":0,"texture":"#0","tintindex":0},"west":{"uv":[12.75,7.875,13.25,8.125],"rotation":0,"texture":"#0","tintindex":0}}},{"name":"bone13","from":[6.9125776,5.8220654,8.463068],"to":[9.181982,7.9212623,11.867174],"rotation":{"angle":0.0,"axis":"x","origin":[8.04728,6.78656,10.165118]},"faces":{"down":{"uv":[2.25,11.875,1.75,12.625],"rotation":0,"texture":"#0","tintindex":0},"east":{"uv":[1.0,12.25,1.75,12.625],"rotation":0,"texture":"#0","tintindex":0},"north":{"uv":[12.5,6.5,13.0,6.875],"rotation":0,"texture":"#0","tintindex":0},"south":{"uv":[12.5,9.625,13.0,10.0],"rotation":0,"texture":"#0","tintindex":0},"up":{"uv":[10.875,12.5,10.375,11.75],"rotation":0,"texture":"#0","tintindex":0},"west":{"uv":[2.25,12.25,3.0,12.625],"rotation":0,"texture":"#0","tintindex":0}}},{"name":"bone13","from":[6.9125776,0.33317566,11.996168],"to":[9.181982,2.4323719,14.832921],"rotation":{"angle":0.0,"axis":"x","origin":[8.04728,1.2976758,13.187606]},"faces":{"down":{"uv":[12.5,5.5,12.0,6.125],"rotation":0,"texture":"#0","tintindex":0},"east":{"uv":[0.875,7.875,1.5,8.25],"rotation":0,"texture":"#0","tintindex":0},"north":{"uv":[10.375,12.5,10.875,12.875],"rotation":0,"texture":"#0","tintindex":0},"south":{"uv":[12.5,10.5,13.0,10.875],"rotation":0,"texture":"#0","tintindex":0},"up":{"uv":[12.5,2.5,12.0,1.875],"rotation":0,"texture":"#0","tintindex":0},"west":{"uv":[12.375,8.5,13.0,8.875],"rotation":0,"texture":"#0","tintindex":0}}},{"name":"bone13","from":[7.252988,3.7186632,17.520103],"to":[8.614628,5.080304,19.222157],"rotation":{"angle":0.0,"axis":"x","origin":[8.04728,8.48441,8.55596]},"faces":{"down":{"uv":[8.0,13.0,7.75,13.375],"rotation":0,"texture":"#0","tintindex":0},"east":{"uv":[6.5,13.0,6.875,13.25],"rotation":0,"texture":"#0","tintindex":0},"north":{"uv":[6.5,13.25,6.75,13.5],"rotation":0,"texture":"#0","tintindex":0},"south":{"uv":[6.75,13.25,7.0,13.5],"rotation":0,"texture":"#0","tintindex":0},"up":{"uv":[13.25,7.875,13.0,7.5],"rotation":0,"texture":"#0","tintindex":0},"west":{"uv":[13.0,6.5,13.375,6.75],"rotation":0,"texture":"#0","tintindex":0}}},{"name":"bone13","from":[7.423196,3.945602,19.222157],"to":[8.444426,4.796629,20.300121],"rotation":{"angle":0.0,"axis":"x","origin":[8.04728,8.48441,8.55596]},"faces":{"down":{"uv":[13.5,7.0,13.25,7.25],"rotation":0,"texture":"#0","tintindex":0},"east":{"uv":[9.375,1.0,9.625,1.125],"rotation":0,"texture":"#0","tintindex":0},"north":{"uv":[9.25,7.125,9.5,7.25],"rotation":0,"texture":"#0","tintindex":0},"south":{"uv":[9.5,9.375,9.75,9.5],"rotation":0,"texture":"#0","tintindex":0},"up":{"uv":[7.25,13.5,7.0,13.25],"rotation":0,"texture":"#0","tintindex":0},"west":{"uv":[4.75,10.25,5.0,10.375],"rotation":0,"texture":"#0","tintindex":0}}},{"name":"bone13","from":[6.4303274,1.5175334,10.35479],"to":[9.55076,4.29755,14.326243],"rotation":{"angle":0.0,"axis":"x","origin":[8.04728,3.645104,12.794402]},"faces":{"down":{"uv":[12.125,0.0,11.5,0.875],"rotation":0,"texture":"#0","tintindex":0},"east":{"uv":[7.75,11.375,8.625,12.0],"rotation":0,"texture":"#0","tintindex":0},"north":{"uv":[3.625,11.75,4.25,12.375],"rotation":0,"texture":"#0","tintindex":0},"south":{"uv":[11.75,7.875,12.375,8.5],"rotation":0,"texture":"#0","tintindex":0},"up":{"uv":[0.625,12.375,0.0,11.5],"rotation":0,"texture":"#0","tintindex":0},"west":{"uv":[8.625,11.375,9.5,12.0],"rotation":0,"texture":"#0","tintindex":0}}}],"display":{"head":{"translation":[0.0,-6.4,0.0],"rotation":[0.0,0.0,0.0],"scale":[3.8095,3.8095,3.8095]}}}