{"textures":{"0":"modelengine:entity/unknown"},"elements":[{"name":"bone7","from":[7.177346,7.620194,6.97877],"to":[8.538986,8.471222,9.418377],"rotation":{"angle":0.0,"axis":"x","origin":[7.858166,8.045708,8.19857]},"faces":{"down":{"uv":[13.0,5.75,12.75,6.25],"rotation":0,"texture":"#0","tintindex":0},"east":{"uv":[11.125,10.125,11.625,10.25],"rotation":0,"texture":"#0","tintindex":0},"north":{"uv":[5.5,4.75,5.75,4.875],"rotation":0,"texture":"#0","tintindex":0},"south":{"uv":[6.625,1.5,6.875,1.625],"rotation":0,"texture":"#0","tintindex":0},"up":{"uv":[9.5,7.125,9.25,6.625],"rotation":0,"texture":"#0","tintindex":0},"west":{"uv":[11.625,7.25,12.125,7.375],"rotation":0,"texture":"#0","tintindex":0}}},{"name":"bone7","from":[7.290812,2.7977114,7.943264],"to":[8.368778,7.620194,9.418377],"rotation":{"angle":0.0,"axis":"x","origin":[7.858166,8.045708,8.19857]},"faces":{"down":{"uv":[13.375,12.75,13.125,13.0],"rotation":0,"texture":"#0","tintindex":0},"east":{"uv":[0.0,12.375,0.25,13.375],"rotation":0,"texture":"#0","tintindex":0},"north":{"uv":[12.125,12.25,12.375,13.25],"rotation":0,"texture":"#0","tintindex":0},"south":{"uv":[0.25,12.375,0.5,13.375],"rotation":0,"texture":"#0","tintindex":0},"up":{"uv":[13.375,9.5,13.125,9.25],"rotation":0,"texture":"#0","tintindex":0},"west":{"uv":[3.0,12.375,3.25,13.375],"rotation":0,"texture":"#0","tintindex":0}}}],"display":{"head":{"translation":[0.0,-6.4,0.0],"rotation":[0.0,0.0,0.0],"scale":[3.8095,3.8095,3.8095]}}}