{"textures":{"0":"modelengine:entity/unknown"},"elements":[{"name":"bone42","from":[8.28368,5.202428,7.1065702],"to":[8.851028,8.03918,9.943321],"rotation":{"angle":0.0,"axis":"x","origin":[4.028546,-4.715183,14.482131]},"faces":{"down":{"uv":[4.625,13.25,4.5,13.875],"rotation":0,"texture":"#0","tintindex":0},"east":{"uv":[11.75,8.5,12.375,9.125],"rotation":0,"texture":"#0","tintindex":0},"north":{"uv":[13.125,11.25,13.25,11.875],"rotation":0,"texture":"#0","tintindex":0},"south":{"uv":[0.5,13.25,0.625,13.875],"rotation":0,"texture":"#0","tintindex":0},"up":{"uv":[13.375,4.875,13.25,4.25],"rotation":0,"texture":"#0","tintindex":0},"west":{"uv":[11.75,10.125,12.375,10.75],"rotation":0,"texture":"#0","tintindex":0}}},{"name":"bone42","from":[8.643674,-0.2575729,8.42657],"to":[8.643674,7.5591793,12.763322],"rotation":{"angle":0.0,"axis":"x","origin":[8.643674,5.630804,11.254946]},"faces":{"down":{"uv":[0.0,0.0,0.0,0.875],"rotation":0,"texture":"#0","tintindex":0},"east":{"uv":[4.375,7.5,3.5,9.125],"rotation":0,"texture":"#0","tintindex":0},"north":{"uv":[0.0,0.0,0.0,1.625],"rotation":0,"texture":"#0","tintindex":0},"south":{"uv":[0.0,0.0,0.0,1.625],"rotation":0,"texture":"#0","tintindex":0},"up":{"uv":[0.0,0.875,0.0,0.0],"rotation":0,"texture":"#0","tintindex":0},"west":{"uv":[3.5,7.5,2.625,9.125],"rotation":0,"texture":"#0","tintindex":0}}},{"name":"bone42","from":[7.7163258,5.202428,6.539222],"to":[8.283674,9.173882,10.510675],"rotation":{"angle":0.0,"axis":"x","origin":[4.028546,-4.715183,14.482131]},"faces":{"down":{"uv":[12.75,12.75,12.625,13.625],"rotation":0,"texture":"#0","tintindex":0},"east":{"uv":[10.75,6.5,11.625,7.375],"rotation":0,"texture":"#0","tintindex":0},"north":{"uv":[11.25,12.75,11.375,13.625],"rotation":0,"texture":"#0","tintindex":0},"south":{"uv":[11.375,12.75,11.5,13.625],"rotation":0,"texture":"#0","tintindex":0},"up":{"uv":[11.625,13.625,11.5,12.75],"rotation":0,"texture":"#0","tintindex":0},"west":{"uv":[9.5,10.75,10.375,11.625],"rotation":0,"texture":"#0","tintindex":0}}},{"name":"bone42","from":[7.1489716,1.8048494,7.716326],"to":[8.794292,5.435894,8.794292],"rotation":{"angle":0.0,"axis":"x","origin":[8.0,3.5068994,8.0]},"faces":{"down":{"uv":[13.5,0.0,13.125,0.25],"rotation":0,"texture":"#0","tintindex":0},"east":{"uv":[2.0,12.625,2.25,13.375],"rotation":0,"texture":"#0","tintindex":0},"north":{"uv":[5.75,12.25,6.125,13.0],"rotation":0,"texture":"#0","tintindex":0},"south":{"uv":[6.125,12.25,6.5,13.0],"rotation":0,"texture":"#0","tintindex":0},"up":{"uv":[13.375,13.25,13.0,13.0],"rotation":0,"texture":"#0","tintindex":0},"west":{"uv":[2.25,12.625,2.5,13.375],"rotation":0,"texture":"#0","tintindex":0}}},{"name":"bone42","from":[7.1489778,1.571383,8.241272],"to":[8.851028,5.202428,9.943321],"rotation":{"angle":0.0,"axis":"x","origin":[4.028546,-4.715183,14.482131]},"faces":{"down":{"uv":[13.125,2.875,12.75,3.25],"rotation":0,"texture":"#0","tintindex":0},"east":{"uv":[7.75,12.25,8.125,13.0],"rotation":0,"texture":"#0","tintindex":0},"north":{"uv":[6.5,12.25,6.875,13.0],"rotation":0,"texture":"#0","tintindex":0},"south":{"uv":[8.125,12.25,8.5,13.0],"rotation":0,"texture":"#0","tintindex":0},"up":{"uv":[13.125,2.625,12.75,2.25],"rotation":0,"texture":"#0","tintindex":0},"west":{"uv":[8.5,12.25,8.875,13.0],"rotation":0,"texture":"#0","tintindex":0}}}],"display":{"head":{"translation":[0.0,-6.4,0.0],"rotation":[0.0,0.0,0.0],"scale":[3.8095,3.8095,3.8095]}}}