{"data":166,"parent":"item/generated","textures":{"layer0":"item/leather_horse_armor"},"overrides":[{"predicate":{"custom_model_data":1},"model":"modelengine:rocky/crystal3"},{"predicate":{"custom_model_data":2},"model":"modelengine:rocky/cryatla1"},{"predicate":{"custom_model_data":3},"model":"modelengine:rocky/cystal3"},{"predicate":{"custom_model_data":4},"model":"modelengine:rocky/crystal2"},{"predicate":{"custom_model_data":5},"model":"modelengine:rocky/lowerleftarm"},{"predicate":{"custom_model_data":6},"model":"modelengine:rocky/leftarm"},{"predicate":{"custom_model_data":7},"model":"modelengine:rocky/lowerrightarm"},{"predicate":{"custom_model_data":8},"model":"modelengine:rocky/rightarm"},{"predicate":{"custom_model_data":9},"model":"modelengine:rocky/jaw"},{"predicate":{"custom_model_data":10},"model":"modelengine:rocky/head"},{"predicate":{"custom_model_data":11},"model":"modelengine:rocky/body"},{"predicate":{"custom_model_data":12},"model":"modelengine:rocky/rightleg4"},{"predicate":{"custom_model_data":13},"model":"modelengine:rocky/leftleg"},{"predicate":{"custom_model_data":14},"model":"modelengine:rocky/rightleg2"},{"predicate":{"custom_model_data":15},"model":"modelengine:rocky/rightleg"},{"predicate":{"custom_model_data":16},"model":"modelengine:kindletronjr/head"},{"predicate":{"custom_model_data":17},"model":"modelengine:kindletronjr/rightarm"},{"predicate":{"custom_model_data":18},"model":"modelengine:kindletronjr/leftarm"},{"predicate":{"custom_model_data":19},"model":"modelengine:kindletronjr/leftleg"},{"predicate":{"custom_model_data":20},"model":"modelengine:kindletronjr/rightleg"},{"predicate":{"custom_model_data":21},"model":"modelengine:kindletronjr/torso"},{"predicate":{"custom_model_data":22},"model":"modelengine:ling/bone26"},{"predicate":{"custom_model_data":23},"model":"modelengine:ling/bone2"},{"predicate":{"custom_model_data":24},"model":"modelengine:ling/bone25"},{"predicate":{"custom_model_data":25},"model":"modelengine:ling/bone3"},{"predicate":{"custom_model_data":26},"model":"modelengine:ling/bone4"},{"predicate":{"custom_model_data":27},"model":"modelengine:ling/bone8"},{"predicate":{"custom_model_data":28},"model":"modelengine:ling/bone7"},{"predicate":{"custom_model_data":29},"model":"modelengine:ling/bone10"},{"predicate":{"custom_model_data":30},"model":"modelengine:ling/bone9"},{"predicate":{"custom_model_data":31},"model":"modelengine:ling/bone12"},{"predicate":{"custom_model_data":32},"model":"modelengine:ling/bone11"},{"predicate":{"custom_model_data":33},"model":"modelengine:ling/bone14"},{"predicate":{"custom_model_data":34},"model":"modelengine:ling/bone13"},{"predicate":{"custom_model_data":35},"model":"modelengine:ling/bone6"},{"predicate":{"custom_model_data":36},"model":"modelengine:ling/bone5"},{"predicate":{"custom_model_data":37},"model":"modelengine:ling/bone18"},{"predicate":{"custom_model_data":38},"model":"modelengine:ling/bone17"},{"predicate":{"custom_model_data":39},"model":"modelengine:ling/bone20"},{"predicate":{"custom_model_data":40},"model":"modelengine:ling/bone19"},{"predicate":{"custom_model_data":41},"model":"modelengine:ling/bone22"},{"predicate":{"custom_model_data":42},"model":"modelengine:ling/bone21"},{"predicate":{"custom_model_data":43},"model":"modelengine:ling/bone24"},{"predicate":{"custom_model_data":44},"model":"modelengine:ling/bone23"},{"predicate":{"custom_model_data":45},"model":"modelengine:ling/bone16"},{"predicate":{"custom_model_data":46},"model":"modelengine:ling/bone15"},{"predicate":{"custom_model_data":47},"model":"modelengine:long/bone24"},{"predicate":{"custom_model_data":48},"model":"modelengine:long/bone23"},{"predicate":{"custom_model_data":49},"model":"modelengine:long/bone6"},{"predicate":{"custom_model_data":50},"model":"modelengine:long/bone3"},{"predicate":{"custom_model_data":51},"model":"modelengine:long/bone19"},{"predicate":{"custom_model_data":52},"model":"modelengine:long/bone18"},{"predicate":{"custom_model_data":53},"model":"modelengine:long/bone17"},{"predicate":{"custom_model_data":54},"model":"modelengine:long/bone5"},{"predicate":{"custom_model_data":55},"model":"modelengine:long/bone16"},{"predicate":{"custom_model_data":56},"model":"modelengine:long/bone15"},{"predicate":{"custom_model_data":57},"model":"modelengine:long/bone14"},{"predicate":{"custom_model_data":58},"model":"modelengine:long/bone13"},{"predicate":{"custom_model_data":59},"model":"modelengine:long/bone12"},{"predicate":{"custom_model_data":60},"model":"modelengine:long/bone11"},{"predicate":{"custom_model_data":61},"model":"modelengine:long/bone10"},{"predicate":{"custom_model_data":62},"model":"modelengine:long/bone30"},{"predicate":{"custom_model_data":63},"model":"modelengine:long/bone33"},{"predicate":{"custom_model_data":64},"model":"modelengine:long/bone32"},{"predicate":{"custom_model_data":65},"model":"modelengine:long/bone31"},{"predicate":{"custom_model_data":66},"model":"modelengine:long/bone8"},{"predicate":{"custom_model_data":67},"model":"modelengine:long/bone4"},{"predicate":{"custom_model_data":68},"model":"modelengine:long/bone2"},{"predicate":{"custom_model_data":69},"model":"modelengine:long/bone22"},{"predicate":{"custom_model_data":70},"model":"modelengine:long/bone21"},{"predicate":{"custom_model_data":71},"model":"modelengine:long/bone20"},{"predicate":{"custom_model_data":72},"model":"modelengine:long/bone7"},{"predicate":{"custom_model_data":73},"model":"modelengine:long/bone28"},{"predicate":{"custom_model_data":74},"model":"modelengine:long/bone27"},{"predicate":{"custom_model_data":75},"model":"modelengine:long/bone26"},{"predicate":{"custom_model_data":76},"model":"modelengine:long/bone25"},{"predicate":{"custom_model_data":77},"model":"modelengine:long/bone34"},{"predicate":{"custom_model_data":78},"model":"modelengine:long/bone37"},{"predicate":{"custom_model_data":79},"model":"modelengine:long/bone35"},{"predicate":{"custom_model_data":80},"model":"modelengine:long/bone40"},{"predicate":{"custom_model_data":81},"model":"modelengine:long/bone39"},{"predicate":{"custom_model_data":82},"model":"modelengine:long/bone38"},{"predicate":{"custom_model_data":83},"model":"modelengine:long/bone29"},{"predicate":{"custom_model_data":84},"model":"modelengine:ma/bone22"},{"predicate":{"custom_model_data":85},"model":"modelengine:ma/bone12"},{"predicate":{"custom_model_data":86},"model":"modelengine:ma/bone11"},{"predicate":{"custom_model_data":87},"model":"modelengine:ma/bone10"},{"predicate":{"custom_model_data":88},"model":"modelengine:ma/bone35"},{"predicate":{"custom_model_data":89},"model":"modelengine:ma/bone34"},{"predicate":{"custom_model_data":90},"model":"modelengine:ma/bone8"},{"predicate":{"custom_model_data":91},"model":"modelengine:ma/bone7"},{"predicate":{"custom_model_data":92},"model":"modelengine:ma/bone6"},{"predicate":{"custom_model_data":93},"model":"modelengine:ma/bone13"},{"predicate":{"custom_model_data":94},"model":"modelengine:ma/bone39"},{"predicate":{"custom_model_data":95},"model":"modelengine:ma/bone38"},{"predicate":{"custom_model_data":96},"model":"modelengine:ma/bone37"},{"predicate":{"custom_model_data":97},"model":"modelengine:ma/bone44"},{"predicate":{"custom_model_data":98},"model":"modelengine:ma/bone43"},{"predicate":{"custom_model_data":99},"model":"modelengine:ma/bone42"},{"predicate":{"custom_model_data":100},"model":"modelengine:mso_laval_lord/jaw"},{"predicate":{"custom_model_data":101},"model":"modelengine:mso_laval_lord/right_horn"},{"predicate":{"custom_model_data":102},"model":"modelengine:mso_laval_lord/left_horn"},{"predicate":{"custom_model_data":103},"model":"modelengine:mso_laval_lord/head"},{"predicate":{"custom_model_data":104},"model":"modelengine:mso_laval_lord/left_hand"},{"predicate":{"custom_model_data":105},"model":"modelengine:mso_laval_lord/left_elbow"},{"predicate":{"custom_model_data":106},"model":"modelengine:mso_laval_lord/fire_left"},{"predicate":{"custom_model_data":107},"model":"modelengine:mso_laval_lord/left_arm"},{"predicate":{"custom_model_data":108},"model":"modelengine:mso_laval_lord/left_shoulder"},{"predicate":{"custom_model_data":109},"model":"modelengine:mso_laval_lord/right_hand"},{"predicate":{"custom_model_data":110},"model":"modelengine:mso_laval_lord/right_elbow"},{"predicate":{"custom_model_data":111},"model":"modelengine:mso_laval_lord/fire_right"},{"predicate":{"custom_model_data":112},"model":"modelengine:mso_laval_lord/right_arm"},{"predicate":{"custom_model_data":113},"model":"modelengine:mso_laval_lord/right_shoulder"},{"predicate":{"custom_model_data":114},"model":"modelengine:mso_laval_lord/upper_chest"},{"predicate":{"custom_model_data":115},"model":"modelengine:mso_laval_lord/chest"},{"predicate":{"custom_model_data":116},"model":"modelengine:mso_laval_lord/spine"},{"predicate":{"custom_model_data":117},"model":"modelengine:mso_laval_lord/hip"},{"predicate":{"custom_model_data":118},"model":"modelengine:mso_laval_lord/left_foot"},{"predicate":{"custom_model_data":119},"model":"modelengine:mso_laval_lord/left_knee"},{"predicate":{"custom_model_data":120},"model":"modelengine:mso_laval_lord/left_leg"},{"predicate":{"custom_model_data":121},"model":"modelengine:mso_laval_lord/right_foot"},{"predicate":{"custom_model_data":122},"model":"modelengine:mso_laval_lord/right_knee"},{"predicate":{"custom_model_data":123},"model":"modelengine:mso_laval_lord/right_leg"},{"predicate":{"custom_model_data":124},"model":"modelengine:mso_lavastone_golem/head"},{"predicate":{"custom_model_data":125},"model":"modelengine:mso_lavastone_golem/left_fist"},{"predicate":{"custom_model_data":126},"model":"modelengine:mso_lavastone_golem/left_elbow"},{"predicate":{"custom_model_data":127},"model":"modelengine:mso_lavastone_golem/left_arm"},{"predicate":{"custom_model_data":128},"model":"modelengine:mso_lavastone_golem/right_fist"},{"predicate":{"custom_model_data":129},"model":"modelengine:mso_lavastone_golem/right_elbow"},{"predicate":{"custom_model_data":130},"model":"modelengine:mso_lavastone_golem/right_arm"},{"predicate":{"custom_model_data":131},"model":"modelengine:mso_lavastone_golem/chest"},{"predicate":{"custom_model_data":132},"model":"modelengine:mso_lavastone_golem/tail_tip"},{"predicate":{"custom_model_data":133},"model":"modelengine:mso_lavastone_golem/tail"},{"predicate":{"custom_model_data":134},"model":"modelengine:mso_lavastone_golem/hip"},{"predicate":{"custom_model_data":135},"model":"modelengine:ren/bone8"},{"predicate":{"custom_model_data":136},"model":"modelengine:ren/bone13"},{"predicate":{"custom_model_data":137},"model":"modelengine:ren/bone4"},{"predicate":{"custom_model_data":138},"model":"modelengine:ren/bone5"},{"predicate":{"custom_model_data":139},"model":"modelengine:ren/bone14"},{"predicate":{"custom_model_data":140},"model":"modelengine:ren/bone15"},{"predicate":{"custom_model_data":141},"model":"modelengine:ren/bone16"},{"predicate":{"custom_model_data":142},"model":"modelengine:ren/bone17"},{"predicate":{"custom_model_data":143},"model":"modelengine:ren/bone18"},{"predicate":{"custom_model_data":144},"model":"modelengine:ren/bone3"},{"predicate":{"custom_model_data":145},"model":"modelengine:ren/bone10"},{"predicate":{"custom_model_data":146},"model":"modelengine:ren/bone9"},{"predicate":{"custom_model_data":147},"model":"modelengine:ren/bone6"},{"predicate":{"custom_model_data":148},"model":"modelengine:ren/bone11"},{"predicate":{"custom_model_data":149},"model":"modelengine:ren/bone34"},{"predicate":{"custom_model_data":150},"model":"modelengine:ren/bone7"},{"predicate":{"custom_model_data":151},"model":"modelengine:ren/bone12"},{"predicate":{"custom_model_data":152},"model":"modelengine:ren/bone21"},{"predicate":{"custom_model_data":153},"model":"modelengine:ren/bone20"},{"predicate":{"custom_model_data":154},"model":"modelengine:ren/bone19"},{"predicate":{"custom_model_data":155},"model":"modelengine:ren/bone24"},{"predicate":{"custom_model_data":156},"model":"modelengine:ren/bone23"},{"predicate":{"custom_model_data":157},"model":"modelengine:ren/bone22"},{"predicate":{"custom_model_data":158},"model":"modelengine:ren/bone27"},{"predicate":{"custom_model_data":159},"model":"modelengine:ren/bone26"},{"predicate":{"custom_model_data":160},"model":"modelengine:ren/bone25"},{"predicate":{"custom_model_data":161},"model":"modelengine:ren/bone30"},{"predicate":{"custom_model_data":162},"model":"modelengine:ren/bone29"},{"predicate":{"custom_model_data":163},"model":"modelengine:ren/bone28"},{"predicate":{"custom_model_data":164},"model":"modelengine:ren/bone33"},{"predicate":{"custom_model_data":165},"model":"modelengine:ren/bone32"},{"predicate":{"custom_model_data":166},"model":"modelengine:ren/bone31"}]}