{"textures":{"0":"modelengine:entity/rocky"},"elements":[{"name":"cube","from":[6.65405,2.60405,6.65405],"to":[10.69595,6.64595,9.34595],"rotation":{"angle":-22.5,"axis":"x","origin":[13.400001,2.6,5.3]},"faces":{"down":{"uv":[9.75,4.375,9.375,4.625],"rotation":0,"texture":"#0","tintindex":0},"east":{"uv":[1.375,12.25,1.625,12.625],"rotation":0,"texture":"#0","tintindex":0},"north":{"uv":[0.375,12.125,0.75,12.5],"rotation":0,"texture":"#0","tintindex":0},"south":{"uv":[0.75,12.125,1.125,12.5],"rotation":0,"texture":"#0","tintindex":0},"up":{"uv":[8.0,1.75,7.625,1.5],"rotation":0,"texture":"#0","tintindex":0},"west":{"uv":[1.625,12.25,1.875,12.625],"rotation":0,"texture":"#0","tintindex":0}}},{"name":"cube","from":[6.6527004,2.6026995,3.9526997],"to":[10.6973,3.9473,9.3473],"rotation":{"angle":0.0,"axis":"x","origin":[13.400001,2.6,5.3]},"faces":{"down":{"uv":[6.75,12.0,6.375,12.5],"rotation":0,"texture":"#0","tintindex":0},"east":{"uv":[12.375,8.875,12.875,9.0],"rotation":0,"texture":"#0","tintindex":0},"north":{"uv":[1.375,11.125,1.75,11.25],"rotation":0,"texture":"#0","tintindex":0},"south":{"uv":[11.125,2.375,11.5,2.5],"rotation":0,"texture":"#0","tintindex":0},"up":{"uv":[6.375,12.5,6.0,12.0],"rotation":0,"texture":"#0","tintindex":0},"west":{"uv":[12.375,9.0,12.875,9.125],"rotation":0,"texture":"#0","tintindex":0}}}],"display":{"head":{"translation":[0.0,-6.4,0.0],"rotation":[0.0,0.0,0.0],"scale":[3.8095,3.8095,3.8095]}}}