{"textures":{"0":"modelengine:entity/unknown"},"elements":[{"name":"bone17","from":[8.0,6.6050005,10.736],"to":[8.0,9.227,15.524001],"rotation":{"angle":0.0,"axis":"x","origin":[8.0,7.46,8.0]},"faces":{"down":{"uv":[0.0,0.0,0.0,1.0],"rotation":0,"texture":"#0","tintindex":0},"east":{"uv":[9.5,10.5,10.5,11.125],"rotation":0,"texture":"#0","tintindex":0},"north":{"uv":[0.0,0.0,0.0,0.625],"rotation":0,"texture":"#0","tintindex":0},"south":{"uv":[0.0,0.0,0.0,0.625],"rotation":0,"texture":"#0","tintindex":0},"up":{"uv":[0.0,1.0,0.0,0.0],"rotation":0,"texture":"#0","tintindex":0},"west":{"uv":[10.5,9.75,11.5,10.375],"rotation":0,"texture":"#0","tintindex":0}}},{"name":"bone17","from":[6.8599997,5.579,5.3780003],"to":[9.139999,8.657001,8.342001],"rotation":{"angle":0.0,"axis":"x","origin":[8.0,7.118,6.86]},"faces":{"down":{"uv":[12.25,7.5,11.75,8.125],"rotation":0,"texture":"#0","tintindex":0},"east":{"uv":[11.25,0.0,11.875,0.625],"rotation":0,"texture":"#0","tintindex":0},"north":{"uv":[6.75,11.75,7.25,12.375],"rotation":0,"texture":"#0","tintindex":0},"south":{"uv":[11.75,6.75,12.25,7.375],"rotation":0,"texture":"#0","tintindex":0},"up":{"uv":[7.75,12.375,7.25,11.75],"rotation":0,"texture":"#0","tintindex":0},"west":{"uv":[11.25,1.5,11.875,2.125],"rotation":0,"texture":"#0","tintindex":0}}},{"name":"bone17","from":[7.43,6.833,8.0],"to":[8.57,8.999,10.964001],"rotation":{"angle":0.0,"axis":"x","origin":[8.0,7.46,8.0]},"faces":{"down":{"uv":[5.75,12.5,5.5,13.125],"rotation":0,"texture":"#0","tintindex":0},"east":{"uv":[11.75,8.25,12.375,8.75],"rotation":0,"texture":"#0","tintindex":0},"north":{"uv":[12.25,5.75,12.5,6.25],"rotation":0,"texture":"#0","tintindex":0},"south":{"uv":[9.25,12.5,9.5,13.0],"rotation":0,"texture":"#0","tintindex":0},"up":{"uv":[12.75,5.875,12.5,5.25],"rotation":0,"texture":"#0","tintindex":0},"west":{"uv":[11.75,8.75,12.375,9.25],"rotation":0,"texture":"#0","tintindex":0}}}],"display":{"head":{"translation":[0.0,-6.4,0.0],"rotation":[0.0,0.0,0.0],"scale":[3.8095,3.8095,3.8095]}}}