{"textures":{"0":"modelengine:entity/unknown"},"elements":[{"name":"bone12","from":[6.489499,7.733083,7.781528],"to":[11.0494995,10.469084,10.289528],"rotation":{"angle":0.0,"axis":"x","origin":[8.0,7.459999,8.0]},"faces":{"down":{"uv":[12.0,3.75,11.0,4.25],"rotation":0,"texture":"#0","tintindex":0},"east":{"uv":[5.5,11.25,6.0,11.875],"rotation":0,"texture":"#0","tintindex":0},"north":{"uv":[0.0,10.0,1.0,10.625],"rotation":0,"texture":"#0","tintindex":0},"south":{"uv":[10.0,1.0,11.0,1.625],"rotation":0,"texture":"#0","tintindex":0},"up":{"uv":[12.0,3.75,11.0,3.25],"rotation":0,"texture":"#0","tintindex":0},"west":{"uv":[11.25,6.25,11.75,6.875],"rotation":0,"texture":"#0","tintindex":0}}},{"name":"bone12","from":[5.4635,6.171007,2.8346238],"to":[7.8575,8.223009,9.560624],"rotation":{"angle":0.0,"axis":"x","origin":[8.0,7.459999,8.0]},"faces":{"down":{"uv":[2.5,9.75,2.0,11.25],"rotation":0,"texture":"#0","tintindex":0},"east":{"uv":[9.75,0.0,11.25,0.5],"rotation":0,"texture":"#0","tintindex":0},"north":{"uv":[4.25,12.0,4.75,12.5],"rotation":0,"texture":"#0","tintindex":0},"south":{"uv":[4.75,12.0,5.25,12.5],"rotation":0,"texture":"#0","tintindex":0},"up":{"uv":[6.0,10.75,5.5,9.25],"rotation":0,"texture":"#0","tintindex":0},"west":{"uv":[9.75,0.5,11.25,1.0],"rotation":0,"texture":"#0","tintindex":0}}}],"display":{"head":{"translation":[0.0,-6.4,0.0],"rotation":[0.0,0.0,0.0],"scale":[3.8095,3.8095,3.8095]}}}