{
	"credit": "Made with Blockbench",
	"textures": {
		"0": "modelengine:entity/unknown"
	},
	"elements": [
		{
			"name": "bone15",
			"from": [8, 7.461, 9.26881],
			"to": [8, 10.083, 14.05681],
			"rotation": {"angle": 0, "axis": "x", "origin": [5.15, 8.71128, 8.35072]},
			"faces": {
				"north": {"uv": [0, 0, 0, 0.625], "texture": "#0", "tintindex": 0},
				"east": {"uv": [10, 8.25, 11, 8.875], "texture": "#0", "tintindex": 0},
				"south": {"uv": [0, 0, 0, 0.625], "texture": "#0", "tintindex": 0},
				"west": {"uv": [8.5, 10, 9.5, 10.625], "texture": "#0", "tintindex": 0},
				"up": {"uv": [0, 1, 0, 0], "texture": "#0", "tintindex": 0},
				"down": {"uv": [0, 0, 0, 1], "texture": "#0", "tintindex": 0}
			}
		},
		{
			"name": "bone15",
			"from": [6.86, 7.05082, 3.89254],
			"to": [9.14, 10.12882, 6.85654],
			"rotation": {"angle": 0, "axis": "x", "origin": [5.15, 8.71128, 8.35072]},
			"faces": {
				"north": {"uv": [10.5, 11.25, 11, 11.875], "texture": "#0", "tintindex": 0},
				"east": {"uv": [6.75, 11, 7.375, 11.625], "texture": "#0", "tintindex": 0},
				"south": {"uv": [11, 11.25, 11.5, 11.875], "texture": "#0", "tintindex": 0},
				"west": {"uv": [11, 7, 11.625, 7.625], "texture": "#0", "tintindex": 0},
				"up": {"uv": [0.5, 12.125, 0, 11.5], "texture": "#0", "tintindex": 0},
				"down": {"uv": [1, 11.5, 0.5, 12.125], "texture": "#0", "tintindex": 0}
			}
		},
		{
			"name": "bone15",
			"from": [7.43, 7.689, 6.53281],
			"to": [8.57, 9.855, 9.49681],
			"rotation": {"angle": 0, "axis": "x", "origin": [5.15, 8.71128, 8.35072]},
			"faces": {
				"north": {"uv": [5, 8.75, 5.25, 9.25], "texture": "#0", "tintindex": 0},
				"east": {"uv": [1, 11.5, 1.625, 12], "texture": "#0", "tintindex": 0},
				"south": {"uv": [6, 9.25, 6.25, 9.75], "texture": "#0", "tintindex": 0},
				"west": {"uv": [11.5, 9.75, 12.125, 10.25], "texture": "#0", "tintindex": 0},
				"up": {"uv": [12.75, 5.125, 12.5, 4.5], "texture": "#0", "tintindex": 0},
				"down": {"uv": [5, 12.5, 4.75, 13.125], "texture": "#0", "tintindex": 0}
			}
		}
	],
	"display": {
		"head": {
			"translation": [0, -6.4, 0],
			"scale": [3.8095, 3.8095, 3.8095]
		}
	}
}