{"textures":{"0":"modelengine:entity/unknown"},"elements":[{"name":"bone8","from":[5.72,4.9863014,6.7674446],"to":[10.280001,9.3183,11.327444],"rotation":{"angle":0.0,"axis":"x","origin":[8.0,-18.9837,13.607445]},"faces":{"down":{"uv":[9.5,9.0,8.5,10.0],"rotation":0,"texture":"#0","tintindex":0},"east":{"uv":[3.0,8.75,4.0,9.75],"rotation":0,"texture":"#0","tintindex":0},"north":{"uv":[2.0,8.75,3.0,9.75],"rotation":0,"texture":"#0","tintindex":0},"south":{"uv":[4.0,8.75,5.0,9.75],"rotation":0,"texture":"#0","tintindex":0},"up":{"uv":[10.0,2.25,9.0,1.25],"rotation":0,"texture":"#0","tintindex":0},"west":{"uv":[6.25,8.75,7.25,9.75],"rotation":0,"texture":"#0","tintindex":0}}},{"name":"bone8","from":[6.42542,4.06683,6.6534443],"to":[7.22342,5.206831,7.223444],"rotation":{"angle":0.0,"axis":"x","origin":[8.0,5.293351,6.938444]},"faces":{"down":{"uv":[13.375,10.25,13.25,10.375],"rotation":0,"texture":"#0","tintindex":0},"east":{"uv":[6.5,13.25,6.625,13.5],"rotation":0,"texture":"#0","tintindex":0},"north":{"uv":[13.25,2.0,13.375,2.25],"rotation":0,"texture":"#0","tintindex":0},"south":{"uv":[6.75,13.25,6.875,13.5],"rotation":0,"texture":"#0","tintindex":0},"up":{"uv":[10.375,13.375,10.25,13.25],"rotation":0,"texture":"#0","tintindex":0},"west":{"uv":[13.25,6.75,13.375,7.0],"rotation":0,"texture":"#0","tintindex":0}}},{"name":"bone8","from":[9.186674,4.364862,6.6534443],"to":[9.984674,5.504863,7.223444],"rotation":{"angle":0.0,"axis":"x","origin":[8.0,5.293351,6.938444]},"faces":{"down":{"uv":[13.375,10.5,13.25,10.625],"rotation":0,"texture":"#0","tintindex":0},"east":{"uv":[13.25,7.0,13.375,7.25],"rotation":0,"texture":"#0","tintindex":0},"north":{"uv":[7.0,13.25,7.125,13.5],"rotation":0,"texture":"#0","tintindex":0},"south":{"uv":[7.25,13.25,7.375,13.5],"rotation":0,"texture":"#0","tintindex":0},"up":{"uv":[10.625,13.375,10.5,13.25],"rotation":0,"texture":"#0","tintindex":0},"west":{"uv":[13.25,7.25,13.375,7.5],"rotation":0,"texture":"#0","tintindex":0}}},{"name":"bone8","from":[8.77658,4.06683,6.6534443],"to":[9.57458,5.206831,7.223444],"rotation":{"angle":0.0,"axis":"x","origin":[8.0,5.293351,6.938444]},"faces":{"down":{"uv":[11.125,13.25,11.0,13.375],"rotation":0,"texture":"#0","tintindex":0},"east":{"uv":[13.25,7.5,13.375,7.75],"rotation":0,"texture":"#0","tintindex":0},"north":{"uv":[7.5,13.25,7.625,13.5],"rotation":0,"texture":"#0","tintindex":0},"south":{"uv":[7.75,13.25,7.875,13.5],"rotation":0,"texture":"#0","tintindex":0},"up":{"uv":[10.875,13.375,10.75,13.25],"rotation":0,"texture":"#0","tintindex":0},"west":{"uv":[13.25,7.75,13.375,8.0],"rotation":0,"texture":"#0","tintindex":0}}},{"name":"bone8","from":[6.015326,4.364862,6.6534443],"to":[6.813326,5.504863,7.223444],"rotation":{"angle":0.0,"axis":"x","origin":[8.0,5.293351,6.938444]},"faces":{"down":{"uv":[13.375,11.5,13.25,11.625],"rotation":0,"texture":"#0","tintindex":0},"east":{"uv":[13.25,8.0,13.375,8.25],"rotation":0,"texture":"#0","tintindex":0},"north":{"uv":[8.0,13.25,8.125,13.5],"rotation":0,"texture":"#0","tintindex":0},"south":{"uv":[8.25,13.25,8.375,13.5],"rotation":0,"texture":"#0","tintindex":0},"up":{"uv":[11.375,13.375,11.25,13.25],"rotation":0,"texture":"#0","tintindex":0},"west":{"uv":[13.25,8.25,13.375,8.5],"rotation":0,"texture":"#0","tintindex":0}}},{"name":"bone8","from":[5.332694,8.076236,7.644368],"to":[6.928694,8.874235,10.950369],"rotation":{"angle":0.0,"axis":"x","origin":[5.763014,8.579264,7.8945503]},"faces":{"down":{"uv":[12.375,2.75,12.0,3.5],"rotation":0,"texture":"#0","tintindex":0},"east":{"uv":[10.0,12.5,10.75,12.625],"rotation":0,"texture":"#0","tintindex":0},"north":{"uv":[10.75,13.0,11.125,13.125],"rotation":0,"texture":"#0","tintindex":0},"south":{"uv":[13.0,10.75,13.375,10.875],"rotation":0,"texture":"#0","tintindex":0},"up":{"uv":[3.125,12.75,2.75,12.0],"rotation":0,"texture":"#0","tintindex":0},"west":{"uv":[12.5,10.0,13.25,10.125],"rotation":0,"texture":"#0","tintindex":0}}},{"name":"bone8","from":[9.299307,9.01206,9.342134],"to":[10.439306,9.810062,13.446134],"rotation":{"angle":0.0,"axis":"x","origin":[10.236986,8.579264,7.8945503]},"faces":{"down":{"uv":[12.25,10.25,12.0,11.125],"rotation":0,"texture":"#0","tintindex":0},"east":{"uv":[8.5,4.5,9.375,4.625],"rotation":0,"texture":"#0","tintindex":0},"north":{"uv":[13.25,8.5,13.5,8.625],"rotation":0,"texture":"#0","tintindex":0},"south":{"uv":[13.25,8.75,13.5,8.875],"rotation":0,"texture":"#0","tintindex":0},"up":{"uv":[1.75,12.875,1.5,12.0],"rotation":0,"texture":"#0","tintindex":0},"west":{"uv":[9.0,2.75,9.875,2.875],"rotation":0,"texture":"#0","tintindex":0}}},{"name":"bone8","from":[9.071306,8.076236,7.644368],"to":[10.667306,8.874235,10.950369],"rotation":{"angle":0.0,"axis":"x","origin":[10.236986,8.579264,7.8945503]},"faces":{"down":{"uv":[12.375,3.5,12.0,4.25],"rotation":0,"texture":"#0","tintindex":0},"east":{"uv":[12.5,10.25,13.25,10.375],"rotation":0,"texture":"#0","tintindex":0},"north":{"uv":[13.0,11.0,13.375,11.125],"rotation":0,"texture":"#0","tintindex":0},"south":{"uv":[13.0,11.25,13.375,11.375],"rotation":0,"texture":"#0","tintindex":0},"up":{"uv":[3.625,12.75,3.25,12.0],"rotation":0,"texture":"#0","tintindex":0},"west":{"uv":[12.5,10.5,13.25,10.625],"rotation":0,"texture":"#0","tintindex":0}}},{"name":"bone8","from":[5.5606937,9.01206,9.342134],"to":[6.700694,9.810062,13.446134],"rotation":{"angle":0.0,"axis":"x","origin":[5.763014,8.579264,7.8945503]},"faces":{"down":{"uv":[11.25,12.0,11.0,12.875],"rotation":0,"texture":"#0","tintindex":0},"east":{"uv":[10.0,4.25,10.875,4.375],"rotation":0,"texture":"#0","tintindex":0},"north":{"uv":[13.25,9.0,13.5,9.125],"rotation":0,"texture":"#0","tintindex":0},"south":{"uv":[9.25,13.25,9.5,13.375],"rotation":0,"texture":"#0","tintindex":0},"up":{"uv":[11.0,12.875,10.75,12.0],"rotation":0,"texture":"#0","tintindex":0},"west":{"uv":[11.25,0.75,12.125,0.875],"rotation":0,"texture":"#0","tintindex":0}}},{"name":"bone8","from":[6.172886,7.382479,6.083444],"to":[6.856886,10.118481,6.7674446],"rotation":{"angle":0.0,"axis":"z","origin":[6.5039,8.727746,6.453944]},"faces":{"down":{"uv":[12.125,13.25,12.0,13.375],"rotation":0,"texture":"#0","tintindex":0},"east":{"uv":[13.0,0.0,13.125,0.625],"rotation":0,"texture":"#0","tintindex":0},"north":{"uv":[0.0,13.0,0.125,13.625],"rotation":0,"texture":"#0","tintindex":0},"south":{"uv":[0.25,13.0,0.375,13.625],"rotation":0,"texture":"#0","tintindex":0},"up":{"uv":[13.375,11.875,13.25,11.75],"rotation":0,"texture":"#0","tintindex":0},"west":{"uv":[0.5,13.0,0.625,13.625],"rotation":0,"texture":"#0","tintindex":0}}},{"name":"bone8","from":[5.37563,8.363389,6.197444],"to":[7.65563,9.047388,6.7674446],"rotation":{"angle":0.0,"axis":"z","origin":[6.5039,8.727746,6.453944]},"faces":{"down":{"uv":[13.5,2.5,13.0,2.625],"rotation":0,"texture":"#0","tintindex":0},"east":{"uv":[13.25,12.0,13.375,12.125],"rotation":0,"texture":"#0","tintindex":0},"north":{"uv":[12.75,6.5,13.25,6.625],"rotation":0,"texture":"#0","tintindex":0},"south":{"uv":[12.75,9.75,13.25,9.875],"rotation":0,"texture":"#0","tintindex":0},"up":{"uv":[13.5,2.375,13.0,2.25],"rotation":0,"texture":"#0","tintindex":0},"west":{"uv":[12.25,13.25,12.375,13.375],"rotation":0,"texture":"#0","tintindex":0}}},{"name":"bone8","from":[9.143114,7.382479,6.083444],"to":[9.827114,10.118481,6.7674446],"rotation":{"angle":0.0,"axis":"z","origin":[9.496099,8.727746,6.453944]},"faces":{"down":{"uv":[12.625,13.25,12.5,13.375],"rotation":0,"texture":"#0","tintindex":0},"east":{"uv":[13.0,0.75,13.125,1.375],"rotation":0,"texture":"#0","tintindex":0},"north":{"uv":[0.75,13.0,0.875,13.625],"rotation":0,"texture":"#0","tintindex":0},"south":{"uv":[1.5,13.0,1.625,13.625],"rotation":0,"texture":"#0","tintindex":0},"up":{"uv":[13.375,12.375,13.25,12.25],"rotation":0,"texture":"#0","tintindex":0},"west":{"uv":[13.0,1.5,13.125,2.125],"rotation":0,"texture":"#0","tintindex":0}}},{"name":"bone8","from":[8.34437,8.363389,6.197444],"to":[10.624371,9.047388,6.7674446],"rotation":{"angle":0.0,"axis":"z","origin":[9.496099,8.727746,6.453944]},"faces":{"down":{"uv":[13.5,3.5,13.0,3.625],"rotation":0,"texture":"#0","tintindex":0},"east":{"uv":[13.25,12.5,13.375,12.625],"rotation":0,"texture":"#0","tintindex":0},"north":{"uv":[13.0,2.75,13.5,2.875],"rotation":0,"texture":"#0","tintindex":0},"south":{"uv":[13.0,3.0,13.5,3.125],"rotation":0,"texture":"#0","tintindex":0},"up":{"uv":[13.5,3.375,13.0,3.25],"rotation":0,"texture":"#0","tintindex":0},"west":{"uv":[12.75,13.25,12.875,13.375],"rotation":0,"texture":"#0","tintindex":0}}}],"display":{"head":{"translation":[0.0,-6.4,0.0],"rotation":[0.0,0.0,0.0],"scale":[3.8095,3.8095,3.8095]}}}