{
	"credit": "Made with Blockbench",
	"textures": {
		"0": "modelengine:entity/unknown"
	},
	"elements": [
		{
			"name": "bone27",
			"from": [9.78725, -1.26295, 6.917],
			"to": [12.40925, 3.75305, 9.083],
			"rotation": {"angle": 0, "axis": "z", "origin": [7.22707, 0.76258, 8]},
			"faces": {
				"north": {"uv": [3.625, 9.75, 2.5, 10.375], "rotation": 270, "texture": "#0", "tintindex": 0},
				"east": {"uv": [10, 2.25, 11.125, 1.75], "rotation": 90, "texture": "#0", "tintindex": 0},
				"south": {"uv": [4.875, 9.75, 3.75, 10.375], "rotation": 90, "texture": "#0", "tintindex": 0},
				"west": {"uv": [10, 6.5, 11.125, 7], "rotation": 90, "texture": "#0", "tintindex": 0},
				"up": {"uv": [4, 11.25, 3.5, 11.875], "rotation": 90, "texture": "#0", "tintindex": 0},
				"down": {"uv": [4.5, 11.25, 4, 11.875], "rotation": 90, "texture": "#0", "tintindex": 0}
			}
		},
		{
			"name": "bone27",
			"from": [10.84325, -3.20095, 7.259],
			"to": [12.43925, -1.26295, 8.627],
			"rotation": {"angle": 0, "axis": "z", "origin": [7.22707, 0.76258, 8]},
			"faces": {
				"north": {"uv": [12.875, 7.75, 12.5, 8.125], "rotation": 270, "texture": "#0", "tintindex": 0},
				"east": {"uv": [4.5, 10.75, 4.875, 10.5], "rotation": 90, "texture": "#0", "tintindex": 0},
				"south": {"uv": [12.875, 8.25, 12.5, 8.625], "rotation": 90, "texture": "#0", "tintindex": 0},
				"west": {"uv": [10.75, 6.25, 11.125, 6.5], "rotation": 90, "texture": "#0", "tintindex": 0},
				"up": {"uv": [12.75, 10.75, 12.5, 11.125], "rotation": 90, "texture": "#0", "tintindex": 0},
				"down": {"uv": [12.75, 11.25, 12.5, 11.625], "rotation": 90, "texture": "#0", "tintindex": 0}
			}
		},
		{
			"name": "bone27",
			"from": [11.18525, -4.34095, 7.601],
			"to": [12.09725, -3.20095, 8.285],
			"rotation": {"angle": 0, "axis": "z", "origin": [7.22707, 0.76258, 8]},
			"faces": {
				"north": {"uv": [10, 1, 9.75, 1.25], "rotation": 270, "texture": "#0", "tintindex": 0},
				"east": {"uv": [13.25, 9.625, 13.5, 9.5], "rotation": 90, "texture": "#0", "tintindex": 0},
				"south": {"uv": [11.25, 1.5, 11, 1.75], "rotation": 90, "texture": "#0", "tintindex": 0},
				"west": {"uv": [13.25, 9.75, 13.5, 9.875], "rotation": 90, "texture": "#0", "tintindex": 0},
				"up": {"uv": [13.375, 9.25, 13.25, 9.5], "rotation": 90, "texture": "#0", "tintindex": 0},
				"down": {"uv": [9.625, 13.25, 9.5, 13.5], "rotation": 90, "texture": "#0", "tintindex": 0}
			}
		}
	],
	"display": {
		"head": {
			"translation": [0, -6.4, 0],
			"scale": [3.8095, 3.8095, 3.8095]
		}
	}
}