{
	"credit": "Made with Blockbench",
	"textures": {
		"0": "modelengine:entity/unknown"
	},
	"elements": [
		{
			"name": "bone23",
			"from": [7.28295, 9.45843, 5.87675],
			"to": [10.36095, 15.50043, 8.72675],
			"rotation": {"angle": 0, "axis": "z", "origin": [8.35805, 12.04932, 7.09475]},
			"faces": {
				"north": {"uv": [0, 9.25, 1.375, 9.875], "rotation": 90, "texture": "#0", "tintindex": 0},
				"east": {"uv": [10.875, 9, 9.5, 9.625], "rotation": 270, "texture": "#0", "tintindex": 0},
				"south": {"uv": [9.5, 4.5, 10.875, 5.125], "rotation": 270, "texture": "#0", "tintindex": 0},
				"west": {"uv": [10.875, 7.625, 9.5, 7], "rotation": 270, "texture": "#0", "tintindex": 0},
				"up": {"uv": [1, 10.75, 1.625, 11.375], "rotation": 270, "texture": "#0", "tintindex": 0},
				"down": {"uv": [11, 4.25, 11.625, 4.875], "rotation": 270, "texture": "#0", "tintindex": 0}
			}
		},
		{
			"name": "bone23",
			"from": [8.11416, 4.31542, 6.44675],
			"to": [9.93816, 10.58543, 8.15675],
			"rotation": {"angle": 0, "axis": "z", "origin": [3.08816, 11.52843, 7.30175]},
			"faces": {
				"north": {"uv": [10.75, 2.25, 12.125, 2.625], "rotation": 90, "texture": "#0", "tintindex": 0},
				"east": {"uv": [12.375, 1, 11, 1.375], "rotation": 270, "texture": "#0", "tintindex": 0},
				"south": {"uv": [4.5, 10.75, 5.875, 11.125], "rotation": 270, "texture": "#0", "tintindex": 0},
				"west": {"uv": [12.125, 6.125, 10.75, 5.75], "rotation": 270, "texture": "#0", "tintindex": 0},
				"up": {"uv": [6.75, 12.5, 7.125, 12.875], "rotation": 270, "texture": "#0", "tintindex": 0},
				"down": {"uv": [12.5, 6.75, 12.875, 7.125], "rotation": 270, "texture": "#0", "tintindex": 0}
			}
		},
		{
			"name": "bone23",
			"from": [8.64162, 2.43982, 6.56075],
			"to": [10.46562, 5.28982, 8.04275],
			"rotation": {"angle": 0, "axis": "z", "origin": [4.84362, 12.86482, 7.30175]},
			"faces": {
				"north": {"uv": [5.25, 12, 5.875, 12.375], "rotation": 90, "texture": "#0", "tintindex": 0},
				"east": {"uv": [10.625, 12, 10, 12.375], "rotation": 270, "texture": "#0", "tintindex": 0},
				"south": {"uv": [8.5, 12, 9.125, 12.375], "rotation": 270, "texture": "#0", "tintindex": 0},
				"west": {"uv": [9.875, 12.375, 9.25, 12], "rotation": 270, "texture": "#0", "tintindex": 0},
				"up": {"uv": [7.25, 12.5, 7.625, 12.875], "rotation": 270, "texture": "#0", "tintindex": 0},
				"down": {"uv": [12.5, 7.25, 12.875, 7.625], "rotation": 270, "texture": "#0", "tintindex": 0}
			}
		}
	],
	"display": {
		"head": {
			"translation": [0, -6.4, 0],
			"scale": [3.8095, 3.8095, 3.8095]
		}
	}
}