{"textures":{"0":"modelengine:entity/unknown"},"elements":[{"name":"bone25","from":[7.0880003,7.0039997,5.72],"to":[13.928,10.424,9.139999],"rotation":{"angle":22.5,"axis":"z","origin":[10.508,7.5739994,7.4300003]},"faces":{"down":{"uv":[8.5,8.25,10.0,9.0],"rotation":0,"texture":"#0","tintindex":0},"east":{"uv":[7.75,10.25,7.0,11.0],"rotation":0,"texture":"#0","tintindex":0},"north":{"uv":[9.75,5.75,8.25,6.5],"rotation":0,"texture":"#0","tintindex":0},"south":{"uv":[10.0,3.0,8.5,3.75],"rotation":0,"texture":"#0","tintindex":0},"up":{"uv":[8.5,4.5,10.0,3.75],"rotation":0,"texture":"#0","tintindex":0},"west":{"uv":[1.75,10.0,1.0,10.75],"rotation":0,"texture":"#0","tintindex":0}}}],"display":{"head":{"translation":[0.0,-6.4,0.0],"rotation":[0.0,0.0,0.0],"scale":[3.8095,3.8095,3.8095]}}}