{"textures":{"0":"modelengine:entity/unknown"},"elements":[{"name":"bone7","from":[8.912001,-1.0900011,7.772],"to":[13.472001,1.6459997,10.280001],"rotation":{"angle":0.0,"axis":"x","origin":[11.961499,-1.3630848,7.990472]},"faces":{"down":{"uv":[12.0,2.75,11.0,3.25],"rotation":0,"texture":"#0","tintindex":0},"east":{"uv":[4.5,11.25,5.0,11.875],"rotation":0,"texture":"#0","tintindex":0},"north":{"uv":[9.75,5.75,10.75,6.375],"rotation":0,"texture":"#0","tintindex":0},"south":{"uv":[9.5,9.75,10.5,10.375],"rotation":0,"texture":"#0","tintindex":0},"up":{"uv":[9.5,11.25,8.5,10.75],"rotation":0,"texture":"#0","tintindex":0},"west":{"uv":[5.0,11.25,5.5,11.875],"rotation":0,"texture":"#0","tintindex":0}}}],"display":{"head":{"translation":[0.0,-6.4,0.0],"rotation":[0.0,0.0,0.0],"scale":[3.8095,3.8095,3.8095]}}}