{"textures":{"0":"modelengine:entity/unknown"},"elements":[{"name":"bone18","from":[11.533999,6.6050005,15.2960005],"to":[11.533999,9.227,20.084],"rotation":{"angle":0.0,"axis":"x","origin":[11.533999,7.46,12.56]},"faces":{"down":{"uv":[0.0,0.0,0.0,1.0],"rotation":0,"texture":"#0","tintindex":0},"east":{"uv":[10.5,10.5,11.5,11.125],"rotation":0,"texture":"#0","tintindex":0},"north":{"uv":[0.0,0.0,0.0,0.625],"rotation":0,"texture":"#0","tintindex":0},"south":{"uv":[0.0,0.0,0.0,0.625],"rotation":0,"texture":"#0","tintindex":0},"up":{"uv":[0.0,1.0,0.0,0.0],"rotation":0,"texture":"#0","tintindex":0},"west":{"uv":[0.0,10.75,1.0,11.375],"rotation":0,"texture":"#0","tintindex":0}}},{"name":"bone18","from":[10.394,5.579,9.938],"to":[12.674,8.657001,12.902],"rotation":{"angle":0.0,"axis":"x","origin":[11.533999,7.118,11.420001]},"faces":{"down":{"uv":[12.5,1.5,12.0,2.125],"rotation":0,"texture":"#0","tintindex":0},"east":{"uv":[2.0,11.25,2.625,11.875],"rotation":0,"texture":"#0","tintindex":0},"north":{"uv":[11.5,11.75,12.0,12.375],"rotation":0,"texture":"#0","tintindex":0},"south":{"uv":[12.0,0.0,12.5,0.625],"rotation":0,"texture":"#0","tintindex":0},"up":{"uv":[1.5,12.625,1.0,12.0],"rotation":0,"texture":"#0","tintindex":0},"west":{"uv":[2.75,11.25,3.375,11.875],"rotation":0,"texture":"#0","tintindex":0}}},{"name":"bone18","from":[10.964001,6.833,12.56],"to":[12.104,8.999,15.524001],"rotation":{"angle":0.0,"axis":"x","origin":[11.533999,7.46,12.56]},"faces":{"down":{"uv":[12.75,6.0,12.5,6.625],"rotation":0,"texture":"#0","tintindex":0},"east":{"uv":[11.75,9.25,12.375,9.75],"rotation":0,"texture":"#0","tintindex":0},"north":{"uv":[9.5,12.5,9.75,13.0],"rotation":0,"texture":"#0","tintindex":0},"south":{"uv":[9.75,12.5,10.0,13.0],"rotation":0,"texture":"#0","tintindex":0},"up":{"uv":[6.0,13.125,5.75,12.5],"rotation":0,"texture":"#0","tintindex":0},"west":{"uv":[2.0,12.0,2.625,12.5],"rotation":0,"texture":"#0","tintindex":0}}}],"display":{"head":{"translation":[0.0,-6.4,0.0],"rotation":[0.0,0.0,0.0],"scale":[3.8095,3.8095,3.8095]}}}