{"textures":{"0":"modelengine:entity/mso_lava_lord"},"elements":[{"name":"cube","from":[1.2799993,-2.08,1.2799999],"to":[14.719999,8.0,14.72],"rotation":{"angle":0.0,"axis":"x","origin":[8.0,8.0,8.0]},"faces":{"down":{"uv":[8.625,4.75,8.125,5.25],"rotation":0,"texture":"#0","tintindex":0},"east":{"uv":[8.125,5.25,8.625,5.625],"rotation":0,"texture":"#0","tintindex":0},"north":{"uv":[7.625,5.25,8.125,5.625],"rotation":0,"texture":"#0","tintindex":0},"south":{"uv":[8.125,5.25,8.625,5.625],"rotation":0,"texture":"#0","tintindex":0},"up":{"uv":[8.125,5.25,7.625,4.75],"rotation":0,"texture":"#0","tintindex":0},"west":{"uv":[8.125,5.25,8.625,5.625],"rotation":0,"texture":"#0","tintindex":0}}},{"name":"cube","from":[1.2799993,-2.08,-5.4400005],"to":[14.719999,2.96,1.2799999],"rotation":{"angle":0.0,"axis":"x","origin":[8.0,8.0,8.0]},"faces":{"down":{"uv":[12.0,2.75,11.5,3.0],"rotation":0,"texture":"#0","tintindex":0},"east":{"uv":[10.75,3.0,11.0,3.125],"rotation":0,"texture":"#0","tintindex":0},"north":{"uv":[11.0,3.0,11.5,3.125],"rotation":0,"texture":"#0","tintindex":0},"south":{"uv":[11.75,3.0,12.25,3.125],"rotation":0,"texture":"#0","tintindex":0},"up":{"uv":[11.5,3.0,11.0,2.75],"rotation":0,"texture":"#0","tintindex":0},"west":{"uv":[11.5,3.0,11.75,3.125],"rotation":0,"texture":"#0","tintindex":0}}},{"name":"cube","from":[8.84,-2.9199996,-7.120001],"to":[12.2,7.16,-2.08],"rotation":{"angle":0.0,"axis":"x","origin":[8.84,3.8000004,-2.08]},"faces":{"down":{"uv":[0.375,2.375,0.25,2.5],"rotation":0,"texture":"#0","tintindex":0},"east":{"uv":[0.0,2.5,0.125,2.875],"rotation":0,"texture":"#0","tintindex":0},"north":{"uv":[0.125,2.5,0.25,2.875],"rotation":0,"texture":"#0","tintindex":0},"south":{"uv":[0.375,2.5,0.5,2.875],"rotation":0,"texture":"#0","tintindex":0},"up":{"uv":[0.25,2.5,0.125,2.375],"rotation":0,"texture":"#0","tintindex":0},"west":{"uv":[0.25,2.5,0.375,2.875],"rotation":0,"texture":"#0","tintindex":0}}},{"name":"cube","from":[12.2,-2.9199996,-7.120001],"to":[15.559999,5.4800005,-2.08],"rotation":{"angle":-22.5,"axis":"y","origin":[12.2,3.8000004,-2.08]},"faces":{"down":{"uv":[2.75,2.375,2.625,2.5],"rotation":0,"texture":"#0","tintindex":0},"east":{"uv":[2.375,2.5,2.5,2.75],"rotation":0,"texture":"#0","tintindex":0},"north":{"uv":[2.5,2.5,2.625,2.75],"rotation":0,"texture":"#0","tintindex":0},"south":{"uv":[2.75,2.5,2.875,2.75],"rotation":0,"texture":"#0","tintindex":0},"up":{"uv":[2.625,2.5,2.5,2.375],"rotation":0,"texture":"#0","tintindex":0},"west":{"uv":[2.625,2.5,2.75,2.75],"rotation":0,"texture":"#0","tintindex":0}}},{"name":"cube","from":[3.7999997,-2.9199996,-7.120001],"to":[7.159999,5.4800005,-2.08],"rotation":{"angle":0.0,"axis":"x","origin":[7.159999,3.8000004,-2.08]},"faces":{"down":{"uv":[1.0,0.0,0.875,0.125],"rotation":0,"texture":"#0","tintindex":0},"east":{"uv":[0.625,0.125,0.75,0.375],"rotation":0,"texture":"#0","tintindex":0},"north":{"uv":[0.75,0.125,0.875,0.375],"rotation":0,"texture":"#0","tintindex":0},"south":{"uv":[1.0,0.125,1.125,0.375],"rotation":0,"texture":"#0","tintindex":0},"up":{"uv":[0.875,0.125,0.75,0.0],"rotation":0,"texture":"#0","tintindex":0},"west":{"uv":[0.875,0.125,1.0,0.375],"rotation":0,"texture":"#0","tintindex":0}}},{"name":"cube","from":[0.43999958,-2.9199996,-7.120001],"to":[3.7999997,3.8000004,-2.08],"rotation":{"angle":22.5,"axis":"y","origin":[3.7999997,3.8000004,-2.08]},"faces":{"down":{"uv":[1.125,2.375,1.0,2.5],"rotation":0,"texture":"#0","tintindex":0},"east":{"uv":[0.75,2.5,0.875,2.75],"rotation":0,"texture":"#0","tintindex":0},"north":{"uv":[0.875,2.5,1.0,2.75],"rotation":0,"texture":"#0","tintindex":0},"south":{"uv":[1.125,2.5,1.25,2.75],"rotation":0,"texture":"#0","tintindex":0},"up":{"uv":[1.0,2.5,0.875,2.375],"rotation":0,"texture":"#0","tintindex":0},"west":{"uv":[1.0,2.5,1.125,2.75],"rotation":0,"texture":"#0","tintindex":0}}}],"display":{"head":{"translation":[0.0,-6.4,0.0],"rotation":[0.0,0.0,0.0],"scale":[3.8095,3.8095,3.8095]}}}