{"textures":{"0":"modelengine:entity/mso_lava_lord"},"elements":[{"name":"cube","from":[-1.6000004,-3.9999971,-5.2],"to":[8.0,12.800003,21.199999],"rotation":{"angle":0.0,"axis":"x","origin":[8.0,3.2000046,8.0]},"faces":{"down":{"uv":[2.375,2.375,1.875,3.75],"rotation":0,"texture":"#0","tintindex":0},"east":{"uv":[0.0,3.75,1.375,4.625],"rotation":0,"texture":"#0","tintindex":0},"north":{"uv":[1.375,3.75,1.875,4.625],"rotation":0,"texture":"#0","tintindex":0},"south":{"uv":[3.25,3.75,3.75,4.625],"rotation":0,"texture":"#0","tintindex":0},"up":{"uv":[1.875,3.75,1.375,2.375],"rotation":0,"texture":"#0","tintindex":0},"west":{"uv":[1.875,3.75,3.25,4.625],"rotation":0,"texture":"#0","tintindex":0}}},{"name":"cube","from":[-8.799999,-1.5999944,1.9999998],"to":[-1.6000004,10.400005,14.0],"rotation":{"angle":0.0,"axis":"x","origin":[10.4,-11.199999,8.0]},"faces":{"down":{"uv":[5.25,9.25,4.875,9.875],"rotation":0,"texture":"#0","tintindex":0},"east":{"uv":[3.875,9.875,4.5,10.5],"rotation":0,"texture":"#0","tintindex":0},"north":{"uv":[5.875,9.875,5.5,10.5],"rotation":0,"texture":"#0","tintindex":0},"south":{"uv":[5.5,9.875,5.875,10.5],"rotation":0,"texture":"#0","tintindex":0},"up":{"uv":[4.875,9.875,4.5,9.25],"rotation":0,"texture":"#0","tintindex":0},"west":{"uv":[4.875,9.875,5.5,10.5],"rotation":0,"texture":"#0","tintindex":0}}},{"name":"cube","from":[-6.3999996,3.2000046,-2.8000007],"to":[3.2000003,15.200005,18.8],"rotation":{"angle":0.0,"axis":"x","origin":[15.200001,-8.799995,8.0]},"faces":{"down":{"uv":[4.5,5.625,4.0,6.75],"rotation":0,"texture":"#0","tintindex":0},"east":{"uv":[2.375,6.75,3.5,7.375],"rotation":0,"texture":"#0","tintindex":0},"north":{"uv":[5.625,6.75,5.125,7.375],"rotation":0,"texture":"#0","tintindex":0},"south":{"uv":[5.125,6.75,5.625,7.375],"rotation":0,"texture":"#0","tintindex":0},"up":{"uv":[4.0,6.75,3.5,5.625],"rotation":0,"texture":"#0","tintindex":0},"west":{"uv":[4.0,6.75,5.125,7.375],"rotation":0,"texture":"#0","tintindex":0}}},{"name":"cube","from":[-6.3999996,15.200005,1.9999998],"to":[3.2000003,17.6,14.0],"rotation":{"angle":0.0,"axis":"x","origin":[15.200001,-6.3999996,8.0]},"faces":{"down":{"uv":[11.0,4.875,10.5,5.5],"rotation":0,"texture":"#0","tintindex":0},"east":{"uv":[9.375,5.5,10.0,5.625],"rotation":0,"texture":"#0","tintindex":0},"north":{"uv":[10.0,5.5,10.5,5.625],"rotation":0,"texture":"#0","tintindex":0},"south":{"uv":[11.125,5.5,11.625,5.625],"rotation":0,"texture":"#0","tintindex":0},"up":{"uv":[10.5,5.5,10.0,4.875],"rotation":0,"texture":"#0","tintindex":0},"west":{"uv":[10.5,5.5,11.125,5.625],"rotation":0,"texture":"#0","tintindex":0}}},{"name":"cube","from":[-5.200001,15.200005,1.9999998],"to":[2.0000005,27.200005,1.9999998],"rotation":{"angle":-22.5,"axis":"x","origin":[-1.6000004,15.200005,1.9999998]},"faces":{"down":{"uv":[1.5,11.625,1.125,11.625],"rotation":0,"texture":"#0","tintindex":0},"east":{"uv":[0.75,11.625,0.75,12.25],"rotation":0,"texture":"#0","tintindex":0},"north":{"uv":[0.75,11.625,1.125,12.25],"rotation":0,"texture":"#0","tintindex":0},"south":{"uv":[1.125,11.625,0.75,12.25],"rotation":0,"texture":"#0","tintindex":0},"up":{"uv":[1.125,11.625,0.75,11.625],"rotation":0,"texture":"#0","tintindex":0},"west":{"uv":[1.125,11.625,1.125,12.25],"rotation":0,"texture":"#0","tintindex":0}}},{"name":"cube","from":[-1.6000004,15.200005,-1.6000004],"to":[-1.6000004,27.200005,5.6],"rotation":{"angle":-22.5,"axis":"x","origin":[-1.6000004,15.200005,1.9999998]},"faces":{"down":{"uv":[5.0,0.125,5.0,0.5],"rotation":0,"texture":"#0","tintindex":0},"east":{"uv":[0.75,11.625,1.125,12.25],"rotation":0,"texture":"#0","tintindex":0},"north":{"uv":[5.0,0.5,5.0,1.125],"rotation":0,"texture":"#0","tintindex":0},"south":{"uv":[5.375,0.5,5.375,1.125],"rotation":0,"texture":"#0","tintindex":0},"up":{"uv":[5.0,0.5,5.0,0.125],"rotation":0,"texture":"#0","tintindex":0},"west":{"uv":[1.125,11.625,0.75,12.25],"rotation":0,"texture":"#0","tintindex":0}}},{"name":"cube","from":[-5.200001,15.200005,14.0],"to":[2.0000005,27.200005,14.0],"rotation":{"angle":22.5,"axis":"x","origin":[-1.6000004,15.200005,14.0]},"faces":{"down":{"uv":[0.75,11.625,0.375,11.625],"rotation":0,"texture":"#0","tintindex":0},"east":{"uv":[0.0,11.625,0.0,12.25],"rotation":0,"texture":"#0","tintindex":0},"north":{"uv":[0.75,11.625,1.125,12.25],"rotation":0,"texture":"#0","tintindex":0},"south":{"uv":[1.125,11.625,0.75,12.25],"rotation":0,"texture":"#0","tintindex":0},"up":{"uv":[0.375,11.625,0.0,11.625],"rotation":0,"texture":"#0","tintindex":0},"west":{"uv":[0.375,11.625,0.375,12.25],"rotation":0,"texture":"#0","tintindex":0}}},{"name":"cube","from":[-1.6000004,17.6,4.4],"to":[-1.6000004,32.0,11.599999],"rotation":{"angle":0.0,"axis":"x","origin":[-1.6000004,24.800001,8.0]},"faces":{"down":{"uv":[0.375,4.25,0.375,4.625],"rotation":0,"texture":"#0","tintindex":0},"east":{"uv":[1.125,11.625,0.75,12.25],"rotation":0,"texture":"#0","tintindex":0},"north":{"uv":[0.375,4.625,0.375,5.375],"rotation":0,"texture":"#0","tintindex":0},"south":{"uv":[0.75,4.625,0.75,5.375],"rotation":0,"texture":"#0","tintindex":0},"up":{"uv":[0.375,4.625,0.375,4.25],"rotation":0,"texture":"#0","tintindex":0},"west":{"uv":[0.75,11.625,1.125,12.25],"rotation":0,"texture":"#0","tintindex":0}}},{"name":"cube","from":[-5.200001,17.6,8.0],"to":[2.0000005,32.0,8.0],"rotation":{"angle":0.0,"axis":"x","origin":[-1.6000004,24.800001,8.0]},"faces":{"down":{"uv":[5.0,11.375,4.625,11.375],"rotation":0,"texture":"#0","tintindex":0},"east":{"uv":[4.25,11.375,4.25,12.125],"rotation":0,"texture":"#0","tintindex":0},"north":{"uv":[1.125,11.625,0.75,12.25],"rotation":0,"texture":"#0","tintindex":0},"south":{"uv":[0.75,11.625,1.125,12.25],"rotation":0,"texture":"#0","tintindex":0},"up":{"uv":[4.625,11.375,4.25,11.375],"rotation":0,"texture":"#0","tintindex":0},"west":{"uv":[4.625,11.375,4.625,12.125],"rotation":0,"texture":"#0","tintindex":0}}},{"name":"cube","from":[-1.6000004,15.200005,10.4],"to":[-1.6000004,27.200005,17.599998],"rotation":{"angle":22.5,"axis":"x","origin":[-1.6000004,15.200005,14.0]},"faces":{"down":{"uv":[3.875,2.0,3.875,2.375],"rotation":0,"texture":"#0","tintindex":0},"east":{"uv":[0.75,11.625,1.125,12.25],"rotation":0,"texture":"#0","tintindex":0},"north":{"uv":[3.875,2.375,3.875,3.0],"rotation":0,"texture":"#0","tintindex":0},"south":{"uv":[4.25,2.375,4.25,3.0],"rotation":0,"texture":"#0","tintindex":0},"up":{"uv":[3.875,2.375,3.875,2.0],"rotation":0,"texture":"#0","tintindex":0},"west":{"uv":[1.125,11.625,0.75,12.25],"rotation":0,"texture":"#0","tintindex":0}}},{"name":"cube","from":[3.2000003,12.800003,-0.40000057],"to":[5.5999994,15.200005,16.4],"rotation":{"angle":0.0,"axis":"x","origin":[20.0,-8.799995,8.0]},"faces":{"down":{"uv":[10.125,3.875,10.0,4.75],"rotation":0,"texture":"#0","tintindex":0},"east":{"uv":[9.0,4.75,9.875,4.875],"rotation":0,"texture":"#0","tintindex":0},"north":{"uv":[9.875,4.75,10.0,4.875],"rotation":0,"texture":"#0","tintindex":0},"south":{"uv":[10.875,4.75,11.0,4.875],"rotation":0,"texture":"#0","tintindex":0},"up":{"uv":[10.0,4.75,9.875,3.875],"rotation":0,"texture":"#0","tintindex":0},"west":{"uv":[10.0,4.75,10.875,4.875],"rotation":0,"texture":"#0","tintindex":0}}},{"name":"cube","from":[5.5999994,3.6800022,17.0],"to":[12.8,10.880004,21.800001],"rotation":{"angle":45.0,"axis":"z","origin":[8.0,6.0800047,20.6]},"faces":{"down":{"uv":[12.0,4.625,11.625,4.875],"rotation":0,"texture":"#0","tintindex":0},"east":{"uv":[11.0,4.875,11.25,5.25],"rotation":0,"texture":"#0","tintindex":0},"north":{"uv":[11.25,4.875,11.625,5.25],"rotation":0,"texture":"#0","tintindex":0},"south":{"uv":[5.625,11.5,6.0,11.875],"rotation":0,"texture":"#0","tintindex":0},"up":{"uv":[11.625,4.875,11.25,4.625],"rotation":0,"texture":"#0","tintindex":0},"west":{"uv":[11.625,4.875,11.875,5.25],"rotation":0,"texture":"#0","tintindex":0}}},{"name":"cube","from":[5.5999994,-3.1599941,20.0],"to":[15.200001,4.040001,22.4],"rotation":{"angle":45.0,"axis":"z","origin":[8.0,-0.7599983,21.199999]},"faces":{"down":{"uv":[9.125,6.375,8.625,6.5],"rotation":0,"texture":"#0","tintindex":0},"east":{"uv":[8.0,6.5,8.125,6.875],"rotation":0,"texture":"#0","tintindex":0},"north":{"uv":[8.125,6.5,8.625,6.875],"rotation":0,"texture":"#0","tintindex":0},"south":{"uv":[8.75,6.5,9.25,6.875],"rotation":0,"texture":"#0","tintindex":0},"up":{"uv":[8.625,6.5,8.125,6.375],"rotation":0,"texture":"#0","tintindex":0},"west":{"uv":[8.625,6.5,8.75,6.875],"rotation":0,"texture":"#0","tintindex":0}}}],"display":{"head":{"translation":[0.0,11.519983,0.0],"rotation":[0.0,0.0,0.0],"scale":[3.7333333,3.7333333,3.7333333]}}}