{"textures":{"0":"modelengine:entity/mso_lava_lord"},"elements":[{"name":"cube","from":[8.0,2.9599988,1.2799999],"to":[14.72,9.68,14.72],"rotation":{"angle":0.0,"axis":"x","origin":[14.72,11.36,8.0]},"faces":{"down":{"uv":[10.75,1.125,11.0,1.625],"rotation":0,"texture":"#0","tintindex":0},"east":{"uv":[11.25,1.625,10.75,1.875],"rotation":0,"texture":"#0","tintindex":0},"north":{"uv":[5.375,12.0,5.125,12.25],"rotation":0,"texture":"#0","tintindex":0},"south":{"uv":[5.375,12.0,5.125,12.25],"rotation":0,"texture":"#0","tintindex":0},"up":{"uv":[10.5,1.625,10.75,1.125],"rotation":0,"texture":"#0","tintindex":0},"west":{"uv":[10.5,1.625,10.0,1.875],"rotation":0,"texture":"#0","tintindex":0}}},{"name":"cube","from":[7.16,-3.7600007,2.1199996],"to":[13.880001,2.9599988,13.88],"rotation":{"angle":0.0,"axis":"x","origin":[13.880001,4.6399984,8.0]},"faces":{"down":{"uv":[3.0,3.125,3.25,3.5],"rotation":0,"texture":"#0","tintindex":0},"east":{"uv":[3.375,3.5,3.0,3.75],"rotation":0,"texture":"#0","tintindex":0},"north":{"uv":[5.375,12.0,5.125,12.25],"rotation":0,"texture":"#0","tintindex":0},"south":{"uv":[5.375,12.0,5.125,12.25],"rotation":0,"texture":"#0","tintindex":0},"up":{"uv":[2.75,3.5,3.0,3.125],"rotation":0,"texture":"#0","tintindex":0},"west":{"uv":[2.75,3.5,2.375,3.75],"rotation":0,"texture":"#0","tintindex":0}}},{"name":"cube","from":[2.1200004,-3.7600007,7.16],"to":[5.4800005,1.2799993,13.88],"rotation":{"angle":0.0,"axis":"x","origin":[8.840001,4.6399984,13.04]},"faces":{"down":{"uv":[7.625,8.75,7.75,9.0],"rotation":0,"texture":"#0","tintindex":0},"east":{"uv":[7.875,9.0,7.625,9.125],"rotation":0,"texture":"#0","tintindex":0},"north":{"uv":[7.625,9.0,7.5,9.125],"rotation":0,"texture":"#0","tintindex":0},"south":{"uv":[8.0,9.0,7.875,9.125],"rotation":0,"texture":"#0","tintindex":0},"up":{"uv":[7.5,9.0,7.625,8.75],"rotation":0,"texture":"#0","tintindex":0},"west":{"uv":[7.5,9.0,7.25,9.125],"rotation":0,"texture":"#0","tintindex":0}}},{"name":"cube","from":[2.1200004,-0.40000033,2.1199996],"to":[5.4800005,4.6399984,5.48],"rotation":{"angle":0.0,"axis":"x","origin":[8.840001,6.3200006,6.3199997]},"faces":{"down":{"uv":[3.5,3.25,3.375,3.375],"rotation":0,"texture":"#0","tintindex":0},"east":{"uv":[3.5,3.25,3.375,3.375],"rotation":0,"texture":"#0","tintindex":0},"north":{"uv":[3.5,3.25,3.375,3.375],"rotation":0,"texture":"#0","tintindex":0},"south":{"uv":[3.5,3.25,3.375,3.375],"rotation":0,"texture":"#0","tintindex":0},"up":{"uv":[3.5,3.25,3.375,3.375],"rotation":0,"texture":"#0","tintindex":0},"west":{"uv":[3.5,3.25,3.375,3.375],"rotation":0,"texture":"#0","tintindex":0}}},{"name":"cube","from":[2.1200004,-5.4400015,2.1199996],"to":[5.4800005,-2.0800009,5.48],"rotation":{"angle":0.0,"axis":"x","origin":[8.840001,2.9599988,6.3199997]},"faces":{"down":{"uv":[2.625,2.875,2.5,3.0],"rotation":0,"texture":"#0","tintindex":0},"east":{"uv":[2.625,2.875,2.5,3.0],"rotation":0,"texture":"#0","tintindex":0},"north":{"uv":[2.625,2.875,2.5,3.0],"rotation":0,"texture":"#0","tintindex":0},"south":{"uv":[2.625,2.875,2.5,3.0],"rotation":0,"texture":"#0","tintindex":0},"up":{"uv":[2.625,2.875,2.5,3.0],"rotation":0,"texture":"#0","tintindex":0},"west":{"uv":[2.625,2.875,2.5,3.0],"rotation":0,"texture":"#0","tintindex":0}}},{"name":"cube","from":[-0.39999986,2.9599988,7.16],"to":[6.3200006,9.68,13.88],"rotation":{"angle":0.0,"axis":"x","origin":[6.3200006,11.36,8.0]},"faces":{"down":{"uv":[5.375,12.0,5.125,12.25],"rotation":0,"texture":"#0","tintindex":0},"east":{"uv":[5.375,12.0,5.125,12.25],"rotation":0,"texture":"#0","tintindex":0},"north":{"uv":[5.375,12.0,5.125,12.25],"rotation":0,"texture":"#0","tintindex":0},"south":{"uv":[5.375,12.0,5.125,12.25],"rotation":0,"texture":"#0","tintindex":0},"up":{"uv":[5.375,12.0,5.125,12.25],"rotation":0,"texture":"#0","tintindex":0},"west":{"uv":[5.375,12.0,5.125,12.25],"rotation":0,"texture":"#0","tintindex":0}}},{"name":"cube","from":[0.44000006,4.6399984,2.1199996],"to":[5.4800005,9.68,5.48],"rotation":{"angle":0.0,"axis":"x","origin":[6.3200006,11.36,1.2799999]},"faces":{"down":{"uv":[0.25,5.375,0.375,5.5],"rotation":0,"texture":"#0","tintindex":0},"east":{"uv":[0.375,5.5,0.25,5.625],"rotation":0,"texture":"#0","tintindex":0},"north":{"uv":[0.25,5.5,0.125,5.625],"rotation":0,"texture":"#0","tintindex":0},"south":{"uv":[0.5,5.5,0.375,5.625],"rotation":0,"texture":"#0","tintindex":0},"up":{"uv":[0.125,5.5,0.25,5.375],"rotation":0,"texture":"#0","tintindex":0},"west":{"uv":[0.125,5.5,0.0,5.625],"rotation":0,"texture":"#0","tintindex":0}}},{"name":"cube","from":[11.360001,-0.40000033,4.64],"to":[14.72,6.3200006,11.360001],"rotation":{"angle":-22.5,"axis":"z","origin":[14.72,-0.40000033,8.0]},"faces":{"down":{"uv":[2.625,11.75,2.75,12.0],"rotation":0,"texture":"#0","tintindex":0},"east":{"uv":[5.375,12.0,5.125,12.25],"rotation":0,"texture":"#0","tintindex":0},"north":{"uv":[6.75,10.5,6.625,10.75],"rotation":0,"texture":"#0","tintindex":0},"south":{"uv":[6.0,10.5,5.875,10.75],"rotation":0,"texture":"#0","tintindex":0},"up":{"uv":[5.875,10.75,6.0,10.5],"rotation":0,"texture":"#0","tintindex":0},"west":{"uv":[2.5,12.0,2.25,12.25],"rotation":0,"texture":"#0","tintindex":0}}},{"name":"cube","from":[11.360001,6.3200006,2.96],"to":[14.72,9.68,13.04],"rotation":{"angle":-22.5,"axis":"z","origin":[14.72,6.3200006,8.0]},"faces":{"down":{"uv":[2.25,7.0,2.375,7.375],"rotation":0,"texture":"#0","tintindex":0},"east":{"uv":[2.625,7.375,2.25,7.5],"rotation":0,"texture":"#0","tintindex":0},"north":{"uv":[6.0,10.5,5.875,10.625],"rotation":0,"texture":"#0","tintindex":0},"south":{"uv":[6.0,10.5,5.875,10.625],"rotation":0,"texture":"#0","tintindex":0},"up":{"uv":[2.125,7.375,2.25,7.0],"rotation":0,"texture":"#0","tintindex":0},"west":{"uv":[2.125,7.375,1.75,7.5],"rotation":0,"texture":"#0","tintindex":0}}},{"name":"cube","from":[2.96,-5.4400015,2.96],"to":[13.040001,8.0,13.04],"rotation":{"angle":0.0,"axis":"x","origin":[8.0,8.0,8.0]},"faces":{"down":{"uv":[10.875,3.75,11.25,4.125],"rotation":0,"texture":"#0","tintindex":0},"east":{"uv":[11.25,4.125,10.875,4.625],"rotation":0,"texture":"#0","tintindex":0},"north":{"uv":[10.875,4.125,10.5,4.625],"rotation":0,"texture":"#0","tintindex":0},"south":{"uv":[11.625,4.125,11.25,4.625],"rotation":0,"texture":"#0","tintindex":0},"up":{"uv":[10.5,4.125,10.875,3.75],"rotation":0,"texture":"#0","tintindex":0},"west":{"uv":[10.5,4.125,10.125,4.625],"rotation":0,"texture":"#0","tintindex":0}}}],"display":{"head":{"translation":[0.0,-6.4,0.0],"rotation":[0.0,0.0,0.0],"scale":[3.8095,3.8095,3.8095]}}}