{"textures":{"0":"modelengine:entity/mso_lava_lord"},"elements":[{"name":"cube","from":[4.64,4.640001,-4.6000004],"to":[11.360001,11.360003,-1.2400002],"rotation":{"angle":45.0,"axis":"z","origin":[8.0,8.0,-2.920001]},"faces":{"down":{"uv":[5.625,11.875,5.375,12.0],"rotation":0,"texture":"#0","tintindex":0},"east":{"uv":[5.0,12.0,5.125,12.25],"rotation":0,"texture":"#0","tintindex":0},"north":{"uv":[5.125,12.0,5.375,12.25],"rotation":0,"texture":"#0","tintindex":0},"south":{"uv":[5.5,12.0,5.75,12.25],"rotation":0,"texture":"#0","tintindex":0},"up":{"uv":[5.375,12.0,5.125,11.875],"rotation":0,"texture":"#0","tintindex":0},"west":{"uv":[5.375,12.0,5.5,12.25],"rotation":0,"texture":"#0","tintindex":0}}},{"name":"cube","from":[4.64,10.856001,16.400002],"to":[14.72,20.936005,19.760002],"rotation":{"angle":45.0,"axis":"z","origin":[8.0,14.216001,18.08]},"faces":{"down":{"uv":[4.875,10.5,4.5,10.625],"rotation":0,"texture":"#0","tintindex":0},"east":{"uv":[4.0,10.625,4.125,11.0],"rotation":0,"texture":"#0","tintindex":0},"north":{"uv":[4.125,10.625,4.5,11.0],"rotation":0,"texture":"#0","tintindex":0},"south":{"uv":[5.625,11.5,6.0,11.875],"rotation":0,"texture":"#0","tintindex":0},"up":{"uv":[4.5,10.625,4.125,10.5],"rotation":0,"texture":"#0","tintindex":0},"west":{"uv":[4.5,10.625,4.625,11.0],"rotation":0,"texture":"#0","tintindex":0}}},{"name":"cube","from":[1.2799999,11.360003,-3.7600007],"to":[14.72,18.080002,-0.40000033],"rotation":{"angle":0.0,"axis":"x","origin":[-2.08,8.0,6.3199997]},"faces":{"down":{"uv":[10.5,5.625,10.0,5.75],"rotation":0,"texture":"#0","tintindex":0},"east":{"uv":[9.375,5.75,9.5,6.0],"rotation":0,"texture":"#0","tintindex":0},"north":{"uv":[9.5,5.75,10.0,6.0],"rotation":0,"texture":"#0","tintindex":0},"south":{"uv":[10.125,5.75,10.625,6.0],"rotation":0,"texture":"#0","tintindex":0},"up":{"uv":[10.0,5.75,9.5,5.625],"rotation":0,"texture":"#0","tintindex":0},"west":{"uv":[10.0,5.75,10.125,6.0],"rotation":0,"texture":"#0","tintindex":0}}},{"name":"cube","from":[2.96,8.0,-3.7600007],"to":[13.04,11.360003,-0.40000033],"rotation":{"angle":0.0,"axis":"x","origin":[-2.08,4.640001,6.3199997]},"faces":{"down":{"uv":[0.875,7.25,0.5,7.375],"rotation":0,"texture":"#0","tintindex":0},"east":{"uv":[0.0,7.375,0.125,7.5],"rotation":0,"texture":"#0","tintindex":0},"north":{"uv":[0.125,7.375,0.5,7.5],"rotation":0,"texture":"#0","tintindex":0},"south":{"uv":[0.625,7.375,1.0,7.5],"rotation":0,"texture":"#0","tintindex":0},"up":{"uv":[0.5,7.375,0.125,7.25],"rotation":0,"texture":"#0","tintindex":0},"west":{"uv":[0.5,7.375,0.625,7.5],"rotation":0,"texture":"#0","tintindex":0}}},{"name":"cube","from":[-9.136001,11.024,-4.096],"to":[-1.7440004,21.776001,20.096],"rotation":{"angle":0.0,"axis":"x","origin":[-15.520001,8.0,8.0]},"faces":{"down":{"uv":[3.0,8.875,2.75,9.75],"rotation":0,"texture":"#0","tintindex":0},"east":{"uv":[1.625,9.75,2.5,10.125],"rotation":0,"texture":"#0","tintindex":0},"north":{"uv":[2.5,9.75,2.75,10.125],"rotation":0,"texture":"#0","tintindex":0},"south":{"uv":[2.5,9.75,2.75,10.125],"rotation":0,"texture":"#0","tintindex":0},"up":{"uv":[2.75,9.75,2.5,8.875],"rotation":0,"texture":"#0","tintindex":0},"west":{"uv":[2.75,9.75,3.625,10.125],"rotation":0,"texture":"#0","tintindex":0}}},{"name":"cube","from":[-9.64,8.0,2.96],"to":[-6.2799997,14.720003,13.04],"rotation":{"angle":22.5,"axis":"z","origin":[-9.64,8.0,8.0]},"faces":{"down":{"uv":[9.125,11.125,9.0,11.5],"rotation":0,"texture":"#0","tintindex":0},"east":{"uv":[8.5,11.5,8.875,11.75],"rotation":0,"texture":"#0","tintindex":0},"north":{"uv":[6.625,10.5,6.75,10.75],"rotation":0,"texture":"#0","tintindex":0},"south":{"uv":[1.125,11.375,1.25,11.625],"rotation":0,"texture":"#0","tintindex":0},"up":{"uv":[9.0,11.5,8.875,11.125],"rotation":0,"texture":"#0","tintindex":0},"west":{"uv":[9.0,11.5,9.375,11.75],"rotation":0,"texture":"#0","tintindex":0}}},{"name":"cube","from":[-9.64,13.040001,-0.40000033],"to":[-6.2799997,19.760006,16.400002],"rotation":{"angle":22.5,"axis":"z","origin":[-9.64,13.040001,8.0]},"faces":{"down":{"uv":[8.75,10.25,8.625,10.875],"rotation":0,"texture":"#0","tintindex":0},"east":{"uv":[7.875,10.875,8.5,11.125],"rotation":0,"texture":"#0","tintindex":0},"north":{"uv":[6.625,10.5,6.75,10.75],"rotation":0,"texture":"#0","tintindex":0},"south":{"uv":[6.625,10.5,6.75,10.75],"rotation":0,"texture":"#0","tintindex":0},"up":{"uv":[8.625,10.875,8.5,10.25],"rotation":0,"texture":"#0","tintindex":0},"west":{"uv":[8.625,10.875,9.25,11.125],"rotation":0,"texture":"#0","tintindex":0}}},{"name":"cube","from":[17.744,11.024,-4.096],"to":[25.135998,21.776001,20.096],"rotation":{"angle":0.0,"axis":"x","origin":[31.52,8.0,8.0]},"faces":{"down":{"uv":[2.75,8.875,3.0,9.75],"rotation":0,"texture":"#0","tintindex":0},"east":{"uv":[3.625,9.75,2.75,10.125],"rotation":0,"texture":"#0","tintindex":0},"north":{"uv":[2.75,9.75,2.5,10.125],"rotation":0,"texture":"#0","tintindex":0},"south":{"uv":[2.75,9.75,2.5,10.125],"rotation":0,"texture":"#0","tintindex":0},"up":{"uv":[2.5,9.75,2.75,8.875],"rotation":0,"texture":"#0","tintindex":0},"west":{"uv":[2.5,9.75,1.625,10.125],"rotation":0,"texture":"#0","tintindex":0}}},{"name":"cube","from":[22.279999,13.040001,-0.40000033],"to":[25.640003,19.760006,16.400002],"rotation":{"angle":-22.5,"axis":"z","origin":[25.640003,13.040001,8.0]},"faces":{"down":{"uv":[8.625,10.25,8.75,10.875],"rotation":0,"texture":"#0","tintindex":0},"east":{"uv":[9.25,10.875,8.625,11.125],"rotation":0,"texture":"#0","tintindex":0},"north":{"uv":[6.75,10.5,6.625,10.75],"rotation":0,"texture":"#0","tintindex":0},"south":{"uv":[6.75,10.5,6.625,10.75],"rotation":0,"texture":"#0","tintindex":0},"up":{"uv":[8.5,10.875,8.625,10.25],"rotation":0,"texture":"#0","tintindex":0},"west":{"uv":[8.5,10.875,7.875,11.125],"rotation":0,"texture":"#0","tintindex":0}}},{"name":"cube","from":[22.279999,8.0,2.96],"to":[25.640003,14.720003,13.04],"rotation":{"angle":-22.5,"axis":"z","origin":[25.640003,8.0,8.0]},"faces":{"down":{"uv":[9.0,11.125,9.125,11.5],"rotation":0,"texture":"#0","tintindex":0},"east":{"uv":[9.375,11.5,9.0,11.75],"rotation":0,"texture":"#0","tintindex":0},"north":{"uv":[6.75,10.5,6.625,10.75],"rotation":0,"texture":"#0","tintindex":0},"south":{"uv":[1.25,11.375,1.125,11.625],"rotation":0,"texture":"#0","tintindex":0},"up":{"uv":[8.875,11.5,9.0,11.125],"rotation":0,"texture":"#0","tintindex":0},"west":{"uv":[8.875,11.5,8.5,11.75],"rotation":0,"texture":"#0","tintindex":0}}},{"name":"cube","from":[-5.4400005,8.0,-0.40000033],"to":[21.439999,24.8,16.400002],"rotation":{"angle":0.0,"axis":"x","origin":[8.0,8.0,8.0]},"faces":{"down":{"uv":[8.375,7.375,7.375,8.0],"rotation":0,"texture":"#0","tintindex":0},"east":{"uv":[5.75,8.0,6.375,8.625],"rotation":0,"texture":"#0","tintindex":0},"north":{"uv":[6.375,8.0,7.375,8.625],"rotation":0,"texture":"#0","tintindex":0},"south":{"uv":[8.0,8.0,9.0,8.625],"rotation":0,"texture":"#0","tintindex":0},"up":{"uv":[7.375,8.0,6.375,7.375],"rotation":0,"texture":"#0","tintindex":0},"west":{"uv":[7.375,8.0,8.0,8.625],"rotation":0,"texture":"#0","tintindex":0}}}],"display":{"head":{"translation":[0.0,-6.4,0.0],"rotation":[0.0,0.0,0.0],"scale":[3.8095,3.8095,3.8095]}}}