{"textures":{"0":"modelengine:entity/unk1nown"},"elements":[{"name":"bone35","from":[11.522102,11.170419,5.4351134],"to":[12.062102,12.401464,8.6243],"rotation":{"angle":0.0,"axis":"x","origin":[7.7,11.60594,7.62971]},"faces":{"down":{"uv":[1.21875,5.65625,1.1875,5.8125],"rotation":0,"texture":"#0","tintindex":0},"east":{"uv":[7.25,0.46875,7.40625,0.53125],"rotation":0,"texture":"#0","tintindex":0},"north":{"uv":[7.375,2.1875,7.40625,2.25],"rotation":0,"texture":"#0","tintindex":0},"south":{"uv":[2.375,7.375,2.40625,7.4375],"rotation":0,"texture":"#0","tintindex":0},"up":{"uv":[5.1875,3.09375,5.15625,2.9375],"rotation":0,"texture":"#0","tintindex":0},"west":{"uv":[7.25,1.0625,7.40625,1.125],"rotation":0,"texture":"#0","tintindex":0}}},{"name":"bone35","from":[3.3378978,11.170419,5.4351134],"to":[3.8778977,12.401464,8.6243],"rotation":{"angle":0.0,"axis":"x","origin":[7.7,11.60594,7.62971]},"faces":{"down":{"uv":[1.96875,5.0625,1.9375,5.21875],"rotation":0,"texture":"#0","tintindex":0},"east":{"uv":[7.1875,5.71875,7.34375,5.78125],"rotation":0,"texture":"#0","tintindex":0},"north":{"uv":[1.46875,7.375,1.5,7.4375],"rotation":0,"texture":"#0","tintindex":0},"south":{"uv":[1.53125,7.375,1.5625,7.4375],"rotation":0,"texture":"#0","tintindex":0},"up":{"uv":[3.75,4.59375,3.71875,4.4375],"rotation":0,"texture":"#0","tintindex":0},"west":{"uv":[6.46875,7.1875,6.625,7.25],"rotation":0,"texture":"#0","tintindex":0}}},{"name":"bone35","from":[3.8778977,6.997058,3.5676618],"to":[11.522102,13.0881,10.476849],"rotation":{"angle":0.0,"axis":"x","origin":[8.3,8.99258,6.3022575]},"faces":{"down":{"uv":[4.5,1.3125,4.09375,1.6875],"rotation":0,"texture":"#0","tintindex":0},"east":{"uv":[4.03125,5.25,4.40625,5.5625],"rotation":0,"texture":"#0","tintindex":0},"north":{"uv":[2.5,5.03125,2.90625,5.34375],"rotation":0,"texture":"#0","tintindex":0},"south":{"uv":[1.5,5.0625,1.90625,5.375],"rotation":0,"texture":"#0","tintindex":0},"up":{"uv":[4.5,1.28125,4.09375,0.90625],"rotation":0,"texture":"#0","tintindex":0},"west":{"uv":[3.28125,5.28125,3.65625,5.59375],"rotation":0,"texture":"#0","tintindex":0}}},{"name":"bone35","from":[1.9578981,12.030681,14.919411],"to":[2.5821018,12.661726,16.788597],"rotation":{"angle":0.0,"axis":"x","origin":[2.2999997,12.3762045,13.274007]},"faces":{"down":{"uv":[5.5,7.34375,5.46875,7.4375],"rotation":0,"texture":"#0","tintindex":0},"east":{"uv":[4.5,2.5,4.59375,2.53125],"rotation":0,"texture":"#0","tintindex":0},"north":{"uv":[6.09375,6.71875,6.125,6.75],"rotation":0,"texture":"#0","tintindex":0},"south":{"uv":[6.15625,6.71875,6.1875,6.75],"rotation":0,"texture":"#0","tintindex":0},"up":{"uv":[5.4375,7.4375,5.40625,7.34375],"rotation":0,"texture":"#0","tintindex":0},"west":{"uv":[4.59375,0.3125,4.6875,0.34375],"rotation":0,"texture":"#0","tintindex":0}}},{"name":"bone35","from":[1.6578981,11.73068,12.15941],"to":[2.942102,13.021725,14.9285965],"rotation":{"angle":0.0,"axis":"x","origin":[2.2999997,12.3762045,13.274007]},"faces":{"down":{"uv":[0.28125,5.9375,0.21875,6.09375],"rotation":0,"texture":"#0","tintindex":0},"east":{"uv":[3.53125,4.875,3.6875,4.9375],"rotation":0,"texture":"#0","tintindex":0},"north":{"uv":[7.3125,6.375,7.375,6.4375],"rotation":0,"texture":"#0","tintindex":0},"south":{"uv":[7.3125,6.46875,7.375,6.53125],"rotation":0,"texture":"#0","tintindex":0},"up":{"uv":[3.96875,5.84375,3.90625,5.6875],"rotation":0,"texture":"#0","tintindex":0},"west":{"uv":[5.25,7.1875,5.40625,7.25],"rotation":0,"texture":"#0","tintindex":0}}},{"name":"bone35","from":[1.4178977,11.550681,8.679411],"to":[3.2421017,13.261725,12.168596],"rotation":{"angle":0.0,"axis":"x","origin":[2.2999997,12.3762045,13.274007]},"faces":{"down":{"uv":[7.21875,2.09375,7.125,2.28125],"rotation":0,"texture":"#0","tintindex":0},"east":{"uv":[2.15625,6.53125,2.34375,6.625],"rotation":0,"texture":"#0","tintindex":0},"north":{"uv":[5.375,6.03125,5.46875,6.125],"rotation":0,"texture":"#0","tintindex":0},"south":{"uv":[6.375,1.0625,6.46875,1.15625],"rotation":0,"texture":"#0","tintindex":0},"up":{"uv":[1.90625,5.59375,1.8125,5.40625],"rotation":0,"texture":"#0","tintindex":0},"west":{"uv":[7.0625,1.90625,7.25,2.0],"rotation":0,"texture":"#0","tintindex":0}}},{"name":"bone35","from":[10.090262,7.456179,0.691844],"to":[10.090262,9.287222,5.801031],"rotation":{"angle":0.0,"axis":"x","origin":[10.090262,7.8917,3.246433]},"faces":{"down":{"uv":[2.71875,5.6875,2.71875,5.96875],"rotation":0,"texture":"#0","tintindex":0},"east":{"uv":[2.4375,7.0,2.71875,7.09375],"rotation":0,"texture":"#0","tintindex":0},"north":{"uv":[4.5,4.78125,4.5,4.875],"rotation":0,"texture":"#0","tintindex":0},"south":{"uv":[2.0,4.875,2.0,4.96875],"rotation":0,"texture":"#0","tintindex":0},"up":{"uv":[4.0,5.5625,4.0,5.28125],"rotation":0,"texture":"#0","tintindex":0},"west":{"uv":[7.0,3.59375,7.28125,3.6875],"rotation":0,"texture":"#0","tintindex":0}}},{"name":"bone35","from":[10.090262,7.005373,-4.097781],"to":[10.090262,8.836419,1.011404],"rotation":{"angle":0.0,"axis":"x","origin":[7.88816,10.449003,-0.08414793]},"faces":{"down":{"uv":[2.53125,7.375,2.53125,7.65625],"rotation":0,"texture":"#0","tintindex":0},"east":{"uv":[7.0,5.375,7.28125,5.46875],"rotation":0,"texture":"#0","tintindex":0},"north":{"uv":[5.5,2.0,5.5,2.09375],"rotation":0,"texture":"#0","tintindex":0},"south":{"uv":[5.78125,3.90625,5.78125,4.0],"rotation":0,"texture":"#0","tintindex":0},"up":{"uv":[2.5,7.65625,2.5,7.375],"rotation":0,"texture":"#0","tintindex":0},"west":{"uv":[7.0,5.5,7.28125,5.59375],"rotation":0,"texture":"#0","tintindex":0}}},{"name":"bone35","from":[4.6578975,11.728604,6.026006],"to":[10.742102,15.419647,7.5351915],"rotation":{"angle":0.0,"axis":"x","origin":[7.7,13.574126,6.7806025]},"faces":{"down":{"uv":[7.28125,6.625,6.96875,6.71875],"rotation":0,"texture":"#0","tintindex":0},"east":{"uv":[4.0625,7.125,4.15625,7.3125],"rotation":0,"texture":"#0","tintindex":0},"north":{"uv":[0.53125,6.3125,0.84375,6.5],"rotation":0,"texture":"#0","tintindex":0},"south":{"uv":[6.3125,3.96875,6.625,4.15625],"rotation":0,"texture":"#0","tintindex":0},"up":{"uv":[7.28125,6.59375,6.96875,6.5],"rotation":0,"texture":"#0","tintindex":0},"west":{"uv":[7.125,4.125,7.21875,4.3125],"rotation":0,"texture":"#0","tintindex":0}}},{"name":"bone35","from":[4.84046,15.393481,7.9006996],"to":[7.144664,20.164528,10.009888],"rotation":{"angle":0.0,"axis":"x","origin":[5.630804,16.960854,6.010291]},"faces":{"down":{"uv":[4.59375,7.15625,4.46875,7.28125],"rotation":0,"texture":"#0","tintindex":0},"east":{"uv":[1.53125,6.875,1.65625,7.125],"rotation":0,"texture":"#0","tintindex":0},"north":{"uv":[4.09375,6.84375,4.21875,7.09375],"rotation":0,"texture":"#0","tintindex":0},"south":{"uv":[1.6875,6.875,1.8125,7.125],"rotation":0,"texture":"#0","tintindex":0},"up":{"uv":[3.84375,7.28125,3.71875,7.15625],"rotation":0,"texture":"#0","tintindex":0},"west":{"uv":[2.15625,6.875,2.28125,7.125],"rotation":0,"texture":"#0","tintindex":0}}},{"name":"bone35","from":[12.046058,11.550681,8.679411],"to":[13.870263,13.261725,12.168596],"rotation":{"angle":0.0,"axis":"x","origin":[12.98816,12.3762045,13.274007]},"faces":{"down":{"uv":[1.59375,7.15625,1.5,7.34375],"rotation":0,"texture":"#0","tintindex":0},"east":{"uv":[0.4375,7.15625,0.625,7.25],"rotation":0,"texture":"#0","tintindex":0},"north":{"uv":[2.28125,7.21875,2.375,7.3125],"rotation":0,"texture":"#0","tintindex":0},"south":{"uv":[7.25,2.1875,7.34375,2.28125],"rotation":0,"texture":"#0","tintindex":0},"up":{"uv":[1.3125,7.34375,1.21875,7.15625],"rotation":0,"texture":"#0","tintindex":0},"west":{"uv":[1.0,7.15625,1.1875,7.25],"rotation":0,"texture":"#0","tintindex":0}}},{"name":"bone35","from":[12.346058,11.73068,12.15941],"to":[13.630262,13.021725,14.9285965],"rotation":{"angle":0.0,"axis":"x","origin":[12.98816,12.3762045,13.274007]},"faces":{"down":{"uv":[6.28125,3.96875,6.21875,4.125],"rotation":0,"texture":"#0","tintindex":0},"east":{"uv":[7.25,1.15625,7.40625,1.21875],"rotation":0,"texture":"#0","tintindex":0},"north":{"uv":[7.34375,0.0,7.40625,0.0625],"rotation":0,"texture":"#0","tintindex":0},"south":{"uv":[7.34375,0.09375,7.40625,0.15625],"rotation":0,"texture":"#0","tintindex":0},"up":{"uv":[0.28125,6.28125,0.21875,6.125],"rotation":0,"texture":"#0","tintindex":0},"west":{"uv":[7.25,1.25,7.40625,1.3125],"rotation":0,"texture":"#0","tintindex":0}}},{"name":"bone35","from":[12.706058,12.030681,14.919411],"to":[13.330262,12.661726,16.788597],"rotation":{"angle":0.0,"axis":"x","origin":[12.98816,12.3762045,13.274007]},"faces":{"down":{"uv":[5.625,7.34375,5.59375,7.4375],"rotation":0,"texture":"#0","tintindex":0},"east":{"uv":[4.71875,4.9375,4.8125,4.96875],"rotation":0,"texture":"#0","tintindex":0},"north":{"uv":[6.78125,2.3125,6.8125,2.34375],"rotation":0,"texture":"#0","tintindex":0},"south":{"uv":[6.53125,6.78125,6.5625,6.8125],"rotation":0,"texture":"#0","tintindex":0},"up":{"uv":[5.5625,7.4375,5.53125,7.34375],"rotation":0,"texture":"#0","tintindex":0},"west":{"uv":[4.4375,5.25,4.53125,5.28125],"rotation":0,"texture":"#0","tintindex":0}}},{"name":"bone35","from":[6.866084,19.218632,8.309361],"to":[8.570288,25.009678,9.938547],"rotation":{"angle":0.0,"axis":"x","origin":[9.657356,16.960854,6.010291]},"faces":{"down":{"uv":[2.625,7.25,2.53125,7.34375],"rotation":0,"texture":"#0","tintindex":0},"east":{"uv":[0.875,6.875,0.96875,7.1875],"rotation":0,"texture":"#0","tintindex":0},"north":{"uv":[3.6875,2.5625,3.78125,2.875],"rotation":0,"texture":"#0","tintindex":0},"south":{"uv":[2.3125,6.875,2.40625,7.1875],"rotation":0,"texture":"#0","tintindex":0},"up":{"uv":[2.5,7.34375,2.40625,7.25],"rotation":0,"texture":"#0","tintindex":0},"west":{"uv":[1.375,6.9375,1.46875,7.25],"rotation":0,"texture":"#0","tintindex":0}}},{"name":"bone35","from":[13.972652,14.840878,12.579009],"to":[15.016856,16.071918,15.528195],"rotation":{"angle":0.0,"axis":"x","origin":[9.657356,16.960854,6.010291]},"faces":{"down":{"uv":[4.09375,6.53125,4.03125,6.6875],"rotation":0,"texture":"#0","tintindex":0},"east":{"uv":[7.25,1.59375,7.40625,1.65625],"rotation":0,"texture":"#0","tintindex":0},"north":{"uv":[7.34375,0.1875,7.40625,0.25],"rotation":0,"texture":"#0","tintindex":0},"south":{"uv":[7.34375,0.5625,7.40625,0.625],"rotation":0,"texture":"#0","tintindex":0},"up":{"uv":[5.34375,6.4375,5.28125,6.28125],"rotation":0,"texture":"#0","tintindex":0},"west":{"uv":[7.25,1.6875,7.40625,1.75],"rotation":0,"texture":"#0","tintindex":0}}},{"name":"bone35","from":[8.143496,15.393481,7.9006996],"to":[10.4477005,20.164528,10.009888],"rotation":{"angle":0.0,"axis":"x","origin":[9.657356,16.960854,6.010291]},"faces":{"down":{"uv":[5.21875,7.15625,5.09375,7.28125],"rotation":0,"texture":"#0","tintindex":0},"east":{"uv":[3.0,6.875,3.125,7.125],"rotation":0,"texture":"#0","tintindex":0},"north":{"uv":[2.84375,6.875,2.96875,7.125],"rotation":0,"texture":"#0","tintindex":0},"south":{"uv":[6.90625,1.0625,7.03125,1.3125],"rotation":0,"texture":"#0","tintindex":0},"up":{"uv":[5.0625,7.28125,4.9375,7.15625],"rotation":0,"texture":"#0","tintindex":0},"west":{"uv":[4.78125,6.90625,4.90625,7.15625],"rotation":0,"texture":"#0","tintindex":0}}},{"name":"bone35","from":[6.7178717,19.218632,8.309361],"to":[8.422075,25.009678,9.938547],"rotation":{"angle":0.0,"axis":"x","origin":[5.630804,16.960854,6.010291]},"faces":{"down":{"uv":[3.96875,7.25,3.875,7.34375],"rotation":0,"texture":"#0","tintindex":0},"east":{"uv":[0.1875,6.96875,0.28125,7.28125],"rotation":0,"texture":"#0","tintindex":0},"north":{"uv":[4.65625,6.9375,4.75,7.25],"rotation":0,"texture":"#0","tintindex":0},"south":{"uv":[0.3125,6.96875,0.40625,7.28125],"rotation":0,"texture":"#0","tintindex":0},"up":{"uv":[7.34375,3.0,7.25,2.90625],"rotation":0,"texture":"#0","tintindex":0},"west":{"uv":[1.84375,6.96875,1.9375,7.28125],"rotation":0,"texture":"#0","tintindex":0}}},{"name":"bone35","from":[0.2713039,14.840878,12.579009],"to":[1.315508,16.071918,15.528195],"rotation":{"angle":0.0,"axis":"x","origin":[5.630804,16.960854,6.010291]},"faces":{"down":{"uv":[3.4375,6.96875,3.375,7.125],"rotation":0,"texture":"#0","tintindex":0},"east":{"uv":[7.25,1.78125,7.40625,1.84375],"rotation":0,"texture":"#0","tintindex":0},"north":{"uv":[7.34375,0.65625,7.40625,0.71875],"rotation":0,"texture":"#0","tintindex":0},"south":{"uv":[0.8125,7.34375,0.875,7.40625],"rotation":0,"texture":"#0","tintindex":0},"up":{"uv":[4.8125,6.71875,4.75,6.5625],"rotation":0,"texture":"#0","tintindex":0},"west":{"uv":[7.25,2.09375,7.40625,2.15625],"rotation":0,"texture":"#0","tintindex":0}}},{"name":"bone35","from":[4.777898,8.325374,-4.5177817],"to":[10.622102,11.116419,4.191404],"rotation":{"angle":0.0,"axis":"x","origin":[8.0,10.449003,-0.08414793]},"faces":{"down":{"uv":[1.59375,4.21875,1.28125,4.6875],"rotation":0,"texture":"#0","tintindex":0},"east":{"uv":[5.875,3.28125,6.34375,3.4375],"rotation":0,"texture":"#0","tintindex":0},"north":{"uv":[6.53125,0.28125,6.84375,0.4375],"rotation":0,"texture":"#0","tintindex":0},"south":{"uv":[0.53125,6.53125,0.84375,6.6875],"rotation":0,"texture":"#0","tintindex":0},"up":{"uv":[1.25,4.6875,0.9375,4.21875],"rotation":0,"texture":"#0","tintindex":0},"west":{"uv":[5.875,3.46875,6.34375,3.625],"rotation":0,"texture":"#0","tintindex":0}}},{"name":"bone35","from":[5.197898,7.005373,-4.097781],"to":[5.197898,8.836419,1.011404],"rotation":{"angle":0.0,"axis":"x","origin":[7.4,10.449003,-0.08414793]},"faces":{"down":{"uv":[3.875,7.375,3.875,7.65625],"rotation":0,"texture":"#0","tintindex":0},"east":{"uv":[5.90625,7.0,6.1875,7.09375],"rotation":0,"texture":"#0","tintindex":0},"north":{"uv":[6.1875,3.65625,6.1875,3.75],"rotation":0,"texture":"#0","tintindex":0},"south":{"uv":[6.1875,3.78125,6.1875,3.875],"rotation":0,"texture":"#0","tintindex":0},"up":{"uv":[2.625,7.65625,2.625,7.375],"rotation":0,"texture":"#0","tintindex":0},"west":{"uv":[6.21875,7.0,6.5,7.09375],"rotation":0,"texture":"#0","tintindex":0}}},{"name":"bone35","from":[5.197898,7.456179,0.691844],"to":[5.197898,9.287222,5.801031],"rotation":{"angle":0.0,"axis":"x","origin":[5.197898,7.8917,3.246433]},"faces":{"down":{"uv":[7.375,3.90625,7.375,4.1875],"rotation":0,"texture":"#0","tintindex":0},"east":{"uv":[7.03125,0.0,7.3125,0.09375],"rotation":0,"texture":"#0","tintindex":0},"north":{"uv":[6.5,1.0625,6.5,1.15625],"rotation":0,"texture":"#0","tintindex":0},"south":{"uv":[0.5,6.5625,0.5,6.65625],"rotation":0,"texture":"#0","tintindex":0},"up":{"uv":[3.90625,7.65625,3.90625,7.375],"rotation":0,"texture":"#0","tintindex":0},"west":{"uv":[7.03125,0.625,7.3125,0.71875],"rotation":0,"texture":"#0","tintindex":0}}},{"name":"bone35","from":[4.8303976,9.941595,-4.162067],"to":[10.569602,12.31264,5.1471205],"rotation":{"angle":0.0,"axis":"x","origin":[8.0,10.449003,-0.08414793]},"faces":{"down":{"uv":[4.40625,0.375,4.09375,0.875],"rotation":0,"texture":"#0","tintindex":0},"east":{"uv":[6.15625,5.4375,6.65625,5.5625],"rotation":0,"texture":"#0","tintindex":0},"north":{"uv":[1.1875,6.78125,1.5,6.90625],"rotation":0,"texture":"#0","tintindex":0},"south":{"uv":[6.78125,2.15625,7.09375,2.28125],"rotation":0,"texture":"#0","tintindex":0},"up":{"uv":[3.75,4.40625,3.4375,3.90625],"rotation":0,"texture":"#0","tintindex":0},"west":{"uv":[6.15625,5.59375,6.65625,5.71875],"rotation":0,"texture":"#0","tintindex":0}}}],"display":{"head":{"translation":[0.0,-6.4,0.0],"rotation":[0.0,0.0,0.0],"scale":[3.8095,3.8095,3.8095]}}}