{"textures":{"0":"modelengine:entity/unk1nown"},"elements":[{"name":"bone38","from":[5.167328,7.103815,2.941844],"to":[9.480836,11.417325,10.372094],"rotation":{"angle":0.0,"axis":"x","origin":[7.97549,9.912656,7.5569715]},"faces":{"down":{"uv":[6.0625,0.5625,5.84375,0.9375],"rotation":0,"texture":"#0","tintindex":0},"east":{"uv":[5.03125,5.78125,5.40625,6.0],"rotation":0,"texture":"#0","tintindex":0},"north":{"uv":[2.625,6.53125,2.84375,6.75],"rotation":0,"texture":"#0","tintindex":0},"south":{"uv":[3.78125,6.53125,4.0,6.75],"rotation":0,"texture":"#0","tintindex":0},"up":{"uv":[6.03125,4.53125,5.8125,4.15625],"rotation":0,"texture":"#0","tintindex":0},"west":{"uv":[5.8125,3.90625,6.1875,4.125],"rotation":0,"texture":"#0","tintindex":0}}},{"name":"bone38","from":[4.9178123,8.997073,2.89871],"to":[11.032214,12.671666,10.415228],"rotation":{"angle":0.0,"axis":"x","origin":[7.97549,9.912656,7.5569715]},"faces":{"down":{"uv":[3.25,5.1875,2.9375,5.59375],"rotation":0,"texture":"#0","tintindex":0},"east":{"uv":[4.09375,1.71875,4.5,1.90625],"rotation":0,"texture":"#0","tintindex":0},"north":{"uv":[6.3125,4.1875,6.625,4.375],"rotation":0,"texture":"#0","tintindex":0},"south":{"uv":[4.5,6.34375,4.8125,6.53125],"rotation":0,"texture":"#0","tintindex":0},"up":{"uv":[5.46875,2.90625,5.15625,2.5],"rotation":0,"texture":"#0","tintindex":0},"west":{"uv":[5.65625,3.0625,6.0625,3.25],"rotation":0,"texture":"#0","tintindex":0}}},{"name":"bone38","from":[8.185298,11.95007,8.891918],"to":[8.185298,17.48927,17.627918],"rotation":{"angle":0.0,"axis":"x","origin":[8.185298,16.63967,11.639918]},"faces":{"down":{"uv":[4.34375,7.375,4.34375,7.84375],"rotation":0,"texture":"#0","tintindex":0},"east":{"uv":[4.59375,0.0,5.0625,0.28125],"rotation":0,"texture":"#0","tintindex":0},"north":{"uv":[4.25,7.375,4.25,7.65625],"rotation":0,"texture":"#0","tintindex":0},"south":{"uv":[4.28125,7.375,4.28125,7.65625],"rotation":0,"texture":"#0","tintindex":0},"up":{"uv":[4.3125,7.84375,4.3125,7.375],"rotation":0,"texture":"#0","tintindex":0},"west":{"uv":[4.65625,2.5,5.125,2.78125],"rotation":0,"texture":"#0","tintindex":0}}}],"display":{"head":{"translation":[0.0,-6.4,0.0],"rotation":[0.0,0.0,0.0],"scale":[3.8095,3.8095,3.8095]}}}