{"textures":{"0":"modelengine:entity/unk1nown"},"elements":[{"name":"bone30","from":[3.5254517,8.03918,-3.2766767],"to":[12.370652,14.77838,5.459324],"rotation":{"angle":0.0,"axis":"x","origin":[8.19239,-10.992821,3.7745237]},"faces":{"down":{"uv":[4.28125,3.6875,3.8125,4.15625],"rotation":0,"texture":"#0","tintindex":0},"east":{"uv":[2.9375,3.90625,3.40625,4.25],"rotation":0,"texture":"#0","tintindex":0},"north":{"uv":[3.1875,2.5625,3.65625,2.90625],"rotation":0,"texture":"#0","tintindex":0},"south":{"uv":[4.03125,1.9375,4.5,2.28125],"rotation":0,"texture":"#0","tintindex":0},"up":{"uv":[4.28125,3.65625,3.8125,3.1875],"rotation":0,"texture":"#0","tintindex":0},"west":{"uv":[4.09375,0.0,4.5625,0.34375],"rotation":0,"texture":"#0","tintindex":0}}},{"name":"bone30","from":[8.252252,14.639181,-4.4766765],"to":[8.252252,20.17838,4.259324],"rotation":{"angle":0.0,"axis":"x","origin":[8.19239,-10.992821,3.7745237]},"faces":{"down":{"uv":[4.21875,7.375,4.21875,7.84375],"rotation":0,"texture":"#0","tintindex":0},"east":{"uv":[4.53125,2.1875,5.0,2.46875],"rotation":0,"texture":"#0","tintindex":0},"north":{"uv":[3.9375,7.375,3.9375,7.65625],"rotation":0,"texture":"#0","tintindex":0},"south":{"uv":[3.96875,7.375,3.96875,7.65625],"rotation":0,"texture":"#0","tintindex":0},"up":{"uv":[4.1875,7.84375,4.1875,7.375],"rotation":0,"texture":"#0","tintindex":0},"west":{"uv":[0.0,4.59375,0.46875,4.875],"rotation":0,"texture":"#0","tintindex":0}}},{"name":"bone30","from":[8.252252,12.95918,-0.87667656],"to":[8.252252,18.49838,7.859324],"rotation":{"angle":0.0,"axis":"x","origin":[8.19239,-10.992821,3.7745237]},"faces":{"down":{"uv":[5.34375,7.375,5.34375,7.84375],"rotation":0,"texture":"#0","tintindex":0},"east":{"uv":[2.03125,4.71875,2.5,5.0],"rotation":0,"texture":"#0","tintindex":0},"north":{"uv":[5.25,7.375,5.25,7.65625],"rotation":0,"texture":"#0","tintindex":0},"south":{"uv":[5.28125,7.375,5.28125,7.65625],"rotation":0,"texture":"#0","tintindex":0},"up":{"uv":[5.3125,7.84375,5.3125,7.375],"rotation":0,"texture":"#0","tintindex":0},"west":{"uv":[2.53125,4.71875,3.0,5.0],"rotation":0,"texture":"#0","tintindex":0}}},{"name":"bone30","from":[8.252252,13.439181,4.523324],"to":[8.252252,18.97838,13.259324],"rotation":{"angle":0.0,"axis":"x","origin":[8.19239,-10.992821,3.7745237]},"faces":{"down":{"uv":[5.9375,7.375,5.9375,7.84375],"rotation":0,"texture":"#0","tintindex":0},"east":{"uv":[4.71875,3.125,5.1875,3.40625],"rotation":0,"texture":"#0","tintindex":0},"north":{"uv":[5.375,7.375,5.375,7.65625],"rotation":0,"texture":"#0","tintindex":0},"south":{"uv":[5.875,7.375,5.875,7.65625],"rotation":0,"texture":"#0","tintindex":0},"up":{"uv":[5.90625,7.84375,5.90625,7.375],"rotation":0,"texture":"#0","tintindex":0},"west":{"uv":[4.71875,3.4375,5.1875,3.71875],"rotation":0,"texture":"#0","tintindex":0}}},{"name":"bone30","from":[4.314764,8.007386,5.401004],"to":[11.682932,13.621227,12.598004],"rotation":{"angle":0.0,"axis":"x","origin":[8.19239,-10.992821,3.7745237]},"faces":{"down":{"uv":[2.0,4.34375,1.625,4.71875],"rotation":0,"texture":"#0","tintindex":0},"east":{"uv":[0.4375,5.34375,0.8125,5.625],"rotation":0,"texture":"#0","tintindex":0},"north":{"uv":[4.4375,5.3125,4.8125,5.59375],"rotation":0,"texture":"#0","tintindex":0},"south":{"uv":[0.84375,5.34375,1.21875,5.625],"rotation":0,"texture":"#0","tintindex":0},"up":{"uv":[4.6875,3.96875,4.3125,3.59375],"rotation":0,"texture":"#0","tintindex":0},"west":{"uv":[1.9375,5.34375,2.3125,5.625],"rotation":0,"texture":"#0","tintindex":0}}},{"name":"bone30","from":[4.829438,4.9103127,-3.2142768],"to":[11.069439,11.150312,5.396924],"rotation":{"angle":45.0,"axis":"z","origin":[7.949438,8.030312,0.4673233]},"faces":{"down":{"uv":[4.84375,4.46875,4.53125,4.90625],"rotation":0,"texture":"#0","tintindex":0},"east":{"uv":[4.53125,1.5,4.96875,1.8125],"rotation":0,"texture":"#0","tintindex":0},"north":{"uv":[5.5,0.625,5.8125,0.9375],"rotation":0,"texture":"#0","tintindex":0},"south":{"uv":[5.5,0.96875,5.8125,1.28125],"rotation":0,"texture":"#0","tintindex":0},"up":{"uv":[4.84375,4.4375,4.53125,4.0],"rotation":0,"texture":"#0","tintindex":0},"west":{"uv":[4.53125,1.84375,4.96875,2.15625],"rotation":0,"texture":"#0","tintindex":0}}},{"name":"bone30","from":[5.401004,5.4009986,5.452982],"to":[10.599003,10.598995,12.546026],"rotation":{"angle":45.0,"axis":"z","origin":[8.0,8.0,8.0]},"faces":{"down":{"uv":[5.125,5.3125,4.84375,5.6875],"rotation":0,"texture":"#0","tintindex":0},"east":{"uv":[2.34375,5.375,2.71875,5.65625],"rotation":0,"texture":"#0","tintindex":0},"north":{"uv":[5.84375,1.28125,6.125,1.5625],"rotation":0,"texture":"#0","tintindex":0},"south":{"uv":[1.5,5.84375,1.78125,6.125],"rotation":0,"texture":"#0","tintindex":0},"up":{"uv":[3.96875,5.65625,3.6875,5.28125],"rotation":0,"texture":"#0","tintindex":0},"west":{"uv":[5.375,3.71875,5.75,4.0],"rotation":0,"texture":"#0","tintindex":0}}}],"display":{"head":{"translation":[0.0,-6.4,0.0],"rotation":[0.0,0.0,0.0],"scale":[3.8095,3.8095,3.8095]}}}