{"textures":{"0":"modelengine:entity/unk1nown"},"elements":[{"name":"bone5","from":[5.2414703,4.3972383,4.427294],"to":[9.286671,9.9364395,10.163294],"rotation":{"angle":0.0,"axis":"x","origin":[7.2940702,5.6368384,7.280294]},"faces":{"down":{"uv":[0.96875,5.96875,0.75,6.28125],"rotation":0,"texture":"#0","tintindex":0},"east":{"uv":[0.5,5.65625,0.8125,5.9375],"rotation":0,"texture":"#0","tintindex":0},"north":{"uv":[3.875,6.21875,4.09375,6.5],"rotation":0,"texture":"#0","tintindex":0},"south":{"uv":[3.28125,6.25,3.5,6.53125],"rotation":0,"texture":"#0","tintindex":0},"up":{"uv":[0.71875,6.28125,0.5,5.96875],"rotation":0,"texture":"#0","tintindex":0},"west":{"uv":[0.84375,5.65625,1.15625,5.9375],"rotation":0,"texture":"#0","tintindex":0}}}],"display":{"head":{"translation":[0.0,-6.4,0.0],"rotation":[0.0,0.0,0.0],"scale":[3.8095,3.8095,3.8095]}}}