{"textures":{"0":"modelengine:entity/unk1nown"},"elements":[{"name":"bone34","from":[5.099738,5.9752703,-3.6811976],"to":[10.223942,8.346314,2.2079892],"rotation":{"angle":0.0,"axis":"x","origin":[8.11184,6.200792,8.0534]},"faces":{"down":{"uv":[2.40625,5.6875,2.125,6.0],"rotation":0,"texture":"#0","tintindex":0},"east":{"uv":[6.6875,0.65625,7.0,0.78125],"rotation":0,"texture":"#0","tintindex":0},"north":{"uv":[4.46875,6.78125,4.75,6.90625],"rotation":0,"texture":"#0","tintindex":0},"south":{"uv":[6.78125,5.84375,7.0625,5.96875],"rotation":0,"texture":"#0","tintindex":0},"up":{"uv":[2.09375,5.96875,1.8125,5.65625],"rotation":0,"texture":"#0","tintindex":0},"west":{"uv":[6.75,3.4375,7.0625,3.5625],"rotation":0,"texture":"#0","tintindex":0}}},{"name":"bone34","from":[4.349738,5.9752703,2.1988044],"to":[10.973942,8.346314,10.307989],"rotation":{"angle":0.0,"axis":"x","origin":[7.96184,6.200792,8.0534]},"faces":{"down":{"uv":[4.5,4.1875,4.15625,4.625],"rotation":0,"texture":"#0","tintindex":0},"east":{"uv":[1.90625,6.375,2.34375,6.5],"rotation":0,"texture":"#0","tintindex":0},"north":{"uv":[6.53125,1.25,6.875,1.375],"rotation":0,"texture":"#0","tintindex":0},"south":{"uv":[6.53125,4.90625,6.875,5.03125],"rotation":0,"texture":"#0","tintindex":0},"up":{"uv":[4.125,4.625,3.78125,4.1875],"rotation":0,"texture":"#0","tintindex":0},"west":{"uv":[6.375,3.28125,6.8125,3.40625],"rotation":0,"texture":"#0","tintindex":0}}},{"name":"bone34","from":[10.117898,4.5849867,9.093513],"to":[11.942102,6.5960293,12.642697],"rotation":{"angle":0.0,"axis":"x","origin":[11.06,5.5605087,12.338101]},"faces":{"down":{"uv":[0.09375,7.15625,0.0,7.34375],"rotation":0,"texture":"#0","tintindex":0},"east":{"uv":[5.90625,7.125,6.09375,7.21875],"rotation":0,"texture":"#0","tintindex":0},"north":{"uv":[0.84375,7.21875,0.9375,7.3125],"rotation":0,"texture":"#0","tintindex":0},"south":{"uv":[1.96875,7.21875,2.0625,7.3125],"rotation":0,"texture":"#0","tintindex":0},"up":{"uv":[6.4375,7.3125,6.34375,7.125],"rotation":0,"texture":"#0","tintindex":0},"west":{"uv":[6.125,7.125,6.3125,7.21875],"rotation":0,"texture":"#0","tintindex":0}}},{"name":"bone34","from":[10.357898,5.064986,12.633512],"to":[11.822103,5.99603,14.9826975],"rotation":{"angle":0.0,"axis":"x","origin":[11.06,5.5605087,12.338101]},"faces":{"down":{"uv":[6.3125,7.25,6.25,7.375],"rotation":0,"texture":"#0","tintindex":0},"east":{"uv":[7.28125,4.28125,7.40625,4.34375],"rotation":0,"texture":"#0","tintindex":0},"north":{"uv":[6.75,7.3125,6.8125,7.375],"rotation":0,"texture":"#0","tintindex":0},"south":{"uv":[7.28125,7.3125,7.34375,7.375],"rotation":0,"texture":"#0","tintindex":0},"up":{"uv":[6.71875,7.3125,6.65625,7.1875],"rotation":0,"texture":"#0","tintindex":0},"west":{"uv":[7.28125,4.375,7.40625,4.4375],"rotation":0,"texture":"#0","tintindex":0}}},{"name":"bone34","from":[3.2697377,4.5849867,9.093513],"to":[5.093942,6.5960293,12.642697],"rotation":{"angle":0.0,"axis":"x","origin":[4.1518397,5.5605087,12.338101]},"faces":{"down":{"uv":[7.21875,3.90625,7.125,4.09375],"rotation":0,"texture":"#0","tintindex":0},"east":{"uv":[7.09375,4.5,7.28125,4.59375],"rotation":0,"texture":"#0","tintindex":0},"north":{"uv":[2.875,6.53125,2.96875,6.625],"rotation":0,"texture":"#0","tintindex":0},"south":{"uv":[4.78125,7.1875,4.875,7.28125],"rotation":0,"texture":"#0","tintindex":0},"up":{"uv":[2.75,7.3125,2.65625,7.125],"rotation":0,"texture":"#0","tintindex":0},"west":{"uv":[2.4375,7.125,2.625,7.21875],"rotation":0,"texture":"#0","tintindex":0}}},{"name":"bone34","from":[3.389738,5.064986,12.633512],"to":[4.853942,5.99603,14.9826975],"rotation":{"angle":0.0,"axis":"x","origin":[4.1518397,5.5605087,12.338101]},"faces":{"down":{"uv":[5.5,7.1875,5.4375,7.3125],"rotation":0,"texture":"#0","tintindex":0},"east":{"uv":[7.28125,3.46875,7.40625,3.53125],"rotation":0,"texture":"#0","tintindex":0},"north":{"uv":[7.3125,6.5625,7.375,6.625],"rotation":0,"texture":"#0","tintindex":0},"south":{"uv":[7.3125,6.65625,7.375,6.71875],"rotation":0,"texture":"#0","tintindex":0},"up":{"uv":[3.59375,6.375,3.53125,6.25],"rotation":0,"texture":"#0","tintindex":0},"west":{"uv":[4.1875,7.28125,4.3125,7.34375],"rotation":0,"texture":"#0","tintindex":0}}},{"name":"bone34","from":[4.799738,8.37527,3.0388029],"to":[4.799738,10.086315,8.92799],"rotation":{"angle":0.0,"axis":"x","origin":[7.21184,6.200792,8.0534]},"faces":{"down":{"uv":[2.75,7.34375,2.75,7.65625],"rotation":0,"texture":"#0","tintindex":0},"east":{"uv":[1.625,4.21875,1.9375,4.3125],"rotation":0,"texture":"#0","tintindex":0},"north":{"uv":[3.78125,3.90625,3.78125,4.0],"rotation":0,"texture":"#0","tintindex":0},"south":{"uv":[3.78125,4.03125,3.78125,4.125],"rotation":0,"texture":"#0","tintindex":0},"up":{"uv":[2.90625,4.65625,2.90625,4.34375],"rotation":0,"texture":"#0","tintindex":0},"west":{"uv":[0.5,4.59375,0.8125,4.6875],"rotation":0,"texture":"#0","tintindex":0}}},{"name":"bone34","from":[5.639738,8.37527,-3.5611973],"to":[5.639738,10.086315,2.3279898],"rotation":{"angle":0.0,"axis":"x","origin":[7.21184,6.200792,8.0534]},"faces":{"down":{"uv":[2.75,7.34375,2.75,7.65625],"rotation":0,"texture":"#0","tintindex":0},"east":{"uv":[1.625,4.21875,1.9375,4.3125],"rotation":0,"texture":"#0","tintindex":0},"north":{"uv":[3.78125,3.90625,3.78125,4.0],"rotation":0,"texture":"#0","tintindex":0},"south":{"uv":[3.78125,4.03125,3.78125,4.125],"rotation":0,"texture":"#0","tintindex":0},"up":{"uv":[2.90625,4.65625,2.90625,4.34375],"rotation":0,"texture":"#0","tintindex":0},"west":{"uv":[0.5,4.59375,0.8125,4.6875],"rotation":0,"texture":"#0","tintindex":0}}},{"name":"bone34","from":[10.412102,8.37527,3.0388029],"to":[10.412102,10.086315,8.92799],"rotation":{"angle":0.0,"axis":"x","origin":[8.0,6.200792,8.0534]},"faces":{"down":{"uv":[2.46875,7.375,2.46875,7.6875],"rotation":0,"texture":"#0","tintindex":0},"east":{"uv":[6.96875,6.0,7.28125,6.09375],"rotation":0,"texture":"#0","tintindex":0},"north":{"uv":[4.5,4.65625,4.5,4.75],"rotation":0,"texture":"#0","tintindex":0},"south":{"uv":[2.0,4.75,2.0,4.84375],"rotation":0,"texture":"#0","tintindex":0},"up":{"uv":[2.4375,7.6875,2.4375,7.375],"rotation":0,"texture":"#0","tintindex":0},"west":{"uv":[6.96875,6.125,7.28125,6.21875],"rotation":0,"texture":"#0","tintindex":0}}},{"name":"bone34","from":[9.572102,8.37527,-3.5611973],"to":[9.572102,10.086315,2.3279898],"rotation":{"angle":0.0,"axis":"x","origin":[8.0,6.200792,8.0534]},"faces":{"down":{"uv":[2.75,7.34375,2.75,7.65625],"rotation":0,"texture":"#0","tintindex":0},"east":{"uv":[0.8125,4.59375,0.5,4.6875],"rotation":0,"texture":"#0","tintindex":0},"north":{"uv":[3.78125,3.90625,3.78125,4.0],"rotation":0,"texture":"#0","tintindex":0},"south":{"uv":[3.78125,4.03125,3.78125,4.125],"rotation":0,"texture":"#0","tintindex":0},"up":{"uv":[2.90625,4.65625,2.90625,4.34375],"rotation":0,"texture":"#0","tintindex":0},"west":{"uv":[1.9375,4.21875,1.625,4.3125],"rotation":0,"texture":"#0","tintindex":0}}}],"display":{"head":{"translation":[0.0,-6.4,0.0],"rotation":[0.0,0.0,0.0],"scale":[3.8095,3.8095,3.8095]}}}