{"textures":{"0":"modelengine:entity/unk1nown"},"elements":[{"name":"bone2","from":[13.236314,7.4356985,7.8437],"to":[24.661514,8.714899,9.679701],"rotation":{"angle":0.0,"axis":"y","origin":[8.793914,8.1203,8.7767]},"faces":{"down":{"uv":[6.375,0.9375,6.96875,1.03125],"rotation":0,"texture":"#0","tintindex":0},"east":{"uv":[7.375,7.21875,7.28125,7.28125],"rotation":0,"texture":"#0","tintindex":0},"north":{"uv":[7.3125,0.1875,6.71875,0.25],"rotation":0,"texture":"#0","tintindex":0},"south":{"uv":[7.375,3.125,6.78125,3.1875],"rotation":0,"texture":"#0","tintindex":0},"up":{"uv":[6.375,0.90625,6.96875,0.8125],"rotation":0,"texture":"#0","tintindex":0},"west":{"uv":[7.25,7.28125,7.15625,7.34375],"rotation":0,"texture":"#0","tintindex":0}}},{"name":"bone2","from":[8.016314,7.1956997,7.4837],"to":[13.261514,9.134899,10.279699],"rotation":{"angle":0.0,"axis":"y","origin":[8.793914,8.1203,8.7767]},"faces":{"down":{"uv":[6.71875,0.0,7.0,0.15625],"rotation":0,"texture":"#0","tintindex":0},"east":{"uv":[7.34375,1.375,7.1875,1.46875],"rotation":0,"texture":"#0","tintindex":0},"north":{"uv":[7.3125,4.6875,7.03125,4.78125],"rotation":0,"texture":"#0","tintindex":0},"south":{"uv":[5.21875,7.03125,4.9375,7.125],"rotation":0,"texture":"#0","tintindex":0},"up":{"uv":[6.6875,5.59375,6.96875,5.4375],"rotation":0,"texture":"#0","tintindex":0},"west":{"uv":[0.8125,7.1875,0.65625,7.28125],"rotation":0,"texture":"#0","tintindex":0}}},{"name":"bone2","from":[8.796314,8.3957,9.6437],"to":[25.861515,8.3957,27.9197],"rotation":{"angle":0.0,"axis":"y","origin":[8.793914,8.1203,8.7767]},"faces":{"down":{"uv":[3.1875,0.96875,4.0625,1.90625],"rotation":0,"texture":"#0","tintindex":0},"east":{"uv":[8.25,5.6875,7.3125,5.6875],"rotation":0,"texture":"#0","tintindex":0},"north":{"uv":[8.1875,4.5625,7.3125,4.5625],"rotation":0,"texture":"#0","tintindex":0},"south":{"uv":[8.1875,5.65625,7.3125,5.65625],"rotation":0,"texture":"#0","tintindex":0},"up":{"uv":[3.1875,0.9375,4.0625,0.0],"rotation":0,"texture":"#0","tintindex":0},"west":{"uv":[8.25,4.59375,7.3125,4.59375],"rotation":0,"texture":"#0","tintindex":0}}}],"display":{"head":{"translation":[0.0,-6.4,0.0],"rotation":[0.0,0.0,0.0],"scale":[3.8095,3.8095,3.8095]}}}