{"textures":{"0":"modelengine:entity/unk1nown"},"elements":[{"name":"bone7","from":[6.11333,4.3972383,4.4273],"to":[10.158529,9.9364395,10.1633],"rotation":{"angle":0.0,"axis":"x","origin":[8.10593,5.6368384,7.2803]},"faces":{"down":{"uv":[0.75,5.96875,0.96875,6.28125],"rotation":0,"texture":"#0","tintindex":0},"east":{"uv":[1.15625,5.65625,0.84375,5.9375],"rotation":0,"texture":"#0","tintindex":0},"north":{"uv":[4.09375,6.21875,3.875,6.5],"rotation":0,"texture":"#0","tintindex":0},"south":{"uv":[3.5,6.25,3.28125,6.53125],"rotation":0,"texture":"#0","tintindex":0},"up":{"uv":[0.5,6.28125,0.71875,5.96875],"rotation":0,"texture":"#0","tintindex":0},"west":{"uv":[0.8125,5.65625,0.5,5.9375],"rotation":0,"texture":"#0","tintindex":0}}}],"display":{"head":{"translation":[0.0,-6.4,0.0],"rotation":[0.0,0.0,0.0],"scale":[3.8095,3.8095,3.8095]}}}