{"textures":{"0":"modelengine:entity/unk1nown"},"elements":[{"name":"bone40","from":[5.334524,6.012104,2.655673],"to":[9.144218,9.821798,9.218073],"rotation":{"angle":0.0,"axis":"x","origin":[7.814702,8.492876,5.9368763]},"faces":{"down":{"uv":[1.625,6.15625,1.4375,6.5],"rotation":0,"texture":"#0","tintindex":0},"east":{"uv":[6.15625,0.3125,6.5,0.5],"rotation":0,"texture":"#0","tintindex":0},"north":{"uv":[4.25,6.8125,4.4375,7.0],"rotation":0,"texture":"#0","tintindex":0},"south":{"uv":[6.8125,4.6875,7.0,4.875],"rotation":0,"texture":"#0","tintindex":0},"up":{"uv":[1.40625,6.5,1.21875,6.15625],"rotation":0,"texture":"#0","tintindex":0},"west":{"uv":[6.15625,1.1875,6.5,1.375],"rotation":0,"texture":"#0","tintindex":0}}},{"name":"bone40","from":[5.1741557,7.684232,2.6175802],"to":[10.334396,10.929632,9.256172],"rotation":{"angle":0.0,"axis":"x","origin":[7.814702,8.492876,5.9368763]},"faces":{"down":{"uv":[3.03125,5.625,2.75,5.96875],"rotation":0,"texture":"#0","tintindex":0},"east":{"uv":[6.46875,1.78125,6.8125,1.9375],"rotation":0,"texture":"#0","tintindex":0},"north":{"uv":[6.65625,6.65625,6.9375,6.8125],"rotation":0,"texture":"#0","tintindex":0},"south":{"uv":[6.6875,0.46875,6.96875,0.625],"rotation":0,"texture":"#0","tintindex":0},"up":{"uv":[4.28125,5.9375,4.0,5.59375],"rotation":0,"texture":"#0","tintindex":0},"west":{"uv":[6.46875,1.96875,6.8125,2.125],"rotation":0,"texture":"#0","tintindex":0}}},{"name":"bone40","from":[8.0,8.8303995,3.0320005],"to":[8.0,14.369601,11.768001],"rotation":{"angle":0.0,"axis":"x","origin":[8.0,12.8,9.8]},"faces":{"down":{"uv":[4.625,7.375,4.625,7.84375],"rotation":0,"texture":"#0","tintindex":0},"east":{"uv":[4.65625,2.8125,5.125,3.09375],"rotation":0,"texture":"#0","tintindex":0},"north":{"uv":[4.375,7.375,4.375,7.65625],"rotation":0,"texture":"#0","tintindex":0},"south":{"uv":[4.40625,7.375,4.40625,7.65625],"rotation":0,"texture":"#0","tintindex":0},"up":{"uv":[4.4375,7.84375,4.4375,7.375],"rotation":0,"texture":"#0","tintindex":0},"west":{"uv":[3.71875,4.65625,4.1875,4.9375],"rotation":0,"texture":"#0","tintindex":0}}},{"name":"bone40","from":[5.518178,7.8459005,-1.5608754],"to":[10.162382,10.636946,2.9483123],"rotation":{"angle":0.0,"axis":"x","origin":[7.84064,8.54133,0.6937208]},"faces":{"down":{"uv":[6.4375,0.0,6.1875,0.25],"rotation":0,"texture":"#0","tintindex":0},"east":{"uv":[1.875,6.78125,2.125,6.9375],"rotation":0,"texture":"#0","tintindex":0},"north":{"uv":[0.21875,6.78125,0.46875,6.9375],"rotation":0,"texture":"#0","tintindex":0},"south":{"uv":[6.78125,2.9375,7.03125,3.09375],"rotation":0,"texture":"#0","tintindex":0},"up":{"uv":[4.46875,4.90625,4.21875,4.65625],"rotation":0,"texture":"#0","tintindex":0},"west":{"uv":[3.1875,6.78125,3.4375,6.9375],"rotation":0,"texture":"#0","tintindex":0}}},{"name":"bone40","from":[5.707694,6.4078703,-1.5281086],"to":[8.98403,9.684206,2.9155524],"rotation":{"angle":0.0,"axis":"x","origin":[7.84064,8.54133,0.6937208]},"faces":{"down":{"uv":[4.75,5.875,4.59375,6.09375],"rotation":0,"texture":"#0","tintindex":0},"east":{"uv":[6.53125,6.84375,6.75,7.0],"rotation":0,"texture":"#0","tintindex":0},"north":{"uv":[2.0,2.75,2.15625,2.90625],"rotation":0,"texture":"#0","tintindex":0},"south":{"uv":[4.8125,0.625,4.96875,0.78125],"rotation":0,"texture":"#0","tintindex":0},"up":{"uv":[2.90625,5.59375,2.75,5.375],"rotation":0,"texture":"#0","tintindex":0},"west":{"uv":[6.78125,6.84375,7.0,7.0],"rotation":0,"texture":"#0","tintindex":0}}}],"display":{"head":{"translation":[0.0,-6.4,0.0],"rotation":[0.0,0.0,0.0],"scale":[3.8095,3.8095,3.8095]}}}