{
	"credit": "Made with Blockbench",
	"texture_size": [32, 32],
	"textures": {
		"0": "blocks/2/1",
		"3": "blocks/2/4",
		"4": "blocks/2/5",
		"5": "blocks/2/6",
		"6": "blocks/2/7",
		"7": "blocks/2/1",
		"particle": "blocks/2/1"
	},
	"elements": [
		{
			"from": [6.65854, 8.68293, 7.5122],
			"to": [11.85366, 9.58537, 8.60976],
			"rotation": {"angle": 0, "axis": "y", "origin": [8, 8, 8.09756]},
			"faces": {
				"north": {"uv": [0.5, 0.5, 3, 0.5], "texture": "#6"},
				"east": {"uv": [0, 0.5, 0.5, 0.5], "texture": "#6"},
				"south": {"uv": [3.5, 0.5, 6, 0.5], "texture": "#6"},
				"west": {"uv": [3, 0.5, 3.5, 0.5], "texture": "#6"},
				"up": {"uv": [3, 0.5, 0.5, 0], "texture": "#6"},
				"down": {"uv": [5.5, 0, 3, 0.5], "texture": "#6"}
			}
		},
		{
			"from": [7.14634, 9.56098, 7.5122],
			"to": [11.46341, 10.46341, 8.60976],
			"rotation": {"angle": 0, "axis": "y", "origin": [8, 8, 8.09756]},
			"faces": {
				"north": {"uv": [0.5, 0.5, 2.5, 0.5], "texture": "#6"},
				"east": {"uv": [0, 0.5, 0.5, 0.5], "texture": "#6"},
				"south": {"uv": [3, 0.5, 5, 0.5], "texture": "#6"},
				"west": {"uv": [2.5, 0.5, 3, 0.5], "texture": "#6"},
				"up": {"uv": [2.5, 0.5, 0.5, 0], "texture": "#6"},
				"down": {"uv": [4.5, 0, 2.5, 0.5], "texture": "#6"}
			}
		},
		{
			"from": [7.73171, 7.90244, 7.5122],
			"to": [10.87805, 8.80488, 8.60976],
			"rotation": {"angle": 0, "axis": "y", "origin": [8, 8, 8.09756]},
			"faces": {
				"north": {"uv": [0.5, 0.5, 2, 0.5], "texture": "#6"},
				"east": {"uv": [0, 0.5, 0.5, 0.5], "texture": "#6"},
				"south": {"uv": [2.5, 0.5, 4, 0.5], "texture": "#6"},
				"west": {"uv": [2, 0.5, 2.5, 0.5], "texture": "#6"},
				"up": {"uv": [2, 0.5, 0.5, 0], "texture": "#6"},
				"down": {"uv": [3.5, 0, 2, 0.5], "texture": "#6"}
			}
		},
		{
			"from": [8.02439, 7.90244, 8.4878],
			"to": [10.58537, 8.80488, 9.19512],
			"rotation": {"angle": 0, "axis": "y", "origin": [8, 8, 8.09756]},
			"faces": {
				"north": {"uv": [1, 0, 2, 0], "texture": "#3"},
				"east": {"uv": [1, 0, 2, 0], "texture": "#3"},
				"south": {"uv": [1, 0, 2, 0], "texture": "#3"},
				"west": {"uv": [1, 0, 2, 0], "texture": "#3"},
				"up": {"uv": [1, 0, 2, 0], "texture": "#3"},
				"down": {"uv": [1, 0, 2, 0], "texture": "#3"}
			}
		},
		{
			"from": [8.02439, 7.90244, 6.82927],
			"to": [10.58537, 8.80488, 7.53659],
			"rotation": {"angle": 0, "axis": "y", "origin": [8, 8, 8.09756]},
			"faces": {
				"north": {"uv": [0, 0, 0, 0], "texture": "#3"},
				"east": {"uv": [0, 0, 0.35366, 0.45122], "texture": "#3"},
				"south": {"uv": [0, 0, 0, 0], "texture": "#3"},
				"west": {"uv": [0, 0, 0, 0], "texture": "#3"},
				"up": {"uv": [0, 0, 0, 0], "texture": "#3"},
				"down": {"uv": [0, 0, 0, 0], "texture": "#3"}
			}
		},
		{
			"name": "1",
			"from": [5.58537, 9.26829, 8.58537],
			"to": [6.68293, 10.17073, 9.29268],
			"rotation": {"angle": 0, "axis": "y", "origin": [7.80488, 8, 8.09756]},
			"faces": {
				"north": {"uv": [0.5, 0, 1, 0], "texture": "#3"},
				"east": {"uv": [0.5, 0, 1, 0], "texture": "#3"},
				"south": {"uv": [0.5, 0, 1, 0], "texture": "#3"},
				"west": {"uv": [0.5, 0, 1, 0], "texture": "#3"},
				"up": {"uv": [0.5, 0, 1, 0], "texture": "#3"},
				"down": {"uv": [0.5, 0, 1, 0], "texture": "#3"}
			}
		},
		{
			"name": "2",
			"from": [5.58537, 9.26829, 6.90244],
			"to": [6.68293, 10.17073, 7.60976],
			"rotation": {"angle": 0, "axis": "y", "origin": [7.80488, 8, 8.09756]},
			"faces": {
				"north": {"uv": [0, 0, 0.5, 0], "texture": "#3"},
				"east": {"uv": [0, 0, 0, 0], "texture": "#3"},
				"south": {"uv": [0.5, 0, 1, 0], "texture": "#3"},
				"west": {"uv": [0.5, 0, 0.5, 0], "texture": "#3"},
				"up": {"uv": [0.5, 0, 0, 0], "texture": "#3"},
				"down": {"uv": [1, 0, 0.5, 0], "texture": "#3"}
			}
		},
		{
			"name": "1",
			"from": [11.95122, 9.26829, 8.58537],
			"to": [13.04878, 10.17073, 9.29268],
			"shade": false,
			"rotation": {"angle": 0, "axis": "y", "origin": [10.82927, 8, 8.09756]},
			"faces": {
				"north": {"uv": [1, 0, 0.5, 0], "texture": "#3"},
				"east": {"uv": [1, 0, 0.5, 0], "texture": "#3"},
				"south": {"uv": [1, 0, 0.5, 0], "texture": "#3"},
				"west": {"uv": [1, 0, 0.5, 0], "texture": "#3"},
				"up": {"uv": [1, 0, 0.5, 0], "texture": "#3"},
				"down": {"uv": [1, 0, 0.5, 0], "texture": "#3"}
			}
		},
		{
			"name": "2",
			"from": [11.95122, 9.26829, 6.90244],
			"to": [13.04878, 10.17073, 7.60976],
			"shade": false,
			"rotation": {"angle": 0, "axis": "y", "origin": [10.82927, 8, 8.09756]},
			"faces": {
				"north": {"uv": [0.5, 0, 0.5, 0], "texture": "#3"},
				"east": {"uv": [0.5, 0, 0.85366, 0.45122], "texture": "#3"},
				"south": {"uv": [0.5, 0, 0.5, 0], "texture": "#3"},
				"west": {"uv": [0.5, 0, 0.5, 0], "texture": "#3"},
				"up": {"uv": [0.5, 0, 0.5, 0], "texture": "#3"},
				"down": {"uv": [0.5, 0, 0.5, 0], "texture": "#3"}
			}
		},
		{
			"name": "1",
			"from": [6.56098, 8.78049, 8.58537],
			"to": [7.65854, 9.68293, 9.29268],
			"rotation": {"angle": 0, "axis": "y", "origin": [7.80488, 8, 8.09756]},
			"faces": {
				"north": {"uv": [0.5, 0, 1, 0], "texture": "#3"},
				"east": {"uv": [0.5, 0, 1, 0], "texture": "#3"},
				"south": {"uv": [0.5, 0, 1, 0], "texture": "#3"},
				"west": {"uv": [0.5, 0, 1, 0], "texture": "#3"},
				"up": {"uv": [0.5, 0, 1, 0], "texture": "#3"},
				"down": {"uv": [0.5, 0, 1, 0], "texture": "#3"}
			}
		},
		{
			"name": "2",
			"from": [6.56098, 8.78049, 6.90244],
			"to": [7.65854, 9.68293, 7.60976],
			"rotation": {"angle": 0, "axis": "y", "origin": [7.80488, 8, 8.09756]},
			"faces": {
				"north": {"uv": [0, 0, 0, 0], "texture": "#3"},
				"east": {"uv": [0, 0, 0.35366, 0.45122], "texture": "#3"},
				"south": {"uv": [0, 0, 0, 0], "texture": "#3"},
				"west": {"uv": [0, 0, 0, 0], "texture": "#3"},
				"up": {"uv": [0, 0, 0, 0], "texture": "#3"},
				"down": {"uv": [0, 0, 0, 0], "texture": "#3"}
			}
		},
		{
			"name": "1",
			"from": [10.97561, 8.78049, 8.58537],
			"to": [12.07317, 9.68293, 9.29268],
			"shade": false,
			"rotation": {"angle": 0, "axis": "y", "origin": [10.82927, 8, 8.09756]},
			"faces": {
				"north": {"uv": [1, 0, 0.5, 0], "texture": "#3"},
				"east": {"uv": [1, 0, 0.5, 0], "texture": "#3"},
				"south": {"uv": [1, 0, 0.5, 0], "texture": "#3"},
				"west": {"uv": [1, 0, 0.5, 0], "texture": "#3"},
				"up": {"uv": [1, 0, 0.5, 0], "texture": "#3"},
				"down": {"uv": [1, 0, 0.5, 0], "texture": "#3"}
			}
		},
		{
			"name": "2",
			"from": [10.97561, 8.78049, 6.90244],
			"to": [12.07317, 9.68293, 7.60976],
			"shade": false,
			"rotation": {"angle": 0, "axis": "y", "origin": [10.82927, 8, 8.09756]},
			"faces": {
				"north": {"uv": [0.5, 0, 0.5, 0], "texture": "#3"},
				"east": {"uv": [0.5, 0, 0.85366, 0.45122], "texture": "#3"},
				"south": {"uv": [0.5, 0, 0.5, 0], "texture": "#3"},
				"west": {"uv": [0.5, 0, 0.5, 0], "texture": "#3"},
				"up": {"uv": [0.5, 0, 0.5, 0], "texture": "#3"},
				"down": {"uv": [0.5, 0, 0.5, 0], "texture": "#3"}
			}
		},
		{
			"name": "1",
			"from": [7.43902, 8.29268, 8.58537],
			"to": [8.53659, 9.19512, 9.29268],
			"rotation": {"angle": 0, "axis": "y", "origin": [7.80488, 8, 8.09756]},
			"faces": {
				"north": {"uv": [0.5, 0, 1, 0], "texture": "#3"},
				"east": {"uv": [0.5, 0, 1, 0], "texture": "#3"},
				"south": {"uv": [0.5, 0, 1, 0], "texture": "#3"},
				"west": {"uv": [0.5, 0, 1, 0], "texture": "#3"},
				"up": {"uv": [0.5, 0, 1, 0], "texture": "#3"},
				"down": {"uv": [0.5, 0, 1, 0], "texture": "#3"}
			}
		},
		{
			"name": "2",
			"from": [7.43902, 8.29268, 6.90244],
			"to": [8.53659, 9.19512, 7.60976],
			"rotation": {"angle": 0, "axis": "y", "origin": [7.80488, 8, 8.09756]},
			"faces": {
				"north": {"uv": [0, 0, 0, 0], "texture": "#3"},
				"east": {"uv": [0, 0, 0.35366, 0.45122], "texture": "#3"},
				"south": {"uv": [0, 0, 0, 0], "texture": "#3"},
				"west": {"uv": [0, 0, 0, 0], "texture": "#3"},
				"up": {"uv": [0, 0, 0, 0], "texture": "#3"},
				"down": {"uv": [0, 0, 0, 0], "texture": "#3"}
			}
		},
		{
			"name": "1",
			"from": [10.09756, 8.29268, 8.58537],
			"to": [11.19512, 9.19512, 9.29268],
			"shade": false,
			"rotation": {"angle": 0, "axis": "y", "origin": [10.82927, 8, 8.09756]},
			"faces": {
				"north": {"uv": [1, 0, 0.5, 0], "texture": "#3"},
				"east": {"uv": [1, 0, 0.5, 0], "texture": "#3"},
				"south": {"uv": [1, 0, 0.5, 0], "texture": "#3"},
				"west": {"uv": [1, 0, 0.5, 0], "texture": "#3"},
				"up": {"uv": [1, 0, 0.5, 0], "texture": "#3"},
				"down": {"uv": [1, 0, 0.5, 0], "texture": "#3"}
			}
		},
		{
			"name": "2",
			"from": [10.09756, 8.29268, 6.90244],
			"to": [11.19512, 9.19512, 7.60976],
			"shade": false,
			"rotation": {"angle": 0, "axis": "y", "origin": [10.82927, 8, 8.09756]},
			"faces": {
				"north": {"uv": [0.5, 0, 0.5, 0], "texture": "#3"},
				"east": {"uv": [0.5, 0, 0.85366, 0.45122], "texture": "#3"},
				"south": {"uv": [0.5, 0, 0.5, 0], "texture": "#3"},
				"west": {"uv": [0.5, 0, 0.5, 0], "texture": "#3"},
				"up": {"uv": [0.5, 0, 0.5, 0], "texture": "#3"},
				"down": {"uv": [0.5, 0, 0.5, 0], "texture": "#3"}
			}
		},
		{
			"name": "1",
			"from": [4.70732, 10.14634, 8.58537],
			"to": [5.80488, 11.04878, 9.29268],
			"rotation": {"angle": 0, "axis": "y", "origin": [7.80488, 8, 8.09756]},
			"faces": {
				"north": {"uv": [0.5, 0, 1, 0], "texture": "#3"},
				"east": {"uv": [0.5, 0, 1, 0], "texture": "#3"},
				"south": {"uv": [0.5, 0, 1, 0], "texture": "#3"},
				"west": {"uv": [0.5, 0, 1, 0], "texture": "#3"},
				"up": {"uv": [0.5, 0, 1, 0], "texture": "#3"},
				"down": {"uv": [0.5, 0, 1, 0], "texture": "#3"}
			}
		},
		{
			"name": "2",
			"from": [4.70732, 10.14634, 6.90244],
			"to": [5.80488, 11.04878, 7.60976],
			"rotation": {"angle": 0, "axis": "y", "origin": [7.80488, 8, 8.09756]},
			"faces": {
				"north": {"uv": [0, 0, 0.5, 0], "texture": "#3"},
				"east": {"uv": [0, 0, 0, 0], "texture": "#3"},
				"south": {"uv": [0.5, 0, 1, 0], "texture": "#3"},
				"west": {"uv": [0.5, 0, 0.5, 0], "texture": "#3"},
				"up": {"uv": [0.5, 0, 0, 0], "texture": "#3"},
				"down": {"uv": [1, 0, 0.5, 0], "texture": "#3"}
			}
		},
		{
			"name": "1",
			"from": [12.82927, 10.14634, 8.58537],
			"to": [13.92683, 11.04878, 9.29268],
			"shade": false,
			"rotation": {"angle": 0, "axis": "y", "origin": [10.82927, 8, 8.09756]},
			"faces": {
				"north": {"uv": [1, 0, 0.5, 0], "texture": "#3"},
				"east": {"uv": [1, 0, 0.5, 0], "texture": "#3"},
				"south": {"uv": [1, 0, 0.5, 0], "texture": "#3"},
				"west": {"uv": [1, 0, 0.5, 0], "texture": "#3"},
				"up": {"uv": [1, 0, 0.5, 0], "texture": "#3"},
				"down": {"uv": [1, 0, 0.5, 0], "texture": "#3"}
			}
		},
		{
			"name": "2",
			"from": [12.82927, 10.14634, 6.90244],
			"to": [13.92683, 11.04878, 7.60976],
			"shade": false,
			"rotation": {"angle": 0, "axis": "y", "origin": [10.82927, 8, 8.09756]},
			"faces": {
				"north": {"uv": [0.5, 0, 0.5, 0], "texture": "#3"},
				"east": {"uv": [0.5, 0, 0.85366, 0.45122], "texture": "#3"},
				"south": {"uv": [0.5, 0, 0.5, 0], "texture": "#3"},
				"west": {"uv": [0.5, 0, 0.5, 0], "texture": "#3"},
				"up": {"uv": [0.5, 0, 0.5, 0], "texture": "#3"},
				"down": {"uv": [0.5, 0, 0.5, 0], "texture": "#3"}
			}
		},
		{
			"name": "1",
			"from": [5.68293, 10.14634, 8.97561],
			"to": [6.78049, 11.04878, 9.68293],
			"rotation": {"angle": 0, "axis": "y", "origin": [7.80488, 8, 8.09756]},
			"faces": {
				"north": {"uv": [0.5, 0, 1, 0], "texture": "#3"},
				"east": {"uv": [0.5, 0, 1, 0], "texture": "#3"},
				"south": {"uv": [0.5, 0, 1, 0], "texture": "#3"},
				"west": {"uv": [0.5, 0, 1, 0], "texture": "#3"},
				"up": {"uv": [0.5, 0, 1, 0], "texture": "#3"},
				"down": {"uv": [0.5, 0, 1, 0], "texture": "#3"}
			}
		},
		{
			"name": "2",
			"from": [5.68293, 10.14634, 6.5122],
			"to": [6.78049, 11.04878, 7.21951],
			"rotation": {"angle": 0, "axis": "y", "origin": [7.80488, 8, 8.09756]},
			"faces": {
				"north": {"uv": [0, 0, 0, 0], "texture": "#3"},
				"east": {"uv": [0, 0, 0.35365, 0.45122], "texture": "#3"},
				"south": {"uv": [0, 0, 0, 0], "texture": "#3"},
				"west": {"uv": [0, 0, 0, 0], "texture": "#3"},
				"up": {"uv": [0, 0, 0, 0], "texture": "#3"},
				"down": {"uv": [0, 0, 0, 0], "texture": "#3"}
			}
		},
		{
			"name": "1",
			"from": [11.85366, 10.14634, 8.97561],
			"to": [12.95122, 11.04878, 9.68293],
			"shade": false,
			"rotation": {"angle": 0, "axis": "y", "origin": [10.82927, 8, 8.09756]},
			"faces": {
				"north": {"uv": [1, 0, 0.5, 0], "texture": "#3"},
				"east": {"uv": [1, 0, 0.5, 0], "texture": "#3"},
				"south": {"uv": [1, 0, 0.5, 0], "texture": "#3"},
				"west": {"uv": [1, 0, 0.5, 0], "texture": "#3"},
				"up": {"uv": [1, 0, 0.5, 0], "texture": "#3"},
				"down": {"uv": [1, 0, 0.5, 0], "texture": "#3"}
			}
		},
		{
			"name": "2",
			"from": [11.85366, 10.14634, 6.5122],
			"to": [12.95122, 11.04878, 7.21951],
			"shade": false,
			"rotation": {"angle": 0, "axis": "y", "origin": [10.82927, 8, 8.09756]},
			"faces": {
				"north": {"uv": [0.5, 0, 0.5, 0], "texture": "#3"},
				"east": {"uv": [0.5, 0, 0.85365, 0.45122], "texture": "#3"},
				"south": {"uv": [0.5, 0, 0.5, 0], "texture": "#3"},
				"west": {"uv": [0.5, 0, 0.5, 0], "texture": "#3"},
				"up": {"uv": [0.5, 0, 0.5, 0], "texture": "#3"},
				"down": {"uv": [0.5, 0, 0.5, 0], "texture": "#3"}
			}
		},
		{
			"name": "1",
			"from": [6.56098, 9.56098, 8.58537],
			"to": [7.65854, 10.46341, 9.29268],
			"rotation": {"angle": 0, "axis": "y", "origin": [7.80488, 8, 8.09756]},
			"faces": {
				"north": {"uv": [0.5, 0, 1, 0], "texture": "#3"},
				"east": {"uv": [0.5, 0, 1, 0], "texture": "#3"},
				"south": {"uv": [0.5, 0, 1, 0], "texture": "#3"},
				"west": {"uv": [0.5, 0, 1, 0], "texture": "#3"},
				"up": {"uv": [0.5, 0, 1, 0], "texture": "#3"},
				"down": {"uv": [0.5, 0, 1, 0], "texture": "#3"}
			}
		},
		{
			"name": "2",
			"from": [6.56098, 9.56098, 6.90244],
			"to": [7.65854, 10.46341, 7.60976],
			"rotation": {"angle": 0, "axis": "y", "origin": [7.80488, 8, 8.09756]},
			"faces": {
				"north": {"uv": [0, 0, 0, 0], "texture": "#3"},
				"east": {"uv": [0, 0, 0.35366, 0.45121], "texture": "#3"},
				"south": {"uv": [0, 0, 0, 0], "texture": "#3"},
				"west": {"uv": [0, 0, 0, 0], "texture": "#3"},
				"up": {"uv": [0, 0, 0, 0], "texture": "#3"},
				"down": {"uv": [0, 0, 0, 0], "texture": "#3"}
			}
		},
		{
			"name": "1",
			"from": [10.97561, 9.56098, 8.58537],
			"to": [12.07317, 10.46341, 9.29268],
			"shade": false,
			"rotation": {"angle": 0, "axis": "y", "origin": [10.82927, 8, 8.09756]},
			"faces": {
				"north": {"uv": [1, 0, 0.5, 0], "texture": "#3"},
				"east": {"uv": [1, 0, 0.5, 0], "texture": "#3"},
				"south": {"uv": [1, 0, 0.5, 0], "texture": "#3"},
				"west": {"uv": [1, 0, 0.5, 0], "texture": "#3"},
				"up": {"uv": [1, 0, 0.5, 0], "texture": "#3"},
				"down": {"uv": [1, 0, 0.5, 0], "texture": "#3"}
			}
		},
		{
			"name": "2",
			"from": [10.97561, 9.56098, 6.90244],
			"to": [12.07317, 10.46341, 7.60976],
			"shade": false,
			"rotation": {"angle": 0, "axis": "y", "origin": [10.82927, 8, 8.09756]},
			"faces": {
				"north": {"uv": [0.5, 0, 0, 0], "texture": "#3"},
				"east": {"uv": [0.5, 0, 0.5, 0], "texture": "#3"},
				"south": {"uv": [1, 0, 0.5, 0], "texture": "#3"},
				"west": {"uv": [0, 0, 0, 0], "texture": "#3"},
				"up": {"uv": [0, 0, 0.5, 0], "texture": "#3"},
				"down": {"uv": [0.5, 0, 1, 0], "texture": "#3"}
			}
		},
		{
			"name": "1",
			"from": [6.46341, 9.95122, 9.07317],
			"to": [7.56098, 10.85366, 9.78049],
			"rotation": {"angle": 0, "axis": "y", "origin": [7.80488, 8, 8.09756]},
			"faces": {
				"north": {"uv": [0.5, 0, 1, 0], "texture": "#3"},
				"east": {"uv": [0.5, 0, 1, 0], "texture": "#3"},
				"south": {"uv": [0.5, 0, 1, 0], "texture": "#3"},
				"west": {"uv": [0.5, 0, 1, 0], "texture": "#3"},
				"up": {"uv": [0.5, 0, 1, 0], "texture": "#3"},
				"down": {"uv": [0.5, 0, 1, 0], "texture": "#3"}
			}
		},
		{
			"name": "2",
			"from": [6.46341, 9.95122, 6.41463],
			"to": [7.56098, 10.85366, 7.12195],
			"rotation": {"angle": 0, "axis": "y", "origin": [7.80488, 8, 8.09756]},
			"faces": {
				"north": {"uv": [0, 0, 0, 0], "texture": "#3"},
				"east": {"uv": [0, 0, 0.35366, 0.45122], "texture": "#3"},
				"south": {"uv": [0, 0, 0, 0], "texture": "#3"},
				"west": {"uv": [0, 0, 0, 0], "texture": "#3"},
				"up": {"uv": [0, 0, 0, 0], "texture": "#3"},
				"down": {"uv": [0, 0, 0, 0], "texture": "#3"}
			}
		},
		{
			"name": "1",
			"from": [11.07317, 9.95122, 9.07317],
			"to": [12.17073, 10.85366, 9.78049],
			"shade": false,
			"rotation": {"angle": 0, "axis": "y", "origin": [10.82927, 8, 8.09756]},
			"faces": {
				"north": {"uv": [1, 0, 0.5, 0], "texture": "#3"},
				"east": {"uv": [1, 0, 0.5, 0], "texture": "#3"},
				"south": {"uv": [1, 0, 0.5, 0], "texture": "#3"},
				"west": {"uv": [1, 0, 0.5, 0], "texture": "#3"},
				"up": {"uv": [1, 0, 0.5, 0], "texture": "#3"},
				"down": {"uv": [1, 0, 0.5, 0], "texture": "#3"}
			}
		},
		{
			"name": "2",
			"from": [11.07317, 9.95122, 6.41463],
			"to": [12.17073, 10.85366, 7.12195],
			"shade": false,
			"rotation": {"angle": 0, "axis": "y", "origin": [10.82927, 8, 8.09756]},
			"faces": {
				"north": {"uv": [0.5, 0, 0.5, 0], "texture": "#3"},
				"east": {"uv": [0.5, 0, 0.85366, 0.45122], "texture": "#3"},
				"south": {"uv": [0.5, 0, 0.5, 0], "texture": "#3"},
				"west": {"uv": [0.5, 0, 0.5, 0], "texture": "#3"},
				"up": {"uv": [0.5, 0, 0.5, 0], "texture": "#3"},
				"down": {"uv": [0.5, 0, 0.5, 0], "texture": "#3"}
			}
		},
		{
			"name": "3",
			"from": [5.5122, 9.14634, 7.58537],
			"to": [6.60976, 9.7561, 8.58537],
			"rotation": {"angle": 0, "axis": "y", "origin": [8, 8, 8.09756]},
			"faces": {
				"north": {"uv": [0.5, 0.5, 1, 0.5], "texture": "#6"},
				"east": {"uv": [0, 0.5, 0.5, 0.5], "texture": "#6"},
				"south": {"uv": [1.5, 0.5, 2, 0.5], "texture": "#6"},
				"west": {"uv": [1, 0.5, 1.5, 0.5], "texture": "#6"},
				"up": {"uv": [1, 0.5, 0.5, 0], "texture": "#6"},
				"down": {"uv": [1.5, 0, 1, 0.5], "texture": "#6"}
			}
		},
		{
			"name": "4",
			"from": [12.12195, 9.14634, 7.58537],
			"to": [13.21951, 9.7561, 8.58537],
			"shade": false,
			"rotation": {"angle": 0, "axis": "y", "origin": [10.73171, 8, 8.09756]},
			"faces": {
				"north": {"uv": [1, 0.5, 0.5, 0.5], "texture": "#6"},
				"east": {"uv": [1.5, 0.5, 1, 0.5], "texture": "#6"},
				"south": {"uv": [2, 0.5, 1.5, 0.5], "texture": "#6"},
				"west": {"uv": [0.5, 0.5, 0, 0.5], "texture": "#6"},
				"up": {"uv": [0.5, 0.5, 1, 0], "texture": "#6"},
				"down": {"uv": [1, 0, 1.5, 0.5], "texture": "#6"}
			}
		},
		{
			"name": "4",
			"from": [5.02439, 9.53659, 7.58537],
			"to": [6.12195, 10.14634, 8.58537],
			"rotation": {"angle": 0, "axis": "y", "origin": [8, 8, 8.09756]},
			"faces": {
				"north": {"uv": [0.5, 0.5, 1, 0.5], "texture": "#6"},
				"east": {"uv": [0, 0.5, 0.5, 0.5], "texture": "#6"},
				"south": {"uv": [1.5, 0.5, 2, 0.5], "texture": "#6"},
				"west": {"uv": [1, 0.5, 1.5, 0.5], "texture": "#6"},
				"up": {"uv": [1, 0.5, 0.5, 0], "texture": "#6"},
				"down": {"uv": [1.5, 0, 1, 0.5], "texture": "#6"}
			}
		},
		{
			"name": "5",
			"from": [12.60976, 9.53659, 7.58537],
			"to": [13.70732, 10.14634, 8.58537],
			"shade": false,
			"rotation": {"angle": 0, "axis": "y", "origin": [10.73171, 8, 8.09756]},
			"faces": {
				"north": {"uv": [1, 0.5, 0.5, 0.5], "texture": "#6"},
				"east": {"uv": [1.5, 0.5, 1, 0.5], "texture": "#6"},
				"south": {"uv": [2, 0.5, 1.5, 0.5], "texture": "#6"},
				"west": {"uv": [0.5, 0.5, 0, 0.5], "texture": "#6"},
				"up": {"uv": [0.5, 0.5, 1, 0], "texture": "#6"},
				"down": {"uv": [1, 0, 1.5, 0.5], "texture": "#6"}
			}
		},
		{
			"name": "5",
			"from": [4.63415, 10.60976, 7.58537],
			"to": [7.29268, 10.92683, 8.58537],
			"rotation": {"angle": 0, "axis": "y", "origin": [8, 8, 8.09756]},
			"faces": {
				"north": {"uv": [0.5, 0.5, 1.5, 0.5], "texture": "#6"},
				"east": {"uv": [0, 0.5, 0.5, 0.5], "texture": "#6"},
				"south": {"uv": [2, 0.5, 3, 0.5], "texture": "#6"},
				"west": {"uv": [1.5, 0.5, 2, 0.5], "texture": "#6"},
				"up": {"uv": [1.5, 0.5, 0.5, 0], "texture": "#6"},
				"down": {"uv": [2.5, 0, 1.5, 0.5], "texture": "#6"}
			}
		},
		{
			"name": "6",
			"from": [11.43902, 10.60976, 7.58537],
			"to": [14.09756, 10.92683, 8.58537],
			"shade": false,
			"rotation": {"angle": 0, "axis": "y", "origin": [10.73171, 8, 8.09756]},
			"faces": {
				"north": {"uv": [1.5, 0.5, 0.5, 0.5], "texture": "#6"},
				"east": {"uv": [2, 0.5, 1.5, 0.5], "texture": "#6"},
				"south": {"uv": [3, 0.5, 2, 0.5], "texture": "#6"},
				"west": {"uv": [0.5, 0.5, 0, 0.5], "texture": "#6"},
				"up": {"uv": [0.5, 0.5, 1.5, 0], "texture": "#6"},
				"down": {"uv": [1.5, 0, 2.5, 0.5], "texture": "#6"}
			}
		},
		{
			"name": "6",
			"from": [4.34146, 10.02439, 7.58537],
			"to": [5.43902, 10.63415, 8.58537],
			"rotation": {"angle": 0, "axis": "y", "origin": [8, 8, 8.09756]},
			"faces": {
				"north": {"uv": [0.5, 0.5, 1, 0.5], "texture": "#6"},
				"east": {"uv": [0, 0.5, 0.5, 0.5], "texture": "#6"},
				"south": {"uv": [1.5, 0.5, 2, 0.5], "texture": "#6"},
				"west": {"uv": [1, 0.5, 1.5, 0.5], "texture": "#6"},
				"up": {"uv": [1, 0.5, 0.5, 0], "texture": "#6"},
				"down": {"uv": [1.5, 0, 1, 0.5], "texture": "#6"}
			}
		},
		{
			"name": "7",
			"from": [13.29268, 10.02439, 7.58537],
			"to": [14.39024, 10.63415, 8.58537],
			"shade": false,
			"rotation": {"angle": 0, "axis": "y", "origin": [10.73171, 8, 8.09756]},
			"faces": {
				"north": {"uv": [1, 0.5, 0.5, 0.5], "texture": "#6"},
				"east": {"uv": [1.5, 0.5, 1, 0.5], "texture": "#6"},
				"south": {"uv": [2, 0.5, 1.5, 0.5], "texture": "#6"},
				"west": {"uv": [0.5, 0.5, 0, 0.5], "texture": "#6"},
				"up": {"uv": [0.5, 0.5, 1, 0], "texture": "#6"},
				"down": {"uv": [1, 0, 1.5, 0.5], "texture": "#6"}
			}
		},
		{
			"from": [8.70732, 2.02439, 8.36585],
			"to": [9.90244, 2.34146, 8.87805],
			"rotation": {"angle": 0, "axis": "y", "origin": [7.60976, 8, 8.97561]},
			"faces": {
				"north": {"uv": [0, 0, 0.5, 0], "texture": "#7"},
				"east": {"uv": [0, 0, 0, 0], "texture": "#7"},
				"south": {"uv": [0.5, 0, 1, 0], "texture": "#7"},
				"west": {"uv": [0.5, 0, 0.5, 0], "texture": "#7"},
				"up": {"uv": [0.5, 0, 0, 0], "texture": "#7"},
				"down": {"uv": [1, 0, 0.5, 0], "texture": "#7"}
			}
		},
		{
			"from": [8.80488, 2.31707, 8.36585],
			"to": [9.80488, 2.63415, 8.78049],
			"rotation": {"angle": 0, "axis": "y", "origin": [7.60976, 8.29268, 8.97561]},
			"faces": {
				"north": {"uv": [0, 0, 0.5, 0], "texture": "#4"},
				"east": {"uv": [0, 0, 0, 0], "texture": "#4"},
				"south": {"uv": [0.5, 0, 1, 0], "texture": "#4"},
				"west": {"uv": [0.5, 0, 0.5, 0], "texture": "#4"},
				"up": {"uv": [0.5, 0, 0, 0], "texture": "#4"},
				"down": {"uv": [1, 0, 0.5, 0], "texture": "#4"}
			}
		},
		{
			"from": [8.70732, 2.02439, 7.19512],
			"to": [9.90244, 2.34146, 7.70732],
			"rotation": {"angle": 0, "axis": "y", "origin": [7.60976, 8, 7.90244]},
			"faces": {
				"north": {"uv": [0, 0, 0.5, 0], "texture": "#7"},
				"east": {"uv": [0, 0, 0, 0], "texture": "#7"},
				"south": {"uv": [0.5, 0, 1, 0], "texture": "#7"},
				"west": {"uv": [0.5, 0, 0.5, 0], "texture": "#7"},
				"up": {"uv": [0.5, 0, 0, 0], "texture": "#7"},
				"down": {"uv": [1, 0, 0.5, 0], "texture": "#7"}
			}
		},
		{
			"from": [8.80488, 2.31707, 7.29268],
			"to": [9.80488, 2.63415, 7.70732],
			"rotation": {"angle": 0, "axis": "y", "origin": [7.60976, 8.29268, 7.90244]},
			"faces": {
				"north": {"uv": [0, 0, 0.5, 0], "texture": "#4"},
				"east": {"uv": [0, 0, 0, 0], "texture": "#4"},
				"south": {"uv": [0.5, 0, 1, 0], "texture": "#4"},
				"west": {"uv": [0.5, 0, 0.5, 0], "texture": "#4"},
				"up": {"uv": [0.5, 0, 0, 0], "texture": "#4"},
				"down": {"uv": [1, 0, 0.5, 0], "texture": "#4"}
			}
		},
		{
			"from": [8.46341, 2.02439, 7.56098],
			"to": [9.07317, 2.34146, 8.56098],
			"rotation": {"angle": 0, "axis": "y", "origin": [9.26829, 8, 9.7561]},
			"faces": {
				"north": {"uv": [0.5, 0.5, 0.5, 0.5], "texture": "#7"},
				"east": {"uv": [0, 0.5, 0.5, 0.5], "texture": "#7"},
				"south": {"uv": [1, 0.5, 1, 0.5], "texture": "#7"},
				"west": {"uv": [0.5, 0.5, 1, 0.5], "texture": "#7"},
				"up": {"uv": [0.5, 0.5, 0.5, 0], "texture": "#7"},
				"down": {"uv": [0.5, 0, 0.5, 0.5], "texture": "#7"}
			}
		},
		{
			"from": [8.56098, 2.31707, 7.65854],
			"to": [9.07317, 2.63415, 8.46341],
			"rotation": {"angle": 0, "axis": "y", "origin": [9.26829, 8.29268, 9.7561]},
			"faces": {
				"north": {"uv": [0, 0, 0, 0], "texture": "#4"},
				"east": {"uv": [0, 0, 0, 0], "texture": "#4"},
				"south": {"uv": [0, 0, 0, 0], "texture": "#4"},
				"west": {"uv": [0, 0, 0, 0], "texture": "#4"},
				"up": {"uv": [0, 0, 0, 0], "texture": "#4"},
				"down": {"uv": [0, 0, 0, 0], "texture": "#4"}
			}
		},
		{
			"from": [9.53659, 2.02439, 7.56098],
			"to": [10.14634, 2.34146, 8.56098],
			"rotation": {"angle": 0, "axis": "y", "origin": [10.14634, 8, 9.7561]},
			"faces": {
				"north": {"uv": [0.5, 0.5, 0.5, 0.5], "texture": "#7"},
				"east": {"uv": [0, 0.5, 0.5, 0.5], "texture": "#7"},
				"south": {"uv": [1, 0.5, 1, 0.5], "texture": "#7"},
				"west": {"uv": [0.5, 0.5, 1, 0.5], "texture": "#7"},
				"up": {"uv": [0.5, 0.5, 0.5, 0], "texture": "#7"},
				"down": {"uv": [0.5, 0, 0.5, 0.5], "texture": "#7"}
			}
		},
		{
			"from": [9.53659, 2.31707, 7.65854],
			"to": [10.04878, 2.63415, 8.46341],
			"rotation": {"angle": 0, "axis": "y", "origin": [10.14634, 8.29268, 9.7561]},
			"faces": {
				"north": {"uv": [0, 0, 0, 0], "texture": "#4"},
				"east": {"uv": [0, 0, 0, 0], "texture": "#4"},
				"south": {"uv": [0, 0, 0, 0], "texture": "#4"},
				"west": {"uv": [0, 0, 0, 0], "texture": "#4"},
				"up": {"uv": [0, 0, 0, 0], "texture": "#4"},
				"down": {"uv": [0, 0, 0, 0], "texture": "#4"}
			}
		},
		{
			"from": [8.90244, 3.78049, 8.36585],
			"to": [9.70732, 4.39024, 8.78049],
			"rotation": {"angle": 0, "axis": "y", "origin": [7.60976, 9.7561, 8.97561]},
			"faces": {
				"north": {"uv": [0, 0, 0, 0], "texture": "#3"},
				"east": {"uv": [0, 0, 0, 0], "texture": "#3"},
				"south": {"uv": [0, 0, 0, 0], "texture": "#3"},
				"west": {"uv": [0, 0, 0, 0], "texture": "#3"},
				"up": {"uv": [0, 0, 0, 0], "texture": "#3"},
				"down": {"uv": [0, 0, 0, 0], "texture": "#3"}
			}
		},
		{
			"from": [8.90244, 3.78049, 7.29268],
			"to": [9.70732, 4.39024, 7.70732],
			"rotation": {"angle": 0, "axis": "y", "origin": [7.60976, 9.7561, 7.90244]},
			"faces": {
				"north": {"uv": [0, 0, 0, 0], "texture": "#3"},
				"east": {"uv": [0, 0, 0, 0], "texture": "#3"},
				"south": {"uv": [0, 0, 0, 0], "texture": "#3"},
				"west": {"uv": [0, 0, 0, 0], "texture": "#3"},
				"up": {"uv": [0, 0, 0, 0], "texture": "#3"},
				"down": {"uv": [0, 0, 0, 0], "texture": "#3"}
			}
		},
		{
			"from": [8.65854, 3.78049, 7.65854],
			"to": [9.07317, 4.39024, 8.46341],
			"rotation": {"angle": 0, "axis": "y", "origin": [9.26829, 8, 9.7561]},
			"faces": {
				"north": {"uv": [0, 0, 0, 0], "texture": "#3"},
				"east": {"uv": [0, 0, 0, 0], "texture": "#3"},
				"south": {"uv": [0, 0, 0, 0], "texture": "#3"},
				"west": {"uv": [0, 0, 0, 0], "texture": "#3"},
				"up": {"uv": [0, 0, 0, 0], "texture": "#3"},
				"down": {"uv": [0, 0, 0, 0], "texture": "#3"}
			}
		},
		{
			"from": [9.53659, 3.78049, 7.65854],
			"to": [9.95122, 4.39024, 8.46341],
			"rotation": {"angle": 0, "axis": "y", "origin": [10.14634, 8, 9.7561]},
			"faces": {
				"north": {"uv": [0, 0, 0, 0], "texture": "#3"},
				"east": {"uv": [0, 0, 0, 0], "texture": "#3"},
				"south": {"uv": [0, 0, 0, 0], "texture": "#3"},
				"west": {"uv": [0, 0, 0, 0], "texture": "#3"},
				"up": {"uv": [0, 0, 0, 0], "texture": "#3"},
				"down": {"uv": [0, 0, 0, 0], "texture": "#3"}
			}
		},
		{
			"from": [8.90244, 2.60976, 8.36585],
			"to": [9.70732, 3.21951, 8.78049],
			"rotation": {"angle": 0, "axis": "y", "origin": [7.60976, 8, 8.97561]},
			"faces": {
				"north": {"uv": [0, 0, 0, 0], "texture": "#3"},
				"east": {"uv": [0, 0, 0, 0], "texture": "#3"},
				"south": {"uv": [0, 0, 0, 0], "texture": "#3"},
				"west": {"uv": [0, 0, 0, 0], "texture": "#3"},
				"up": {"uv": [0, 0, 0, 0], "texture": "#3"},
				"down": {"uv": [0, 0, 0, 0], "texture": "#3"}
			}
		},
		{
			"from": [8.90244, 2.60976, 7.29268],
			"to": [9.70732, 3.21951, 7.70732],
			"rotation": {"angle": 0, "axis": "y", "origin": [7.60976, 8, 7.90244]},
			"faces": {
				"north": {"uv": [0, 0, 0, 0], "texture": "#3"},
				"east": {"uv": [0, 0, 0, 0], "texture": "#3"},
				"south": {"uv": [0, 0, 0, 0], "texture": "#3"},
				"west": {"uv": [0, 0, 0, 0], "texture": "#3"},
				"up": {"uv": [0, 0, 0, 0], "texture": "#3"},
				"down": {"uv": [0, 0, 0, 0], "texture": "#3"}
			}
		},
		{
			"from": [8.65854, 2.60976, 7.65854],
			"to": [9.07317, 3.21951, 8.46341],
			"rotation": {"angle": 0, "axis": "y", "origin": [9.26829, 8, 9.7561]},
			"faces": {
				"north": {"uv": [0, 0, 0, 0], "texture": "#3"},
				"east": {"uv": [0, 0, 0, 0], "texture": "#3"},
				"south": {"uv": [0, 0, 0, 0], "texture": "#3"},
				"west": {"uv": [0, 0, 0, 0], "texture": "#3"},
				"up": {"uv": [0, 0, 0, 0], "texture": "#3"},
				"down": {"uv": [0, 0, 0, 0], "texture": "#3"}
			}
		},
		{
			"from": [9.53659, 2.60976, 7.65854],
			"to": [9.95122, 3.21951, 8.46341],
			"rotation": {"angle": 0, "axis": "y", "origin": [10.14634, 8, 9.7561]},
			"faces": {
				"north": {"uv": [0, 0, 0, 0], "texture": "#3"},
				"east": {"uv": [0, 0, 0, 0], "texture": "#3"},
				"south": {"uv": [0, 0, 0, 0], "texture": "#3"},
				"west": {"uv": [0, 0, 0, 0], "texture": "#3"},
				"up": {"uv": [0, 0, 0, 0], "texture": "#3"},
				"down": {"uv": [0, 0, 0, 0], "texture": "#3"}
			}
		},
		{
			"from": [8.90244, 4.36585, 8.36585],
			"to": [9.70732, 4.97561, 8.78049],
			"rotation": {"angle": 0, "axis": "y", "origin": [7.60976, 9.7561, 8.97561]},
			"faces": {
				"north": {"uv": [0, 0, 0, 0], "texture": "#0"},
				"east": {"uv": [0, 0, 0, 0], "texture": "#0"},
				"south": {"uv": [0, 0, 0, 0], "texture": "#0"},
				"west": {"uv": [0, 0, 0, 0], "texture": "#0"},
				"up": {"uv": [0, 0, 0, 0], "texture": "#0"},
				"down": {"uv": [0, 0, 0, 0], "texture": "#0"}
			}
		},
		{
			"from": [8.90244, 4.36585, 7.29268],
			"to": [9.70732, 4.97561, 7.70732],
			"rotation": {"angle": 0, "axis": "y", "origin": [7.60976, 9.7561, 7.90244]},
			"faces": {
				"north": {"uv": [0, 0, 0, 0], "texture": "#0"},
				"east": {"uv": [0, 0, 0, 0], "texture": "#0"},
				"south": {"uv": [0, 0, 0, 0], "texture": "#0"},
				"west": {"uv": [0, 0, 0, 0], "texture": "#0"},
				"up": {"uv": [0, 0, 0, 0], "texture": "#0"},
				"down": {"uv": [0, 0, 0, 0], "texture": "#0"}
			}
		},
		{
			"from": [8.65854, 4.36585, 7.65854],
			"to": [9.07317, 4.97561, 8.46341],
			"rotation": {"angle": 0, "axis": "y", "origin": [9.26829, 8, 9.7561]},
			"faces": {
				"north": {"uv": [0, 0, 0, 0], "texture": "#0"},
				"east": {"uv": [0, 0, 0, 0], "texture": "#0"},
				"south": {"uv": [0, 0, 0, 0], "texture": "#0"},
				"west": {"uv": [0, 0, 0, 0], "texture": "#0"},
				"up": {"uv": [0, 0, 0, 0], "texture": "#0"},
				"down": {"uv": [0, 0, 0, 0], "texture": "#0"}
			}
		},
		{
			"from": [9.53659, 4.36585, 7.65854],
			"to": [9.95122, 4.97561, 8.46341],
			"rotation": {"angle": 0, "axis": "y", "origin": [10.14634, 8, 9.7561]},
			"faces": {
				"north": {"uv": [0, 0, 0, 0], "texture": "#0"},
				"east": {"uv": [0, 0, 0, 0], "texture": "#0"},
				"south": {"uv": [0, 0, 0, 0], "texture": "#0"},
				"west": {"uv": [0, 0, 0, 0], "texture": "#0"},
				"up": {"uv": [0, 0, 0, 0], "texture": "#0"},
				"down": {"uv": [0, 0, 0, 0], "texture": "#0"}
			}
		},
		{
			"from": [8.90244, 3.19512, 8.36585],
			"to": [9.70732, 3.80488, 8.78049],
			"rotation": {"angle": 0, "axis": "y", "origin": [7.60976, 8, 8.97561]},
			"faces": {
				"north": {"uv": [0, 0, 0, 0], "texture": "#0"},
				"east": {"uv": [0, 0, 0, 0], "texture": "#0"},
				"south": {"uv": [0, 0, 0, 0], "texture": "#0"},
				"west": {"uv": [0, 0, 0, 0], "texture": "#0"},
				"up": {"uv": [0, 0, 0, 0], "texture": "#0"},
				"down": {"uv": [0, 0, 0, 0], "texture": "#0"}
			}
		},
		{
			"from": [8.90244, 3.19512, 7.29268],
			"to": [9.70732, 3.80488, 7.70732],
			"rotation": {"angle": 0, "axis": "y", "origin": [7.60976, 8, 7.90244]},
			"faces": {
				"north": {"uv": [0, 0, 0, 0], "texture": "#0"},
				"east": {"uv": [0, 0, 0, 0], "texture": "#0"},
				"south": {"uv": [0, 0, 0, 0], "texture": "#0"},
				"west": {"uv": [0, 0, 0, 0], "texture": "#0"},
				"up": {"uv": [0, 0, 0, 0], "texture": "#0"},
				"down": {"uv": [0, 0, 0, 0], "texture": "#0"}
			}
		},
		{
			"from": [8.65854, 3.19512, 7.65854],
			"to": [9.07317, 3.80488, 8.46341],
			"rotation": {"angle": 0, "axis": "y", "origin": [9.26829, 8, 9.7561]},
			"faces": {
				"north": {"uv": [0, 0, 0, 0], "texture": "#0"},
				"east": {"uv": [0, 0, 0, 0], "texture": "#0"},
				"south": {"uv": [0, 0, 0, 0], "texture": "#0"},
				"west": {"uv": [0, 0, 0, 0], "texture": "#0"},
				"up": {"uv": [0, 0, 0, 0], "texture": "#0"},
				"down": {"uv": [0, 0, 0, 0], "texture": "#0"}
			}
		},
		{
			"from": [9.53659, 3.19512, 7.65854],
			"to": [9.95122, 3.80488, 8.46341],
			"rotation": {"angle": 0, "axis": "y", "origin": [10.14634, 8, 9.7561]},
			"faces": {
				"north": {"uv": [0, 0, 0, 0], "texture": "#0"},
				"east": {"uv": [0, 0, 0, 0], "texture": "#0"},
				"south": {"uv": [0, 0, 0, 0], "texture": "#0"},
				"west": {"uv": [0, 0, 0, 0], "texture": "#0"},
				"up": {"uv": [0, 0, 0, 0], "texture": "#0"},
				"down": {"uv": [0, 0, 0, 0], "texture": "#0"}
			}
		},
		{
			"from": [8.90244, 4.95122, 8.36585],
			"to": [9.70732, 5.56098, 8.78049],
			"rotation": {"angle": 0, "axis": "y", "origin": [7.60976, 9.7561, 8.97561]},
			"faces": {
				"north": {"uv": [0, 0, 0, 0], "texture": "#3"},
				"east": {"uv": [0, 0, 0, 0], "texture": "#3"},
				"south": {"uv": [0, 0, 0, 0], "texture": "#3"},
				"west": {"uv": [0, 0, 0, 0], "texture": "#3"},
				"up": {"uv": [0, 0, 0, 0], "texture": "#3"},
				"down": {"uv": [0, 0, 0, 0], "texture": "#3"}
			}
		},
		{
			"from": [8.90244, 4.95122, 7.29268],
			"to": [9.70732, 5.56098, 7.70732],
			"rotation": {"angle": 0, "axis": "y", "origin": [7.60976, 9.7561, 7.90244]},
			"faces": {
				"north": {"uv": [0, 0, 0, 0], "texture": "#3"},
				"east": {"uv": [0, 0, 0, 0], "texture": "#3"},
				"south": {"uv": [0, 0, 0, 0], "texture": "#3"},
				"west": {"uv": [0, 0, 0, 0], "texture": "#3"},
				"up": {"uv": [0, 0, 0, 0], "texture": "#3"},
				"down": {"uv": [0, 0, 0, 0], "texture": "#3"}
			}
		},
		{
			"from": [8.65854, 4.95122, 7.65854],
			"to": [9.07317, 5.56098, 8.46341],
			"rotation": {"angle": 0, "axis": "y", "origin": [9.26829, 8, 9.7561]},
			"faces": {
				"north": {"uv": [0, 0, 0, 0], "texture": "#3"},
				"east": {"uv": [0, 0, 0, 0], "texture": "#3"},
				"south": {"uv": [0, 0, 0, 0], "texture": "#3"},
				"west": {"uv": [0, 0, 0, 0], "texture": "#3"},
				"up": {"uv": [0, 0, 0, 0], "texture": "#3"},
				"down": {"uv": [0, 0, 0, 0], "texture": "#3"}
			}
		},
		{
			"from": [9.53659, 4.95122, 7.65854],
			"to": [9.95122, 5.56098, 8.46341],
			"rotation": {"angle": 0, "axis": "y", "origin": [10.14634, 8, 9.7561]},
			"faces": {
				"north": {"uv": [0, 0, 0, 0], "texture": "#3"},
				"east": {"uv": [0, 0, 0, 0], "texture": "#3"},
				"south": {"uv": [0, 0, 0, 0], "texture": "#3"},
				"west": {"uv": [0, 0, 0, 0], "texture": "#3"},
				"up": {"uv": [0, 0, 0, 0], "texture": "#3"},
				"down": {"uv": [0, 0, 0, 0], "texture": "#3"}
			}
		},
		{
			"from": [8.90244, 5.53659, 8.36585],
			"to": [9.70732, 6.14634, 8.78049],
			"rotation": {"angle": 0, "axis": "y", "origin": [7.60976, 9.7561, 8.97561]},
			"faces": {
				"north": {"uv": [0, 0, 0, 0], "texture": "#0"},
				"east": {"uv": [0, 0, 0, 0], "texture": "#0"},
				"south": {"uv": [0, 0, 0, 0], "texture": "#0"},
				"west": {"uv": [0, 0, 0, 0], "texture": "#0"},
				"up": {"uv": [0, 0, 0, 0], "texture": "#0"},
				"down": {"uv": [0, 0, 0, 0], "texture": "#0"}
			}
		},
		{
			"from": [8.90244, 6.12195, 8.36585],
			"to": [9.70732, 6.73171, 8.78049],
			"rotation": {"angle": 0, "axis": "y", "origin": [7.60976, 10.34146, 8.97561]},
			"faces": {
				"north": {"uv": [0, 0, 0, 0], "texture": "#3"},
				"east": {"uv": [0, 0, 0, 0], "texture": "#3"},
				"south": {"uv": [0, 0, 0, 0], "texture": "#3"},
				"west": {"uv": [0, 0, 0, 0], "texture": "#3"},
				"up": {"uv": [0, 0, 0, 0], "texture": "#3"},
				"down": {"uv": [0, 0, 0, 0], "texture": "#3"}
			}
		},
		{
			"from": [8.90244, 6.70732, 8.36585],
			"to": [9.70732, 7.31707, 8.78049],
			"rotation": {"angle": 0, "axis": "y", "origin": [7.60976, 10.92683, 8.97561]},
			"faces": {
				"north": {"uv": [0, 0, 0, 0], "texture": "#0"},
				"east": {"uv": [0, 0, 0, 0], "texture": "#0"},
				"south": {"uv": [0, 0, 0, 0], "texture": "#0"},
				"west": {"uv": [0, 0, 0, 0], "texture": "#0"},
				"up": {"uv": [0, 0, 0, 0], "texture": "#0"},
				"down": {"uv": [0, 0, 0, 0], "texture": "#0"}
			}
		},
		{
			"from": [8.80488, 7.29268, 8.36585],
			"to": [9.80488, 7.60976, 8.87805],
			"rotation": {"angle": 0, "axis": "y", "origin": [7.60976, 11.5122, 8.97561]},
			"faces": {
				"north": {"uv": [0, 0, 0.5, 0], "texture": "#4"},
				"east": {"uv": [0, 0, 0, 0], "texture": "#4"},
				"south": {"uv": [0.5, 0, 1, 0], "texture": "#4"},
				"west": {"uv": [0.5, 0, 0.5, 0], "texture": "#4"},
				"up": {"uv": [0.5, 0, 0, 0], "texture": "#4"},
				"down": {"uv": [1, 0, 0.5, 0], "texture": "#4"}
			}
		},
		{
			"from": [8.60976, 7.58537, 8.36585],
			"to": [10, 7.90244, 8.97561],
			"rotation": {"angle": 0, "axis": "y", "origin": [7.60976, 11.80488, 8.97561]},
			"faces": {
				"north": {"uv": [0, 0, 0.5, 0], "texture": "#7"},
				"east": {"uv": [0, 0, 0, 0], "texture": "#7"},
				"south": {"uv": [0.5, 0, 1, 0], "texture": "#7"},
				"west": {"uv": [0.5, 0, 0.5, 0], "texture": "#7"},
				"up": {"uv": [0.5, 0, 0, 0], "texture": "#7"},
				"down": {"uv": [1, 0, 0.5, 0], "texture": "#7"}
			}
		},
		{
			"from": [8.90244, 5.53659, 7.29268],
			"to": [9.70732, 6.14634, 7.70732],
			"rotation": {"angle": 0, "axis": "y", "origin": [7.60976, 9.7561, 7.90244]},
			"faces": {
				"north": {"uv": [0, 0, 0, 0], "texture": "#0"},
				"east": {"uv": [0, 0, 0, 0], "texture": "#0"},
				"south": {"uv": [0, 0, 0, 0], "texture": "#0"},
				"west": {"uv": [0, 0, 0, 0], "texture": "#0"},
				"up": {"uv": [0, 0, 0, 0], "texture": "#0"},
				"down": {"uv": [0, 0, 0, 0], "texture": "#0"}
			}
		},
		{
			"from": [8.90244, 6.12195, 7.29268],
			"to": [9.70732, 6.73171, 7.70732],
			"rotation": {"angle": 0, "axis": "y", "origin": [7.60976, 10.34146, 7.90244]},
			"faces": {
				"north": {"uv": [0, 0, 0, 0], "texture": "#3"},
				"east": {"uv": [0, 0, 0, 0], "texture": "#3"},
				"south": {"uv": [0, 0, 0, 0], "texture": "#3"},
				"west": {"uv": [0, 0, 0, 0], "texture": "#3"},
				"up": {"uv": [0, 0, 0, 0], "texture": "#3"},
				"down": {"uv": [0, 0, 0, 0], "texture": "#3"}
			}
		},
		{
			"from": [8.90244, 6.70732, 7.29268],
			"to": [9.70732, 7.31707, 7.70732],
			"rotation": {"angle": 0, "axis": "y", "origin": [7.60976, 10.92683, 7.90244]},
			"faces": {
				"north": {"uv": [0, 0, 0, 0], "texture": "#0"},
				"east": {"uv": [0, 0, 0, 0], "texture": "#0"},
				"south": {"uv": [0, 0, 0, 0], "texture": "#0"},
				"west": {"uv": [0, 0, 0, 0], "texture": "#0"},
				"up": {"uv": [0, 0, 0, 0], "texture": "#0"},
				"down": {"uv": [0, 0, 0, 0], "texture": "#0"}
			}
		},
		{
			"from": [8.80488, 7.29268, 7.19512],
			"to": [9.80488, 7.60976, 7.70732],
			"rotation": {"angle": 0, "axis": "y", "origin": [7.60976, 11.5122, 7.90244]},
			"faces": {
				"north": {"uv": [0, 0, 0.5, 0], "texture": "#4"},
				"east": {"uv": [0, 0, 0, 0], "texture": "#4"},
				"south": {"uv": [0.5, 0, 1, 0], "texture": "#4"},
				"west": {"uv": [0.5, 0, 0.5, 0], "texture": "#4"},
				"up": {"uv": [0.5, 0, 0, 0], "texture": "#4"},
				"down": {"uv": [1, 0, 0.5, 0], "texture": "#4"}
			}
		},
		{
			"from": [8.60976, 7.58537, 7.09756],
			"to": [10, 7.90244, 7.70732],
			"rotation": {"angle": 0, "axis": "y", "origin": [7.60976, 11.80488, 7.90244]},
			"faces": {
				"north": {"uv": [0, 0, 0.5, 0], "texture": "#7"},
				"east": {"uv": [0, 0, 0, 0], "texture": "#7"},
				"south": {"uv": [0.5, 0, 1, 0], "texture": "#7"},
				"west": {"uv": [0.5, 0, 0.5, 0], "texture": "#7"},
				"up": {"uv": [0.5, 0, 0, 0], "texture": "#7"},
				"down": {"uv": [1, 0, 0.5, 0], "texture": "#7"}
			}
		},
		{
			"from": [8.65854, 5.53659, 7.65854],
			"to": [9.07317, 6.14634, 8.46341],
			"rotation": {"angle": 0, "axis": "y", "origin": [9.26829, 8, 9.7561]},
			"faces": {
				"north": {"uv": [0, 0, 0, 0], "texture": "#0"},
				"east": {"uv": [0, 0, 0, 0], "texture": "#0"},
				"south": {"uv": [0, 0, 0, 0], "texture": "#0"},
				"west": {"uv": [0, 0, 0, 0], "texture": "#0"},
				"up": {"uv": [0, 0, 0, 0], "texture": "#0"},
				"down": {"uv": [0, 0, 0, 0], "texture": "#0"}
			}
		},
		{
			"from": [8.65854, 6.12195, 7.65854],
			"to": [9.07317, 6.73171, 8.46341],
			"rotation": {"angle": 0, "axis": "y", "origin": [9.26829, 8.58537, 9.7561]},
			"faces": {
				"north": {"uv": [0, 0, 0, 0], "texture": "#3"},
				"east": {"uv": [0, 0, 0, 0], "texture": "#3"},
				"south": {"uv": [0, 0, 0, 0], "texture": "#3"},
				"west": {"uv": [0, 0, 0, 0], "texture": "#3"},
				"up": {"uv": [0, 0, 0, 0], "texture": "#3"},
				"down": {"uv": [0, 0, 0, 0], "texture": "#3"}
			}
		},
		{
			"from": [8.65854, 6.70732, 7.65854],
			"to": [9.07317, 7.31707, 8.46341],
			"rotation": {"angle": 0, "axis": "y", "origin": [9.26829, 9.17073, 9.7561]},
			"faces": {
				"north": {"uv": [0, 0, 0, 0], "texture": "#0"},
				"east": {"uv": [0, 0, 0, 0], "texture": "#0"},
				"south": {"uv": [0, 0, 0, 0], "texture": "#0"},
				"west": {"uv": [0, 0, 0, 0], "texture": "#0"},
				"up": {"uv": [0, 0, 0, 0], "texture": "#0"},
				"down": {"uv": [0, 0, 0, 0], "texture": "#0"}
			}
		},
		{
			"from": [8.46341, 7.29268, 7.65854],
			"to": [9.07317, 7.60976, 8.46341],
			"rotation": {"angle": 0, "axis": "y", "origin": [9.26829, 9.7561, 9.7561]},
			"faces": {
				"north": {"uv": [0, 0, 0, 0], "texture": "#4"},
				"east": {"uv": [0, 0, 0, 0], "texture": "#4"},
				"south": {"uv": [0, 0, 0, 0], "texture": "#4"},
				"west": {"uv": [0, 0, 0, 0], "texture": "#4"},
				"up": {"uv": [0, 0, 0, 0], "texture": "#4"},
				"down": {"uv": [0, 0, 0, 0], "texture": "#4"}
			}
		},
		{
			"from": [8.26829, 7.58537, 7.65854],
			"to": [9.26829, 7.90244, 8.46341],
			"rotation": {"angle": 0, "axis": "y", "origin": [9.26829, 10.04878, 9.7561]},
			"faces": {
				"north": {"uv": [0, 0, 0.5, 0], "texture": "#7"},
				"east": {"uv": [0, 0, 0, 0], "texture": "#7"},
				"south": {"uv": [0.5, 0, 1, 0], "texture": "#7"},
				"west": {"uv": [0.5, 0, 0.5, 0], "texture": "#7"},
				"up": {"uv": [0.5, 0, 0, 0], "texture": "#7"},
				"down": {"uv": [1, 0, 0.5, 0], "texture": "#7"}
			}
		},
		{
			"from": [9.53659, 5.53659, 7.65854],
			"to": [9.95122, 6.14634, 8.46341],
			"rotation": {"angle": 0, "axis": "y", "origin": [10.14634, 8, 9.7561]},
			"faces": {
				"north": {"uv": [0, 0, 0, 0], "texture": "#0"},
				"east": {"uv": [0, 0, 0, 0], "texture": "#0"},
				"south": {"uv": [0, 0, 0, 0], "texture": "#0"},
				"west": {"uv": [0, 0, 0, 0], "texture": "#0"},
				"up": {"uv": [0, 0, 0, 0], "texture": "#0"},
				"down": {"uv": [0, 0, 0, 0], "texture": "#0"}
			}
		},
		{
			"from": [9.53659, 6.12195, 7.65854],
			"to": [9.95122, 6.73171, 8.46341],
			"rotation": {"angle": 0, "axis": "y", "origin": [10.14634, 8.58537, 9.7561]},
			"faces": {
				"north": {"uv": [0, 0, 0, 0], "texture": "#3"},
				"east": {"uv": [0, 0, 0, 0], "texture": "#3"},
				"south": {"uv": [0, 0, 0, 0], "texture": "#3"},
				"west": {"uv": [0, 0, 0, 0], "texture": "#3"},
				"up": {"uv": [0, 0, 0, 0], "texture": "#3"},
				"down": {"uv": [0, 0, 0, 0], "texture": "#3"}
			}
		},
		{
			"from": [9.53659, 6.70732, 7.65854],
			"to": [9.95122, 7.31707, 8.46341],
			"rotation": {"angle": 0, "axis": "y", "origin": [10.14634, 9.17073, 9.7561]},
			"faces": {
				"north": {"uv": [0, 0, 0, 0], "texture": "#0"},
				"east": {"uv": [0, 0, 0, 0], "texture": "#0"},
				"south": {"uv": [0, 0, 0, 0], "texture": "#0"},
				"west": {"uv": [0, 0, 0, 0], "texture": "#0"},
				"up": {"uv": [0, 0, 0, 0], "texture": "#0"},
				"down": {"uv": [0, 0, 0, 0], "texture": "#0"}
			}
		},
		{
			"from": [9.53659, 7.29268, 7.65854],
			"to": [10.2439, 7.60976, 8.46341],
			"rotation": {"angle": 0, "axis": "y", "origin": [10.14634, 9.7561, 9.7561]},
			"faces": {
				"north": {"uv": [0, 0, 0, 0], "texture": "#4"},
				"east": {"uv": [0, 0, 0, 0], "texture": "#4"},
				"south": {"uv": [0, 0, 0, 0], "texture": "#4"},
				"west": {"uv": [0, 0, 0, 0], "texture": "#4"},
				"up": {"uv": [0, 0, 0, 0], "texture": "#4"},
				"down": {"uv": [0, 0, 0, 0], "texture": "#4"}
			}
		},
		{
			"from": [9.34146, 7.58537, 7.65854],
			"to": [10.43902, 7.90244, 8.46341],
			"rotation": {"angle": 0, "axis": "y", "origin": [10.14634, 10.04878, 9.7561]},
			"faces": {
				"north": {"uv": [0, 0, 0.5, 0], "texture": "#7"},
				"east": {"uv": [0, 0, 0, 0], "texture": "#7"},
				"south": {"uv": [0.5, 0, 1, 0], "texture": "#7"},
				"west": {"uv": [0.5, 0, 0.5, 0], "texture": "#7"},
				"up": {"uv": [0.5, 0, 0, 0], "texture": "#7"},
				"down": {"uv": [1, 0, 0.5, 0], "texture": "#7"}
			}
		},
		{
			"from": [8.08537, 0.56829, 7.57317],
			"to": [9.37805, 1.08049, 8.47561],
			"rotation": {"angle": 0, "axis": "y", "origin": [16.67073, 8.56829, 1.64634]},
			"faces": {
				"north": {"uv": [5.5, 5, 6, 5], "texture": "#0"},
				"east": {"uv": [0, 0, 0, 0], "texture": "#0"},
				"south": {"uv": [5, 6, 5.5, 6], "texture": "#0"},
				"west": {"uv": [0.5, 0, 0.5, 0], "texture": "#0"},
				"up": {"uv": [0.5, 0, 0, 0], "texture": "#0"},
				"down": {"uv": [1, 0, 0.5, 0], "texture": "#0"}
			}
		},
		{
			"from": [8.18293, 0.56829, 7.37805],
			"to": [9.37805, 1.08049, 7.59756],
			"rotation": {"angle": 0, "axis": "y", "origin": [16.67073, 8.56829, 0.76829]},
			"faces": {
				"north": {"uv": [5.5, 5, 6, 5], "texture": "#0"},
				"east": {"uv": [0, 0, 0, 0], "texture": "#0"},
				"south": {"uv": [5, 6, 5.5, 6], "texture": "#0"},
				"west": {"uv": [0.5, 0, 0.5, 0], "texture": "#0"},
				"up": {"uv": [0.5, 0, 0, 0], "texture": "#0"},
				"down": {"uv": [1, 0, 0.5, 0], "texture": "#0"}
			}
		},
		{
			"from": [8.18293, 0.56829, 8.45122],
			"to": [9.37805, 1.08049, 8.67073],
			"shade": false,
			"rotation": {"angle": 0, "axis": "y", "origin": [16.67073, 8.56829, 15.67073]},
			"faces": {
				"north": {"uv": [5.5, 5, 6, 5], "texture": "#0"},
				"east": {"uv": [0.5, 0, 0.5, 0], "texture": "#0"},
				"south": {"uv": [5, 6, 5.5, 6], "texture": "#0"},
				"west": {"uv": [0, 0, 0, 0], "texture": "#0"},
				"up": {"uv": [0, 0, 0.5, 0], "texture": "#0"},
				"down": {"uv": [0.5, 0, 1, 0], "texture": "#0"}
			}
		},
		{
			"from": [8.47561, 0.37317, 7.57317],
			"to": [9.76829, 0.88537, 8.47561],
			"rotation": {"angle": 0, "axis": "y", "origin": [16.67073, 8.56829, 1.64634]},
			"faces": {
				"north": {"uv": [5.5, 5, 6, 5], "texture": "#0"},
				"east": {"uv": [0, 0, 0, 0], "texture": "#0"},
				"south": {"uv": [5, 6, 5.5, 6], "texture": "#0"},
				"west": {"uv": [0.5, 0, 0.5, 0], "texture": "#0"},
				"up": {"uv": [0.5, 0, 0, 0], "texture": "#0"},
				"down": {"uv": [1, 0, 0.5, 0], "texture": "#0"}
			}
		},
		{
			"from": [8.47561, 0.37317, 7.37805],
			"to": [9.76829, 0.88537, 7.59756],
			"rotation": {"angle": 0, "axis": "y", "origin": [16.67073, 8.56829, 0.76829]},
			"faces": {
				"north": {"uv": [5.5, 5, 6, 5], "texture": "#0"},
				"east": {"uv": [0, 0, 0, 0], "texture": "#0"},
				"south": {"uv": [5, 6, 5.5, 6], "texture": "#0"},
				"west": {"uv": [0.5, 0, 0.5, 0], "texture": "#0"},
				"up": {"uv": [0.5, 0, 0, 0], "texture": "#0"},
				"down": {"uv": [1, 0, 0.5, 0], "texture": "#0"}
			}
		},
		{
			"from": [8.47561, 0.37317, 8.45122],
			"to": [9.76829, 0.88537, 8.67073],
			"shade": false,
			"rotation": {"angle": 0, "axis": "y", "origin": [16.67073, 8.56829, 15.67073]},
			"faces": {
				"north": {"uv": [5.5, 5, 6, 5], "texture": "#0"},
				"east": {"uv": [0.5, 0, 0.5, 0], "texture": "#0"},
				"south": {"uv": [5, 6, 5.5, 6], "texture": "#0"},
				"west": {"uv": [0, 0, 0, 0], "texture": "#0"},
				"up": {"uv": [0, 0, 0.5, 0], "texture": "#0"},
				"down": {"uv": [0.5, 0, 1, 0], "texture": "#0"}
			}
		},
		{
			"from": [8.47561, 0.66585, 7.57317],
			"to": [9.76829, 1.17805, 8.47561],
			"rotation": {"angle": 0, "axis": "y", "origin": [16.67073, 8.86098, 1.64634]},
			"faces": {
				"north": {"uv": [5.5, 5, 6, 5], "texture": "#0"},
				"east": {"uv": [0, 0, 0, 0], "texture": "#0"},
				"south": {"uv": [5, 6, 5.5, 6], "texture": "#0"},
				"west": {"uv": [0.5, 0, 0.5, 0], "texture": "#0"},
				"up": {"uv": [0.5, 0, 0, 0], "texture": "#0"},
				"down": {"uv": [1, 0, 0.5, 0], "texture": "#0"}
			}
		},
		{
			"from": [8.47561, 0.66585, 7.37805],
			"to": [9.76829, 1.17805, 7.59756],
			"rotation": {"angle": 0, "axis": "y", "origin": [16.67073, 8.86098, 0.76829]},
			"faces": {
				"north": {"uv": [5.5, 5, 6, 5], "texture": "#0"},
				"east": {"uv": [0, 0, 0, 0], "texture": "#0"},
				"south": {"uv": [5, 6, 5.5, 6], "texture": "#0"},
				"west": {"uv": [0.5, 0, 0.5, 0], "texture": "#0"},
				"up": {"uv": [0.5, 0, 0, 0], "texture": "#0"},
				"down": {"uv": [1, 0, 0.5, 0], "texture": "#0"}
			}
		},
		{
			"from": [8.47561, 0.66585, 8.45122],
			"to": [9.76829, 1.17805, 8.67073],
			"shade": false,
			"rotation": {"angle": 0, "axis": "y", "origin": [16.67073, 8.86098, 15.67073]},
			"faces": {
				"north": {"uv": [5.5, 5, 6, 5], "texture": "#0"},
				"east": {"uv": [0.5, 0, 0.5, 0], "texture": "#0"},
				"south": {"uv": [5, 6, 5.5, 6], "texture": "#0"},
				"west": {"uv": [0, 0, 0, 0], "texture": "#0"},
				"up": {"uv": [0, 0, 0.5, 0], "texture": "#0"},
				"down": {"uv": [0.5, 0, 1, 0], "texture": "#0"}
			}
		},
		{
			"from": [8.28049, 0.66585, 7.57317],
			"to": [9.57317, 1.17805, 8.47561],
			"rotation": {"angle": 0, "axis": "y", "origin": [16.67073, 8.86098, 1.64634]},
			"faces": {
				"north": {"uv": [5.5, 5, 6, 5], "texture": "#0"},
				"east": {"uv": [0, 0, 0, 0], "texture": "#0"},
				"south": {"uv": [5, 6, 5.5, 6], "texture": "#0"},
				"west": {"uv": [0.5, 0, 0.5, 0], "texture": "#0"},
				"up": {"uv": [0.5, 0, 0, 0], "texture": "#0"},
				"down": {"uv": [1, 0, 0.5, 0], "texture": "#0"}
			}
		},
		{
			"from": [8.28049, 0.66585, 7.37805],
			"to": [9.57317, 1.17805, 7.59756],
			"rotation": {"angle": 0, "axis": "y", "origin": [16.67073, 8.86098, 0.76829]},
			"faces": {
				"north": {"uv": [5.5, 5, 6, 5], "texture": "#0"},
				"east": {"uv": [0, 0, 0, 0], "texture": "#0"},
				"south": {"uv": [5, 6, 5.5, 6], "texture": "#0"},
				"west": {"uv": [0.5, 0, 0.5, 0], "texture": "#0"},
				"up": {"uv": [0.5, 0, 0, 0], "texture": "#0"},
				"down": {"uv": [1, 0, 0.5, 0], "texture": "#0"}
			}
		},
		{
			"from": [8.28049, 0.66585, 8.45122],
			"to": [9.57317, 1.17805, 8.67073],
			"shade": false,
			"rotation": {"angle": 0, "axis": "y", "origin": [16.67073, 8.86098, 15.67073]},
			"faces": {
				"north": {"uv": [5.5, 5, 6, 5], "texture": "#0"},
				"east": {"uv": [0.5, 0, 0.5, 0], "texture": "#0"},
				"south": {"uv": [5, 6, 5.5, 6], "texture": "#0"},
				"west": {"uv": [0, 0, 0, 0], "texture": "#0"},
				"up": {"uv": [0, 0, 0.5, 0], "texture": "#0"},
				"down": {"uv": [0.5, 0, 1, 0], "texture": "#0"}
			}
		},
		{
			"from": [9.06098, 0.66585, 7.57317],
			"to": [10.35366, 1.17805, 8.47561],
			"rotation": {"angle": 0, "axis": "y", "origin": [16.67073, 8.86098, 1.64634]},
			"faces": {
				"north": {"uv": [5.5, 5, 6, 5], "texture": "#0"},
				"east": {"uv": [0, 0, 0, 0], "texture": "#0"},
				"south": {"uv": [5, 6, 5.5, 6], "texture": "#0"},
				"west": {"uv": [0.5, 0, 0.5, 0], "texture": "#0"},
				"up": {"uv": [0.5, 0, 0, 0], "texture": "#0"},
				"down": {"uv": [1, 0, 0.5, 0], "texture": "#0"}
			}
		},
		{
			"from": [9.06098, 0.66585, 7.37805],
			"to": [10.35366, 1.17805, 7.59756],
			"rotation": {"angle": 0, "axis": "y", "origin": [16.67073, 8.86098, 0.76829]},
			"faces": {
				"north": {"uv": [5.5, 5, 6, 5], "texture": "#0"},
				"east": {"uv": [0, 0, 0, 0], "texture": "#0"},
				"south": {"uv": [5, 6, 5.5, 6], "texture": "#0"},
				"west": {"uv": [0.5, 0, 0.5, 0], "texture": "#0"},
				"up": {"uv": [0.5, 0, 0, 0], "texture": "#0"},
				"down": {"uv": [1, 0, 0.5, 0], "texture": "#0"}
			}
		},
		{
			"from": [9.06098, 0.66585, 8.45122],
			"to": [10.35366, 1.17805, 8.67073],
			"shade": false,
			"rotation": {"angle": 0, "axis": "y", "origin": [16.67073, 8.86098, 15.67073]},
			"faces": {
				"north": {"uv": [5.5, 5, 6, 5], "texture": "#0"},
				"east": {"uv": [0.5, 0, 0.5, 0], "texture": "#0"},
				"south": {"uv": [5, 6, 5.5, 6], "texture": "#0"},
				"west": {"uv": [0, 0, 0, 0], "texture": "#0"},
				"up": {"uv": [0, 0, 0.5, 0], "texture": "#0"},
				"down": {"uv": [0.5, 0, 1, 0], "texture": "#0"}
			}
		},
		{
			"from": [8.86585, 0.95854, 7.57317],
			"to": [10.15854, 1.47073, 8.47561],
			"rotation": {"angle": 0, "axis": "y", "origin": [16.67073, 8.86098, 1.64634]},
			"faces": {
				"north": {"uv": [5.5, 5, 6, 5], "texture": "#0"},
				"east": {"uv": [0, 0, 0, 0], "texture": "#0"},
				"south": {"uv": [5, 6, 5.5, 6], "texture": "#0"},
				"west": {"uv": [0.5, 0, 0.5, 0], "texture": "#0"},
				"up": {"uv": [0.5, 0, 0, 0], "texture": "#0"},
				"down": {"uv": [1, 0, 0.5, 0], "texture": "#0"}
			}
		},
		{
			"from": [8.86585, 0.95854, 7.37805],
			"to": [10.15854, 1.47073, 7.59756],
			"rotation": {"angle": 0, "axis": "y", "origin": [16.67073, 8.86098, 0.76829]},
			"faces": {
				"north": {"uv": [5.5, 5, 6, 5], "texture": "#0"},
				"east": {"uv": [0, 0, 0, 0], "texture": "#0"},
				"south": {"uv": [5, 6, 5.5, 6], "texture": "#0"},
				"west": {"uv": [0.5, 0, 0.5, 0], "texture": "#0"},
				"up": {"uv": [0.5, 0, 0, 0], "texture": "#0"},
				"down": {"uv": [1, 0, 0.5, 0], "texture": "#0"}
			}
		},
		{
			"from": [8.86585, 0.95854, 8.45122],
			"to": [10.15854, 1.47073, 8.67073],
			"shade": false,
			"rotation": {"angle": 0, "axis": "y", "origin": [16.67073, 8.86098, 15.67073]},
			"faces": {
				"north": {"uv": [5.5, 5, 6, 5], "texture": "#0"},
				"east": {"uv": [0.5, 0, 0.5, 0], "texture": "#0"},
				"south": {"uv": [5, 6, 5.5, 6], "texture": "#0"},
				"west": {"uv": [0, 0, 0, 0], "texture": "#0"},
				"up": {"uv": [0, 0, 0.5, 0], "texture": "#0"},
				"down": {"uv": [0.5, 0, 1, 0], "texture": "#0"}
			}
		},
		{
			"from": [8.47561, 0.95854, 7.57317],
			"to": [9.76829, 1.47073, 8.47561],
			"rotation": {"angle": 0, "axis": "y", "origin": [16.67073, 8.86098, 1.64634]},
			"faces": {
				"north": {"uv": [5.5, 5, 6, 5], "texture": "#0"},
				"east": {"uv": [0, 0, 0, 0], "texture": "#0"},
				"south": {"uv": [5, 6, 5.5, 6], "texture": "#0"},
				"west": {"uv": [0.5, 0, 0.5, 0], "texture": "#0"},
				"up": {"uv": [0.5, 0, 0, 0], "texture": "#0"},
				"down": {"uv": [1, 0, 0.5, 0], "texture": "#0"}
			}
		},
		{
			"from": [8.47561, 0.95854, 7.28049],
			"to": [9.76829, 1.47073, 7.59756],
			"rotation": {"angle": 0, "axis": "y", "origin": [16.67073, 8.86098, 0.76829]},
			"faces": {
				"north": {"uv": [5.5, 5, 6, 5], "texture": "#0"},
				"east": {"uv": [0, 0, 0, 0], "texture": "#0"},
				"south": {"uv": [5, 6, 5.5, 6], "texture": "#0"},
				"west": {"uv": [0.5, 0, 0.5, 0], "texture": "#0"},
				"up": {"uv": [0.5, 0, 0, 0], "texture": "#0"},
				"down": {"uv": [1, 0, 0.5, 0], "texture": "#0"}
			}
		},
		{
			"from": [8.47561, 0.95854, 8.45122],
			"to": [9.76829, 1.47073, 8.76829],
			"shade": false,
			"rotation": {"angle": 0, "axis": "y", "origin": [16.67073, 8.86098, 15.67073]},
			"faces": {
				"north": {"uv": [5.5, 5, 6, 5], "texture": "#0"},
				"east": {"uv": [0.5, 0, 0.5, 0], "texture": "#0"},
				"south": {"uv": [5, 6, 5.5, 6], "texture": "#0"},
				"west": {"uv": [0, 0, 0, 0], "texture": "#0"},
				"up": {"uv": [0, 0, 0.5, 0], "texture": "#0"},
				"down": {"uv": [0.5, 0, 1, 0], "texture": "#0"}
			}
		},
		{
			"from": [8.37805, 1.25122, 7.57317],
			"to": [10.2561, 1.76341, 8.47561],
			"rotation": {"angle": 0, "axis": "y", "origin": [16.67073, 8.86098, 1.64634]},
			"faces": {
				"north": {"uv": [5.5, 5, 6, 5], "texture": "#0"},
				"east": {"uv": [0, 0, 0, 0], "texture": "#0"},
				"south": {"uv": [5, 6, 5.5, 6], "texture": "#0"},
				"west": {"uv": [0.5, 0, 0.5, 0], "texture": "#0"},
				"up": {"uv": [0.5, 0, 0, 0], "texture": "#0"},
				"down": {"uv": [1, 0, 0.5, 0], "texture": "#0"}
			}
		},
		{
			"from": [8.37805, 1.25122, 7.37805],
			"to": [10.2561, 1.76341, 7.59756],
			"rotation": {"angle": 0, "axis": "y", "origin": [16.67073, 8.86098, 0.76829]},
			"faces": {
				"north": {"uv": [5.5, 5, 6, 5], "texture": "#0"},
				"east": {"uv": [0, 0, 0, 0], "texture": "#0"},
				"south": {"uv": [5, 6, 5.5, 6], "texture": "#0"},
				"west": {"uv": [0.5, 0, 0.5, 0], "texture": "#0"},
				"up": {"uv": [0.5, 0, 0, 0], "texture": "#0"},
				"down": {"uv": [1, 0, 0.5, 0], "texture": "#0"}
			}
		},
		{
			"from": [8.37805, 1.25122, 8.45122],
			"to": [10.2561, 1.76341, 8.67073],
			"shade": false,
			"rotation": {"angle": 0, "axis": "y", "origin": [16.67073, 8.86098, 15.67073]},
			"faces": {
				"north": {"uv": [5.5, 5, 6, 5], "texture": "#0"},
				"east": {"uv": [0.5, 0, 0.5, 0], "texture": "#0"},
				"south": {"uv": [5, 6, 5.5, 6], "texture": "#0"},
				"west": {"uv": [0, 0, 0, 0], "texture": "#0"},
				"up": {"uv": [0, 0, 0.5, 0], "texture": "#0"},
				"down": {"uv": [0.5, 0, 1, 0], "texture": "#0"}
			}
		},
		{
			"from": [8.37805, 1.5439, 7.57317],
			"to": [10.2561, 2.0561, 8.47561],
			"rotation": {"angle": 0, "axis": "y", "origin": [16.67073, 8.86098, 1.64634]},
			"faces": {
				"north": {"uv": [5.5, 5, 6, 5], "texture": "#0"},
				"east": {"uv": [0, 0, 0, 0], "texture": "#0"},
				"south": {"uv": [5, 6, 5.5, 6], "texture": "#0"},
				"west": {"uv": [0.5, 0, 0.5, 0], "texture": "#0"},
				"up": {"uv": [0.5, 0, 0, 0], "texture": "#0"},
				"down": {"uv": [1, 0, 0.5, 0], "texture": "#0"}
			}
		},
		{
			"from": [8.57317, 1.5439, 7.28049],
			"to": [10.06098, 2.0561, 7.59756],
			"rotation": {"angle": 0, "axis": "y", "origin": [16.67073, 8.86098, 0.76829]},
			"faces": {
				"north": {"uv": [5.5, 5, 6, 5], "texture": "#0"},
				"east": {"uv": [0, 0, 0, 0], "texture": "#0"},
				"south": {"uv": [5, 6, 5.5, 6], "texture": "#0"},
				"west": {"uv": [0.5, 0, 0.5, 0], "texture": "#0"},
				"up": {"uv": [0.5, 0, 0, 0], "texture": "#0"},
				"down": {"uv": [1, 0, 0.5, 0], "texture": "#0"}
			}
		},
		{
			"from": [8.57317, 1.5439, 8.45122],
			"to": [10.06098, 2.0561, 8.76829],
			"shade": false,
			"rotation": {"angle": 0, "axis": "y", "origin": [16.67073, 8.86098, 15.67073]},
			"faces": {
				"north": {"uv": [5.5, 5, 6, 5], "texture": "#0"},
				"east": {"uv": [0.5, 0, 0.5, 0], "texture": "#0"},
				"south": {"uv": [5, 6, 5.5, 6], "texture": "#0"},
				"west": {"uv": [0, 0, 0, 0], "texture": "#0"},
				"up": {"uv": [0, 0, 0.5, 0], "texture": "#0"},
				"down": {"uv": [0.5, 0, 1, 0], "texture": "#0"}
			}
		},
		{
			"from": [8.86585, 0.37317, 7.57317],
			"to": [10.15854, 0.88537, 8.47561],
			"rotation": {"angle": 0, "axis": "y", "origin": [16.67073, 8.56829, 1.64634]},
			"faces": {
				"north": {"uv": [5.5, 5, 6, 5], "texture": "#0"},
				"east": {"uv": [0, 0, 0, 0], "texture": "#0"},
				"south": {"uv": [5, 6, 5.5, 6], "texture": "#0"},
				"west": {"uv": [0.5, 0, 0.5, 0], "texture": "#0"},
				"up": {"uv": [0.5, 0, 0, 0], "texture": "#0"},
				"down": {"uv": [1, 0, 0.5, 0], "texture": "#0"}
			}
		},
		{
			"from": [8.86585, 0.37317, 7.37805],
			"to": [10.15854, 0.88537, 7.59756],
			"rotation": {"angle": 0, "axis": "y", "origin": [16.67073, 8.56829, 0.76829]},
			"faces": {
				"north": {"uv": [5.5, 5, 6, 5], "texture": "#0"},
				"east": {"uv": [0, 0, 0, 0], "texture": "#0"},
				"south": {"uv": [5, 6, 5.5, 6], "texture": "#0"},
				"west": {"uv": [0.5, 0, 0.5, 0], "texture": "#0"},
				"up": {"uv": [0.5, 0, 0, 0], "texture": "#0"},
				"down": {"uv": [1, 0, 0.5, 0], "texture": "#0"}
			}
		},
		{
			"from": [8.86585, 0.37317, 8.45122],
			"to": [10.15854, 0.88537, 8.67073],
			"shade": false,
			"rotation": {"angle": 0, "axis": "y", "origin": [16.67073, 8.56829, 15.67073]},
			"faces": {
				"north": {"uv": [5.5, 5, 6, 5], "texture": "#0"},
				"east": {"uv": [0.5, 0, 0.5, 0], "texture": "#0"},
				"south": {"uv": [5, 6, 5.5, 6], "texture": "#0"},
				"west": {"uv": [0, 0, 0, 0], "texture": "#0"},
				"up": {"uv": [0, 0, 0.5, 0], "texture": "#0"},
				"down": {"uv": [0.5, 0, 1, 0], "texture": "#0"}
			}
		},
		{
			"from": [8.86585, 0.66585, 7.57317],
			"to": [10.15854, 1.17805, 8.47561],
			"rotation": {"angle": 0, "axis": "y", "origin": [16.67073, 8.86098, 1.64634]},
			"faces": {
				"north": {"uv": [5.5, 5, 6, 5], "texture": "#0"},
				"east": {"uv": [0, 0, 0, 0], "texture": "#0"},
				"south": {"uv": [5, 6, 5.5, 6], "texture": "#0"},
				"west": {"uv": [0.5, 0, 0.5, 0], "texture": "#0"},
				"up": {"uv": [0.5, 0, 0, 0], "texture": "#0"},
				"down": {"uv": [1, 0, 0.5, 0], "texture": "#0"}
			}
		},
		{
			"from": [8.86585, 0.66585, 7.28049],
			"to": [10.15854, 1.17805, 7.59756],
			"rotation": {"angle": 0, "axis": "y", "origin": [16.67073, 8.86098, 0.76829]},
			"faces": {
				"north": {"uv": [5.5, 5, 6, 5], "texture": "#0"},
				"east": {"uv": [0, 0, 0, 0], "texture": "#0"},
				"south": {"uv": [5, 6, 5.5, 6], "texture": "#0"},
				"west": {"uv": [0.5, 0, 0.5, 0], "texture": "#0"},
				"up": {"uv": [0.5, 0, 0, 0], "texture": "#0"},
				"down": {"uv": [1, 0, 0.5, 0], "texture": "#0"}
			}
		},
		{
			"from": [8.86585, 0.66585, 8.45122],
			"to": [10.15854, 1.17805, 8.76829],
			"shade": false,
			"rotation": {"angle": 0, "axis": "y", "origin": [16.67073, 8.86098, 15.67073]},
			"faces": {
				"north": {"uv": [5.5, 5, 6, 5], "texture": "#0"},
				"east": {"uv": [0.5, 0, 0.5, 0], "texture": "#0"},
				"south": {"uv": [5, 6, 5.5, 6], "texture": "#0"},
				"west": {"uv": [0, 0, 0, 0], "texture": "#0"},
				"up": {"uv": [0, 0, 0.5, 0], "texture": "#0"},
				"down": {"uv": [0.5, 0, 1, 0], "texture": "#0"}
			}
		},
		{
			"from": [9.2561, 0.56829, 7.57317],
			"to": [10.54878, 1.08049, 8.47561],
			"rotation": {"angle": 0, "axis": "y", "origin": [16.67073, 8.56829, 1.64634]},
			"faces": {
				"north": {"uv": [5.5, 5, 6, 5], "texture": "#0"},
				"east": {"uv": [0, 0, 0, 0], "texture": "#0"},
				"south": {"uv": [5, 6, 5.5, 6], "texture": "#0"},
				"west": {"uv": [0.5, 0, 0.5, 0], "texture": "#0"},
				"up": {"uv": [0.5, 0, 0, 0], "texture": "#0"},
				"down": {"uv": [1, 0, 0.5, 0], "texture": "#0"}
			}
		},
		{
			"from": [9.2561, 0.56829, 7.37805],
			"to": [10.54878, 1.08049, 7.59756],
			"rotation": {"angle": 0, "axis": "y", "origin": [16.67073, 8.56829, 0.76829]},
			"faces": {
				"north": {"uv": [5.5, 5, 6, 5], "texture": "#0"},
				"east": {"uv": [0, 0, 0, 0], "texture": "#0"},
				"south": {"uv": [5, 6, 5.5, 6], "texture": "#0"},
				"west": {"uv": [0.5, 0, 0.5, 0], "texture": "#0"},
				"up": {"uv": [0.5, 0, 0, 0], "texture": "#0"},
				"down": {"uv": [1, 0, 0.5, 0], "texture": "#0"}
			}
		},
		{
			"from": [9.2561, 0.56829, 8.45122],
			"to": [10.54878, 1.08049, 8.67073],
			"shade": false,
			"rotation": {"angle": 0, "axis": "y", "origin": [16.67073, 8.56829, 15.67073]},
			"faces": {
				"north": {"uv": [5.5, 5, 6, 5], "texture": "#0"},
				"east": {"uv": [0.5, 0, 0.5, 0], "texture": "#0"},
				"south": {"uv": [5, 6, 5.5, 6], "texture": "#0"},
				"west": {"uv": [0, 0, 0, 0], "texture": "#0"},
				"up": {"uv": [0, 0, 0.5, 0], "texture": "#0"},
				"down": {"uv": [0.5, 0, 1, 0], "texture": "#0"}
			}
		},
		{
			"from": [7.53659, 10.41463, 8.07317],
			"to": [11.17073, 28.09756, 8.19512],
			"rotation": {"angle": 0, "axis": "y", "origin": [7.90244, 8, 8.09756]},
			"faces": {
				"north": {"uv": [0, 0, 1.5, 8.5], "texture": "#5"},
				"east": {"uv": [0, 0, 0, 8.5], "texture": "#5"},
				"south": {"uv": [1.5, 0, 3, 8.5], "texture": "#5"},
				"west": {"uv": [1.5, 0, 1.5, 8.5], "texture": "#5"},
				"up": {"uv": [1.5, 0, 0, 0], "texture": "#5"},
				"down": {"uv": [3, 0, 1.5, 0], "texture": "#5"}
			}
		},
		{
			"from": [7.73171, 27.60976, 8.07317],
			"to": [10.97561, 29.09756, 8.19512],
			"rotation": {"angle": 0, "axis": "y", "origin": [7.90244, 8, 8.09756]},
			"faces": {
				"north": {"uv": [0, 0, 1.5, 0.5], "texture": "#5"},
				"east": {"uv": [0, 0, 0, 0.5], "texture": "#5"},
				"south": {"uv": [1.5, 0, 3, 0.5], "texture": "#5"},
				"west": {"uv": [1.5, 0, 1.5, 0.5], "texture": "#5"},
				"up": {"uv": [1.5, 0, 0, 0], "texture": "#5"},
				"down": {"uv": [3, 0, 1.5, 0], "texture": "#5"}
			}
		},
		{
			"from": [8.02439, 29.07317, 8.07317],
			"to": [10.58537, 30.07317, 8.19512],
			"rotation": {"angle": 0, "axis": "y", "origin": [7.90244, 8, 8.09756]},
			"faces": {
				"north": {"uv": [0, 0, 1, 0.5], "texture": "#5"},
				"east": {"uv": [0, 0, 0, 0.5], "texture": "#5"},
				"south": {"uv": [1, 0, 2, 0.5], "texture": "#5"},
				"west": {"uv": [1, 0, 1, 0.5], "texture": "#5"},
				"up": {"uv": [1, 0, 0, 0], "texture": "#5"},
				"down": {"uv": [2, 0, 1, 0], "texture": "#5"}
			}
		},
		{
			"from": [8.31707, 30.04878, 8.07317],
			"to": [10.29268, 30.85366, 8.19512],
			"rotation": {"angle": 0, "axis": "y", "origin": [7.90244, 8, 8.09756]},
			"faces": {
				"north": {"uv": [0, 0, 0.5, 0], "texture": "#5"},
				"east": {"uv": [0, 0, 0, 0], "texture": "#5"},
				"south": {"uv": [0.5, 0, 1, 0], "texture": "#5"},
				"west": {"uv": [0.5, 0, 0.5, 0], "texture": "#5"},
				"up": {"uv": [0.5, 0, 0, 0], "texture": "#5"},
				"down": {"uv": [1, 0, 0.5, 0], "texture": "#5"}
			}
		},
		{
			"from": [8.80488, 30.82927, 8.07317],
			"to": [9.70732, 31.43902, 8.19512],
			"rotation": {"angle": 0, "axis": "y", "origin": [7.90244, 8, 8.09756]},
			"faces": {
				"north": {"uv": [0, 0, 0, 0], "texture": "#5"},
				"east": {"uv": [0, 0, 0, 0], "texture": "#5"},
				"south": {"uv": [0, 0, 0, 0], "texture": "#5"},
				"west": {"uv": [0, 0, 0, 0], "texture": "#5"},
				"up": {"uv": [0, 0, 0, 0], "texture": "#5"},
				"down": {"uv": [0, 0, 0, 0], "texture": "#5"}
			}
		},
		{
			"from": [7.92683, 10.02439, 7.97561],
			"to": [10.68293, 28.58537, 8.29268],
			"rotation": {"angle": 0, "axis": "y", "origin": [7.90244, 8, 8]},
			"faces": {
				"north": {"uv": [0, 0, 1, 9], "texture": "#6"},
				"east": {"uv": [0, 0, 0, 9], "texture": "#6"},
				"south": {"uv": [1, 0, 2, 9], "texture": "#6"},
				"west": {"uv": [1, 0, 1, 9], "texture": "#6"},
				"up": {"uv": [1, 0, 0, 0], "texture": "#6"},
				"down": {"uv": [2, 0, 1, 0], "texture": "#6"}
			}
		},
		{
			"from": [8.90244, 29.73171, 7.97561],
			"to": [9.70732, 30.63415, 8.29268],
			"rotation": {"angle": 0, "axis": "y", "origin": [7.90244, 8, 8]},
			"faces": {
				"north": {"uv": [0, 0, 0, 0], "texture": "#6"},
				"east": {"uv": [0, 0, 0, 0], "texture": "#6"},
				"south": {"uv": [0, 0, 0, 0], "texture": "#6"},
				"west": {"uv": [0, 0, 0, 0], "texture": "#6"},
				"up": {"uv": [0, 0, 0, 0], "texture": "#6"},
				"down": {"uv": [0, 0, 0, 0], "texture": "#6"}
			}
		},
		{
			"from": [8.21951, 28.36585, 7.97561],
			"to": [10.39024, 29.7561, 8.29268],
			"rotation": {"angle": 0, "axis": "y", "origin": [7.90244, 8, 8]},
			"faces": {
				"north": {"uv": [0, 0, 1, 0.5], "texture": "#6"},
				"east": {"uv": [0, 0, 0, 0.5], "texture": "#6"},
				"south": {"uv": [1, 0, 2, 0.5], "texture": "#6"},
				"west": {"uv": [1, 0, 1, 0.5], "texture": "#6"},
				"up": {"uv": [1, 0, 0, 0], "texture": "#6"},
				"down": {"uv": [2, 0, 1, 0], "texture": "#6"}
			}
		},
		{
			"from": [8.87805, 11.36585, 7.4878],
			"to": [9, 27.87805, 8.68293],
			"rotation": {"angle": 0, "axis": "y", "origin": [8, 8, 7.80488]},
			"faces": {
				"north": {"uv": [0.5, 0.5, 0.5, 8.5], "texture": "#4"},
				"east": {"uv": [0, 0.5, 0.5, 8.5], "texture": "#4"},
				"south": {"uv": [1, 0.5, 1, 8.5], "texture": "#4"},
				"west": {"uv": [0.5, 0.5, 1, 8.5], "texture": "#4"},
				"up": {"uv": [0.5, 0.5, 0.5, 0], "texture": "#4"},
				"down": {"uv": [0.5, 0, 0.5, 0.5], "texture": "#4"}
			}
		},
		{
			"from": [9.65854, 11.36585, 7.4878],
			"to": [9.78049, 27.87805, 8.68293],
			"rotation": {"angle": 0, "axis": "y", "origin": [8, 8, 7.80488]},
			"faces": {
				"north": {"uv": [0.5, 0.5, 0.5, 8.5], "texture": "#4"},
				"east": {"uv": [0, 0.5, 0.5, 8.5], "texture": "#4"},
				"south": {"uv": [1, 0.5, 1, 8.5], "texture": "#4"},
				"west": {"uv": [0.5, 0.5, 1, 8.5], "texture": "#4"},
				"up": {"uv": [0.5, 0.5, 0.5, 0], "texture": "#4"},
				"down": {"uv": [0.5, 0, 0.5, 0.5], "texture": "#4"}
			}
		},
		{
			"from": [9.07317, 28.2439, 7.4878],
			"to": [9.58537, 28.36585, 8.68293],
			"rotation": {"angle": 0, "axis": "y", "origin": [8, 8, 7.80488]},
			"faces": {
				"north": {"uv": [0.5, 0.5, 0.5, 0.5], "texture": "#4"},
				"east": {"uv": [0, 0.5, 0.5, 0.5], "texture": "#4"},
				"south": {"uv": [1, 0.5, 1, 0.5], "texture": "#4"},
				"west": {"uv": [0.5, 0.5, 1, 0.5], "texture": "#4"},
				"up": {"uv": [0.5, 0.5, 0.5, 0], "texture": "#4"},
				"down": {"uv": [0.5, 0, 0.5, 0.5], "texture": "#4"}
			}
		},
		{
			"from": [9.56098, 28.14634, 7.4878],
			"to": [9.68293, 28.26829, 8.68293],
			"rotation": {"angle": 0, "axis": "y", "origin": [8, 8, 7.80488]},
			"faces": {
				"north": {"uv": [0.5, 0.5, 0.5, 0.5], "texture": "#4"},
				"east": {"uv": [0, 0.5, 0.5, 0.5], "texture": "#4"},
				"south": {"uv": [1, 0.5, 1, 0.5], "texture": "#4"},
				"west": {"uv": [0.5, 0.5, 1, 0.5], "texture": "#4"},
				"up": {"uv": [0.5, 0.5, 0.5, 0], "texture": "#4"},
				"down": {"uv": [0.5, 0, 0.5, 0.5], "texture": "#4"}
			}
		},
		{
			"from": [8.97561, 28.14634, 7.4878],
			"to": [9.09756, 28.26829, 8.68293],
			"rotation": {"angle": 0, "axis": "y", "origin": [8, 8, 7.80488]},
			"faces": {
				"north": {"uv": [0.5, 0.5, 0.5, 0.5], "texture": "#4"},
				"east": {"uv": [0, 0.5, 0.5, 0.5], "texture": "#4"},
				"south": {"uv": [1, 0.5, 1, 0.5], "texture": "#4"},
				"west": {"uv": [0.5, 0.5, 1, 0.5], "texture": "#4"},
				"up": {"uv": [0.5, 0.5, 0.5, 0], "texture": "#4"},
				"down": {"uv": [0.5, 0, 0.5, 0.5], "texture": "#4"}
			}
		},
		{
			"from": [8.92, 27.85366, 7.4878],
			"to": [9.04195, 28.17073, 8.68293],
			"rotation": {"angle": 0, "axis": "y", "origin": [8, 8, 7.80488]},
			"faces": {
				"north": {"uv": [0.5, 0.5, 0.5, 0.5], "texture": "#4"},
				"east": {"uv": [0, 0.5, 0.5, 0.5], "texture": "#4"},
				"south": {"uv": [1, 0.5, 1, 0.5], "texture": "#4"},
				"west": {"uv": [0.5, 0.5, 1, 0.5], "texture": "#4"},
				"up": {"uv": [0.5, 0.5, 0.5, 0], "texture": "#4"},
				"down": {"uv": [0.5, 0, 0.5, 0.5], "texture": "#4"}
			}
		},
		{
			"from": [9.60293, 27.85366, 7.4878],
			"to": [9.72488, 28.17073, 8.68293],
			"rotation": {"angle": 0, "axis": "y", "origin": [8, 8, 7.80488]},
			"faces": {
				"north": {"uv": [0.5, 0.5, 0.5, 0.5], "texture": "#4"},
				"east": {"uv": [0, 0.5, 0.5, 0.5], "texture": "#4"},
				"south": {"uv": [1, 0.5, 1, 0.5], "texture": "#4"},
				"west": {"uv": [0.5, 0.5, 1, 0.5], "texture": "#4"},
				"up": {"uv": [0.5, 0.5, 0.5, 0], "texture": "#4"},
				"down": {"uv": [0.5, 0, 0.5, 0.5], "texture": "#4"}
			}
		},
		{
			"from": [8.41463, 10.41463, 7.58537],
			"to": [10.19512, 28.78049, 8.58537],
			"rotation": {"angle": 0, "axis": "y", "origin": [7.90244, 8, 8.09756]},
			"faces": {
				"north": {"uv": [0.5, 0.5, 1, 9.5], "texture": "#3", "cullface": "north"},
				"east": {"uv": [0, 0.5, 0.5, 9.5], "texture": "#3"},
				"south": {"uv": [1.5, 0.5, 2, 9.5], "texture": "#3"},
				"west": {"uv": [1, 0.5, 1.5, 9.5], "texture": "#3"},
				"up": {"uv": [1, 0.5, 0.5, 0], "texture": "#3"},
				"down": {"uv": [1.5, 0, 1, 0.5], "texture": "#3"}
			}
		},
		{
			"from": [8.80488, 28.7561, 7.78049],
			"to": [9.80488, 29.46341, 8.4878],
			"rotation": {"angle": 0, "axis": "y", "origin": [7.90244, 8, 8]},
			"faces": {
				"north": {"uv": [0, 0, 0.5, 0], "texture": "#3", "cullface": "north"},
				"east": {"uv": [0, 0, 0, 0], "texture": "#3"},
				"south": {"uv": [0.5, 0, 1, 0], "texture": "#3"},
				"west": {"uv": [0.5, 0, 0.5, 0], "texture": "#3"},
				"up": {"uv": [0.5, 0, 0, 0], "texture": "#3"},
				"down": {"uv": [1, 0, 0.5, 0], "texture": "#3"}
			}
		},
		{
			"from": [8.21951, 9.39024, 8.09756],
			"to": [10.39024, 10.09756, 9.09756],
			"rotation": {"angle": 0, "axis": "y", "origin": [8, 8, 8.09756]},
			"faces": {
				"north": {"uv": [10.80488, 10.95122, 11.89025, 11.30488], "texture": "#3", "cullface": "north"},
				"east": {"uv": [11.45122, 10.95122, 11.95122, 11.30488], "texture": "#3", "cullface": "north"},
				"south": {"uv": [4.10976, 10.95122, 5.19512, 11.30488], "texture": "#3", "cullface": "north"},
				"west": {"uv": [4.04878, 10.95122, 4.54878, 11.30488], "texture": "#3", "cullface": "north"},
				"up": {"uv": [4.10976, 4.04878, 5.19512, 4.54878], "texture": "#3", "cullface": "north"},
				"down": {"uv": [4.10976, 11.45122, 5.19512, 11.95122], "texture": "#3", "cullface": "north"}
			}
		},
		{
			"name": "2",
			"from": [8.90244, 9.4878, 8.4878],
			"to": [9.70732, 10.97561, 9.4878],
			"rotation": {"angle": 0, "axis": "y", "origin": [8, 8, 8.09756]},
			"faces": {
				"north": {"uv": [0.5, 0.5, 0.5, 1], "texture": "#4", "cullface": "north"},
				"east": {"uv": [0, 0.5, 0.5, 1], "texture": "#4"},
				"south": {"uv": [1, 0.5, 1, 1], "texture": "#4"},
				"west": {"uv": [0.5, 0.5, 1, 1], "texture": "#4"},
				"up": {"uv": [0.5, 0.5, 0.5, 0], "texture": "#4"},
				"down": {"uv": [0.5, 0, 0.5, 0.5], "texture": "#4"}
			}
		},
		{
			"name": "3",
			"from": [8.90244, 9.4878, 6.73171],
			"to": [9.70732, 10.97561, 7.73171],
			"rotation": {"angle": 0, "axis": "y", "origin": [8, 8, 8.09756]},
			"faces": {
				"north": {"uv": [0.5, 0.5, 0.5, 1], "texture": "#4", "cullface": "north"},
				"east": {"uv": [0, 0.5, 0.5, 1], "texture": "#4"},
				"south": {"uv": [1, 0.5, 1, 1], "texture": "#4"},
				"west": {"uv": [0.5, 0.5, 1, 1], "texture": "#4"},
				"up": {"uv": [0.5, 0.5, 0.5, 0], "texture": "#4"},
				"down": {"uv": [0.5, 0, 0.5, 0.5], "texture": "#4"}
			}
		},
		{
			"from": [8.21951, 9.39024, 7.02439],
			"to": [10.39024, 10.09756, 8.02439],
			"rotation": {"angle": 0, "axis": "y", "origin": [8, 8, 7.02439]},
			"faces": {
				"north": {"uv": [0, 0.5, 0.5, 0.5], "texture": "#3"},
				"east": {"uv": [0, 0.5, 0.5, 0.85366], "texture": "#3"},
				"south": {"uv": [0, 0.5, 0.5, 0.5], "texture": "#3"},
				"west": {"uv": [0, 0.5, 0.5, 0.5], "texture": "#3"},
				"up": {"uv": [0, 0.5, 0.5, 0.5], "texture": "#3"},
				"down": {"uv": [0, 0.5, 0.5, 0.5], "texture": "#3"}
			}
		},
		{
			"from": [8.70732, 8.70732, 8.09756],
			"to": [9.90244, 9.41463, 9.09756],
			"rotation": {"angle": 0, "axis": "y", "origin": [8, 8, 8.09756]},
			"faces": {
				"north": {"uv": [0.5, 0.5, 1, 0.5], "texture": "#3", "cullface": "north"},
				"east": {"uv": [0, 0.5, 0.5, 0.5], "texture": "#3"},
				"south": {"uv": [1.5, 0.5, 2, 0.5], "texture": "#3"},
				"west": {"uv": [1, 0.5, 1.5, 0.5], "texture": "#3"},
				"up": {"uv": [1, 0.5, 0.5, 0], "texture": "#3"},
				"down": {"uv": [1.5, 0, 1, 0.5], "texture": "#3"}
			}
		},
		{
			"from": [8.70732, 8.70732, 7.02439],
			"to": [9.90244, 9.41463, 8.02439],
			"rotation": {"angle": 0, "axis": "y", "origin": [8, 8, 7.02439]},
			"faces": {
				"north": {"uv": [0, 0.5, 0.5, 0.5], "texture": "#3"},
				"east": {"uv": [0, 0.5, 0.5, 0.85366], "texture": "#3"},
				"south": {"uv": [0, 0.5, 0.5, 0.5], "texture": "#3"},
				"west": {"uv": [0, 0.5, 0.5, 0.5], "texture": "#3"},
				"up": {"uv": [0, 0.5, 0.5, 0.5], "texture": "#3"},
				"down": {"uv": [0, 0.5, 0.5, 0.5], "texture": "#3"}
			}
		},
		{
			"from": [8.60976, 10.07317, 8.09756],
			"to": [10, 11.17073, 9.09756],
			"rotation": {"angle": 0, "axis": "y", "origin": [8, 8, 8.09756]},
			"faces": {
				"north": {"uv": [1.5, 0.5, 2, 1], "texture": "#3"},
				"east": {"uv": [1.5, 0.5, 2, 1], "texture": "#3"},
				"south": {"uv": [1.5, 0.5, 2, 1], "texture": "#3"},
				"west": {"uv": [1.5, 0.5, 2, 1], "texture": "#3"},
				"up": {"uv": [1.5, 0.5, 2, 1], "texture": "#3"},
				"down": {"uv": [1.5, 0.5, 2, 1], "texture": "#3"}
			}
		},
		{
			"from": [8.60976, 10.07317, 7.02439],
			"to": [10, 11.17073, 8.02439],
			"rotation": {"angle": 0, "axis": "y", "origin": [8, 8, 7.02439]},
			"faces": {
				"north": {"uv": [0, 0.5, 0.5, 1], "texture": "#3"},
				"east": {"uv": [0, 0.5, 0.5, 1.04878], "texture": "#3"},
				"south": {"uv": [0, 0.5, 0.5, 1], "texture": "#3"},
				"west": {"uv": [0, 0.5, 0.5, 1], "texture": "#3"},
				"up": {"uv": [0, 0.5, 0.5, 1], "texture": "#3"},
				"down": {"uv": [0, 0.5, 0.5, 1], "texture": "#3"}
			}
		},
		{
			"from": [9.02, 11.14634, 8.29268],
			"to": [9.62976, 12.2439, 8.90244],
			"rotation": {"angle": 0, "axis": "y", "origin": [8, 8, 8.09756]},
			"faces": {
				"north": {"uv": [0, 0, 0, 0.5], "texture": "#3"},
				"east": {"uv": [0, 0, 0, 0.5], "texture": "#3"},
				"south": {"uv": [0, 0, 0, 0.5], "texture": "#3"},
				"west": {"uv": [0, 0, 0, 0.5], "texture": "#3"},
				"up": {"uv": [0, 0, 0, 0.5], "texture": "#3"},
				"down": {"uv": [0, 0, 0, 0.5], "texture": "#3"}
			}
		},
		{
			"from": [9.02, 11.14634, 7.21951],
			"to": [9.62976, 12.2439, 7.82927],
			"rotation": {"angle": 0, "axis": "y", "origin": [8, 8, 7.02439]},
			"faces": {
				"north": {"uv": [0, 0, 0, 0.5], "texture": "#3"},
				"east": {"uv": [0, 0, 0.30488, 0.54878], "texture": "#3"},
				"south": {"uv": [0, 0, 0, 0.5], "texture": "#3"},
				"west": {"uv": [0, 0, 0, 0.5], "texture": "#3"},
				"up": {"uv": [0, 0, 0, 0.5], "texture": "#3"},
				"down": {"uv": [0, 0, 0, 0.5], "texture": "#3"}
			}
		}
	],
	"display": {
		"thirdperson_righthand": {
			"rotation": [0, 91, 0],
			"translation": [0.25, 1.25, 4.5],
			"scale": [1, 1.17969, 1]
		},
		"thirdperson_lefthand": {
			"rotation": [-108.5, -0.5, 368.75],
			"translation": [-2.75, -7, 16]
		},
		"firstperson_righthand": {
			"rotation": [0, -90.5, 0]
		},
		"firstperson_lefthand": {
			"rotation": [0, 405, 0],
			"translation": [9.75, 0, 0]
		},
		"gui": {
			"rotation": [0, 0, 47],
			"translation": [2.75, -4.25, 0],
			"scale": [0.7207, 0.61523, 1]
		},
		"head": {
			"rotation": [178, 171.75, 10],
			"translation": [-1.5, -4.75, 9.75],
			"scale": [1, 1.35938, 1.17383]
		},
		"fixed": {
			"translation": [0, 0, -1.25]
		}
	},
	"groups": [
		{
			"name": "剑格",
			"origin": [8, 8, 8],
			"color": 0,
			"children": [0, 1, 2, 3, 4, 5, 6, 7, 8, 9, 10, 11, 12, 13, 14, 15, 16, 17, 18, 19, 20, 21, 22, 23, 24, 25, 26, 27, 28, 29, 30, 31, 32, 33, 34, 35, 36, 37, 38, 39, 40]
		},
		{
			"name": "剑柄",
			"origin": [1.37805, 8.86098, 15.20732],
			"color": 0,
			"children": [41, 42, 43, 44, 45, 46, 47, 48, 49, 50, 51, 52, 53, 54, 55, 56, 57, 58, 59, 60, 61, 62, 63, 64, 65, 66, 67, 68, 69, 70, 71, 72, 73, 74, 75, 76, 77, 78, 79, 80, 81, 82, 83, 84, 85, 86, 87, 88]
		},
		{
			"name": "剑镡",
			"origin": [8, 8, 8],
			"color": 0,
			"children": [89, 90, 91, 92, 93, 94, 95, 96, 97, 98, 99, 100, 101, 102, 103, 104, 105, 106, 107, 108, 109, 110, 111, 112, 113, 114, 115, 116, 117, 118, 119, 120, 121, 122, 123, 124]
		},
		{
			"name": "剑刃",
			"origin": [8, 8, 8],
			"color": 0,
			"children": [125, 126, 127, 128, 129, 130, 131, 132, 133, 134, 135, 136, 137, 138, 139]
		},
		{
			"name": "剑脊",
			"origin": [8, 8, 8],
			"color": 0,
			"children": [140, 141, 142, 143, 144, 145, 146, 147, 148, 149, 150, 151]
		}
	]
}