{
	"credit": "Made with Blockbench",
	"textures": {
		"voxels_atlas1": "blocks/8/voxels_atlas1"
	},
	"elements": [
		{
			"name": "Voxels",
			"from": [3.75, 13.25, 4.5],
			"to": [12.25, 13.5, 5.5],
			"faces": {
				"north": {"uv": [13.5625, 15.125, 11.4375, 15.1875], "texture": "#voxels_atlas1"},
				"east": {"uv": [5.875, 8.0625, 5.625, 8.125], "texture": "#voxels_atlas1"},
				"south": {"uv": [11.4375, 15.0625, 13.5625, 15.125], "texture": "#voxels_atlas1"},
				"west": {"uv": [5.375, 8, 5.625, 8.0625], "texture": "#voxels_atlas1"},
				"up": {"uv": [7.9375, 16, 10.0625, 15.75], "texture": "#voxels_atlas1"},
				"down": {"uv": [10.0625, 15.75, 12.1875, 16], "texture": "#voxels_atlas1"}
			}
		},
		{
			"name": "Voxels",
			"from": [3.75, 13.25, 5.5],
			"to": [4.75, 13.5, 12.5],
			"faces": {
				"north": {"uv": [5.375, 8, 5.125, 8.0625], "texture": "#voxels_atlas1"},
				"east": {"uv": [14.875, 15.3125, 13.125, 15.375], "texture": "#voxels_atlas1"},
				"south": {"uv": [4.875, 8, 5.125, 8.0625], "texture": "#voxels_atlas1"},
				"west": {"uv": [11.3125, 15.3125, 13.0625, 15.375], "texture": "#voxels_atlas1"},
				"up": {"uv": [4.875, 10.8125, 5.125, 9.0625], "texture": "#voxels_atlas1"},
				"down": {"uv": [5.125, 9.0625, 5.375, 10.8125], "texture": "#voxels_atlas1"}
			}
		},
		{
			"name": "Voxels",
			"from": [4, 13, 4.5],
			"to": [12, 13.25, 5.5],
			"faces": {
				"north": {"uv": [12.4375, 14.9375, 10.4375, 15], "texture": "#voxels_atlas1"},
				"east": {"uv": [14.25, 14.1875, 14, 14.25], "texture": "#voxels_atlas1"},
				"south": {"uv": [8.4375, 14.9375, 10.4375, 15], "texture": "#voxels_atlas1"},
				"west": {"uv": [14.25, 14.1875, 14.5, 14.25], "texture": "#voxels_atlas1"},
				"up": {"uv": [7.9375, 15.75, 9.9375, 15.5], "texture": "#voxels_atlas1"},
				"down": {"uv": [12.1875, 15.75, 14.1875, 16], "texture": "#voxels_atlas1"}
			}
		},
		{
			"name": "Voxels",
			"from": [4, 13, 5.5],
			"to": [4.75, 13.25, 12.5],
			"faces": {
				"north": {"uv": [16, 14.375, 15.8125, 14.4375], "texture": "#voxels_atlas1"},
				"east": {"uv": [12.125, 14.8125, 10.375, 14.875], "texture": "#voxels_atlas1"},
				"south": {"uv": [10.625, 14.125, 10.8125, 14.1875], "texture": "#voxels_atlas1"},
				"west": {"uv": [13.875, 14.8125, 15.625, 14.875], "texture": "#voxels_atlas1"},
				"up": {"uv": [5.5625, 10.8125, 5.75, 9.0625], "texture": "#voxels_atlas1"},
				"down": {"uv": [5.375, 9.0625, 5.5625, 10.8125], "texture": "#voxels_atlas1"}
			}
		},
		{
			"name": "Voxels",
			"from": [4, 13.25, 4.25],
			"to": [12, 13.5, 4.5],
			"faces": {
				"north": {"uv": [15.5625, 15.0625, 13.5625, 15.125], "texture": "#voxels_atlas1"},
				"east": {"uv": [9.625, 8.9375, 9.5625, 9], "texture": "#voxels_atlas1"},
				"south": {"uv": [8.4375, 14.875, 10.4375, 14.9375], "texture": "#voxels_atlas1"},
				"west": {"uv": [9.625, 9, 9.6875, 9.0625], "texture": "#voxels_atlas1"},
				"up": {"uv": [8.4375, 15.0625, 10.4375, 15], "texture": "#voxels_atlas1"},
				"down": {"uv": [10.4375, 15, 12.4375, 15.0625], "texture": "#voxels_atlas1"}
			}
		},
		{
			"name": "Voxels",
			"from": [4, 13.25, 12.5],
			"to": [12, 13.5, 12.75],
			"faces": {
				"north": {"uv": [15.5625, 15.125, 13.5625, 15.1875], "texture": "#voxels_atlas1"},
				"east": {"uv": [9.625, 8.875, 9.5625, 8.9375], "texture": "#voxels_atlas1"},
				"south": {"uv": [12.4375, 15, 14.4375, 15.0625], "texture": "#voxels_atlas1"},
				"west": {"uv": [9.625, 8.9375, 9.6875, 9], "texture": "#voxels_atlas1"},
				"up": {"uv": [10.4375, 14.9375, 12.4375, 14.875], "texture": "#voxels_atlas1"},
				"down": {"uv": [12.4375, 14.9375, 14.4375, 15], "texture": "#voxels_atlas1"}
			}
		},
		{
			"name": "Voxels",
			"from": [4.25, 12.75, 4.75],
			"to": [11.75, 13, 5.75],
			"faces": {
				"north": {"uv": [10.375, 14.8125, 8.5, 14.875], "texture": "#voxels_atlas1"},
				"east": {"uv": [12.25, 14.1875, 12, 14.25], "texture": "#voxels_atlas1"},
				"south": {"uv": [12.4375, 14.875, 14.3125, 14.9375], "texture": "#voxels_atlas1"},
				"west": {"uv": [12.25, 14.1875, 12.5, 14.25], "texture": "#voxels_atlas1"},
				"up": {"uv": [11.8125, 15.75, 13.6875, 15.5], "texture": "#voxels_atlas1"},
				"down": {"uv": [9.9375, 15.5, 11.8125, 15.75], "texture": "#voxels_atlas1"}
			}
		},
		{
			"name": "Voxels",
			"from": [4.25, 12.75, 5.75],
			"to": [5, 13, 12.25],
			"faces": {
				"north": {"uv": [11.1875, 14.125, 11, 14.1875], "texture": "#voxels_atlas1"},
				"east": {"uv": [15.1875, 14.625, 13.5625, 14.6875], "texture": "#voxels_atlas1"},
				"south": {"uv": [11.1875, 14.125, 11.375, 14.1875], "texture": "#voxels_atlas1"},
				"west": {"uv": [11.9375, 14.625, 13.5625, 14.6875], "texture": "#voxels_atlas1"},
				"up": {"uv": [5.9375, 10.8125, 6.125, 9.1875], "texture": "#voxels_atlas1"},
				"down": {"uv": [5.75, 9.1875, 5.9375, 10.8125], "texture": "#voxels_atlas1"}
			}
		},
		{
			"name": "Voxels",
			"from": [4.5, 5.25, 5.25],
			"to": [5.25, 12.75, 5.5],
			"faces": {
				"north": {"uv": [6.375, 8.5625, 6.1875, 10.4375], "texture": "#voxels_atlas1"},
				"east": {"uv": [8.625, 12.9375, 8.5625, 14.8125], "texture": "#voxels_atlas1"},
				"south": {"uv": [6.375, 8.5625, 6.5625, 10.4375], "texture": "#voxels_atlas1"},
				"west": {"uv": [8.4375, 9.25, 8.5, 11.125], "texture": "#voxels_atlas1"},
				"up": {"uv": [11.9375, 14.1875, 12.125, 14.125], "texture": "#voxels_atlas1"},
				"down": {"uv": [11.375, 14.125, 11.5625, 14.1875], "texture": "#voxels_atlas1"}
			}
		},
		{
			"name": "Voxels",
			"from": [4.5, 5.25, 5.5],
			"to": [5, 12.75, 5.75],
			"faces": {
				"north": {"uv": [8.0625, 13.4375, 7.9375, 15.3125], "texture": "#voxels_atlas1"},
				"east": {"uv": [8.5625, 12.9375, 8.5, 14.8125], "texture": "#voxels_atlas1"},
				"south": {"uv": [7.9375, 11.5625, 8.0625, 13.4375], "texture": "#voxels_atlas1"},
				"west": {"uv": [8.5, 11.0625, 8.5625, 12.9375], "texture": "#voxels_atlas1"},
				"up": {"uv": [7.625, 9.1875, 7.75, 9.125], "texture": "#voxels_atlas1"},
				"down": {"uv": [7.625, 9.0625, 7.75, 9.125], "texture": "#voxels_atlas1"}
			}
		},
		{
			"name": "Voxels",
			"from": [4.5, 5.25, 11.25],
			"to": [5, 12.75, 11.75],
			"faces": {
				"north": {"uv": [8.1875, 9.6875, 8.0625, 11.5625], "texture": "#voxels_atlas1"},
				"east": {"uv": [8.1875, 11.5625, 8.0625, 13.4375], "texture": "#voxels_atlas1"},
				"south": {"uv": [7.9375, 9.6875, 8.0625, 11.5625], "texture": "#voxels_atlas1"},
				"west": {"uv": [8.0625, 13.4375, 8.1875, 15.3125], "texture": "#voxels_atlas1"},
				"up": {"uv": [7.3125, 9.1875, 7.4375, 9.0625], "texture": "#voxels_atlas1"},
				"down": {"uv": [7.5, 9.0625, 7.625, 9.1875], "texture": "#voxels_atlas1"}
			}
		},
		{
			"name": "Voxels",
			"from": [4.5, 6.25, 5.75],
			"to": [4.75, 12.75, 6],
			"faces": {
				"north": {"uv": [8.0625, 8.0625, 8, 9.6875], "texture": "#voxels_atlas1"},
				"east": {"uv": [8.8125, 11.375, 8.75, 13], "texture": "#voxels_atlas1"},
				"south": {"uv": [6.125, 9.1875, 6.1875, 10.8125], "texture": "#voxels_atlas1"},
				"west": {"uv": [7.9375, 8.0625, 8, 9.6875], "texture": "#voxels_atlas1"},
				"up": {"uv": [9.5625, 8.8125, 9.625, 8.75], "texture": "#voxels_atlas1"},
				"down": {"uv": [9.625, 8.8125, 9.6875, 8.875], "texture": "#voxels_atlas1"}
			}
		},
		{
			"name": "Voxels",
			"from": [4.5, 6.25, 11],
			"to": [4.75, 12.75, 11.25],
			"faces": {
				"north": {"uv": [8.75, 11.375, 8.6875, 13], "texture": "#voxels_atlas1"},
				"east": {"uv": [8.8125, 13, 8.75, 14.625], "texture": "#voxels_atlas1"},
				"south": {"uv": [8.6875, 9.75, 8.75, 11.375], "texture": "#voxels_atlas1"},
				"west": {"uv": [8.6875, 8.125, 8.75, 9.75], "texture": "#voxels_atlas1"},
				"up": {"uv": [9.625, 8.8125, 9.6875, 8.75], "texture": "#voxels_atlas1"},
				"down": {"uv": [9.625, 9.3125, 9.6875, 9.375], "texture": "#voxels_atlas1"}
			}
		},
		{
			"name": "Voxels",
			"from": [4.5, 6.5, 6],
			"to": [4.75, 12.75, 6.25],
			"faces": {
				"north": {"uv": [8.9375, 11.375, 8.875, 12.9375], "texture": "#voxels_atlas1"},
				"east": {"uv": [8.9375, 8.25, 8.875, 9.8125], "texture": "#voxels_atlas1"},
				"south": {"uv": [8.875, 9.8125, 8.9375, 11.375], "texture": "#voxels_atlas1"},
				"west": {"uv": [8.3125, 8, 8.375, 9.5625], "texture": "#voxels_atlas1"},
				"up": {"uv": [9.5625, 8.625, 9.625, 8.5625], "texture": "#voxels_atlas1"},
				"down": {"uv": [9.625, 8.625, 9.6875, 8.6875], "texture": "#voxels_atlas1"}
			}
		},
		{
			"name": "Voxels",
			"from": [4.5, 6.5, 10.75],
			"to": [4.75, 12.75, 11],
			"faces": {
				"north": {"uv": [9, 12.9375, 8.9375, 14.5], "texture": "#voxels_atlas1"},
				"east": {"uv": [9, 8.25, 8.9375, 9.8125], "texture": "#voxels_atlas1"},
				"south": {"uv": [8.9375, 11.375, 9, 12.9375], "texture": "#voxels_atlas1"},
				"west": {"uv": [8.9375, 9.8125, 9, 11.375], "texture": "#voxels_atlas1"},
				"up": {"uv": [9.5625, 8.5625, 9.625, 8.5], "texture": "#voxels_atlas1"},
				"down": {"uv": [9.625, 8.5625, 9.6875, 8.625], "texture": "#voxels_atlas1"}
			}
		},
		{
			"name": "Voxels",
			"from": [4.5, 6.75, 6.25],
			"to": [4.75, 12.75, 6.5],
			"faces": {
				"north": {"uv": [9.0625, 10, 9, 11.5], "texture": "#voxels_atlas1"},
				"east": {"uv": [9.125, 13, 9.0625, 14.5], "texture": "#voxels_atlas1"},
				"south": {"uv": [9, 8.5, 9.0625, 10], "texture": "#voxels_atlas1"},
				"west": {"uv": [9.125, 11.5, 9.1875, 13], "texture": "#voxels_atlas1"},
				"up": {"uv": [13.25, 14.1875, 13.3125, 14.125], "texture": "#voxels_atlas1"},
				"down": {"uv": [12.8125, 14.125, 12.875, 14.1875], "texture": "#voxels_atlas1"}
			}
		},
		{
			"name": "Voxels",
			"from": [4.5, 6.75, 10.5],
			"to": [4.75, 12.75, 10.75],
			"faces": {
				"north": {"uv": [9.125, 10, 9.0625, 11.5], "texture": "#voxels_atlas1"},
				"east": {"uv": [9.125, 8.5, 9.0625, 10], "texture": "#voxels_atlas1"},
				"south": {"uv": [1.5625, 11.5, 1.625, 13], "texture": "#voxels_atlas1"},
				"west": {"uv": [9.125, 13, 9.1875, 14.5], "texture": "#voxels_atlas1"},
				"up": {"uv": [9.625, 9.25, 9.6875, 9.1875], "texture": "#voxels_atlas1"},
				"down": {"uv": [13.0625, 15.3125, 13.125, 15.375], "texture": "#voxels_atlas1"}
			}
		},
		{
			"name": "Voxels",
			"from": [4.5, 7, 6.5],
			"to": [11.5, 8.75, 10.5],
			"faces": {
				"north": {"uv": [7.9375, 12.1875, 6.1875, 12.625], "texture": "#voxels_atlas1"},
				"east": {"uv": [4.3125, 8.375, 3.3125, 8.8125], "texture": "#voxels_atlas1"},
				"south": {"uv": [6.1875, 12.625, 7.9375, 13.0625], "texture": "#voxels_atlas1"},
				"west": {"uv": [0, 8.125, 1, 8.5625], "texture": "#voxels_atlas1"},
				"up": {"uv": [6.1875, 15, 7.9375, 14], "texture": "#voxels_atlas1"},
				"down": {"uv": [6.1875, 15, 7.9375, 16], "texture": "#voxels_atlas1"}
			}
		},
		{
			"name": "Voxels",
			"from": [4.5, 8.75, 6.5],
			"to": [5.5, 12.5, 10.5],
			"faces": {
				"north": {"uv": [5.625, 8.125, 5.375, 9.0625], "texture": "#voxels_atlas1"},
				"east": {"uv": [5.875, 11.75, 4.875, 12.6875], "texture": "#voxels_atlas1"},
				"south": {"uv": [5.625, 8.125, 5.875, 9.0625], "texture": "#voxels_atlas1"},
				"west": {"uv": [4.875, 10.8125, 5.875, 11.75], "texture": "#voxels_atlas1"},
				"up": {"uv": [5.125, 9.0625, 5.375, 8.0625], "texture": "#voxels_atlas1"},
				"down": {"uv": [4.875, 8.0625, 5.125, 9.0625], "texture": "#voxels_atlas1"}
			}
		},
		{
			"name": "Voxels",
			"from": [4.5, 12.5, 6.5],
			"to": [5.25, 12.75, 10.5],
			"faces": {
				"north": {"uv": [4.75, 8, 4.5625, 8.0625], "texture": "#voxels_atlas1"},
				"east": {"uv": [15.9375, 15.375, 14.9375, 15.4375], "texture": "#voxels_atlas1"},
				"south": {"uv": [5.875, 8, 6.0625, 8.0625], "texture": "#voxels_atlas1"},
				"west": {"uv": [14.9375, 15.4375, 15.9375, 15.5], "texture": "#voxels_atlas1"},
				"up": {"uv": [7.5, 10.4375, 7.6875, 9.4375], "texture": "#voxels_atlas1"},
				"down": {"uv": [5.875, 8.0625, 6.0625, 9.0625], "texture": "#voxels_atlas1"}
			}
		},
		{
			"name": "Voxels",
			"from": [4.75, 5.25, 5],
			"to": [5.25, 12.75, 5.25],
			"faces": {
				"north": {"uv": [8.3125, 13.4375, 8.1875, 15.3125], "texture": "#voxels_atlas1"},
				"east": {"uv": [8.5, 13, 8.4375, 14.875], "texture": "#voxels_atlas1"},
				"south": {"uv": [8.1875, 11.5625, 8.3125, 13.4375], "texture": "#voxels_atlas1"},
				"west": {"uv": [8.5625, 11.0625, 8.625, 12.9375], "texture": "#voxels_atlas1"},
				"up": {"uv": [9.5625, 9.5625, 9.6875, 9.5], "texture": "#voxels_atlas1"},
				"down": {"uv": [9.5625, 9.4375, 9.6875, 9.5], "texture": "#voxels_atlas1"}
			}
		},
		{
			"name": "Voxels",
			"from": [4.75, 5.25, 11.75],
			"to": [5.25, 12.75, 12],
			"faces": {
				"north": {"uv": [8.3125, 9.6875, 8.1875, 11.5625], "texture": "#voxels_atlas1"},
				"east": {"uv": [8.5, 11.125, 8.4375, 13], "texture": "#voxels_atlas1"},
				"south": {"uv": [8.3125, 13.4375, 8.4375, 15.3125], "texture": "#voxels_atlas1"},
				"west": {"uv": [8.5, 9.1875, 8.5625, 11.0625], "texture": "#voxels_atlas1"},
				"up": {"uv": [9.5625, 10.0625, 9.6875, 10], "texture": "#voxels_atlas1"},
				"down": {"uv": [9.5625, 9.9375, 9.6875, 10], "texture": "#voxels_atlas1"}
			}
		},
		{
			"name": "Voxels",
			"from": [4.75, 7, 5.75],
			"to": [11.5, 12.75, 6],
			"faces": {
				"north": {"uv": [3.3125, 14.5625, 1.625, 16], "texture": "#voxels_atlas1"},
				"east": {"uv": [3.3125, 11.6875, 3.25, 13.125], "texture": "#voxels_atlas1"},
				"south": {"uv": [1.625, 13.125, 3.3125, 14.5625], "texture": "#voxels_atlas1"},
				"west": {"uv": [9.25, 8.625, 9.3125, 10.0625], "texture": "#voxels_atlas1"},
				"up": {"uv": [10.375, 14.75, 12.0625, 14.6875], "texture": "#voxels_atlas1"},
				"down": {"uv": [14.3125, 14.875, 16, 14.9375], "texture": "#voxels_atlas1"}
			}
		},
		{
			"name": "Voxels",
			"from": [4.75, 7, 6],
			"to": [11.5, 12.5, 6.25],
			"faces": {
				"north": {"uv": [3.3125, 10.3125, 1.625, 11.6875], "texture": "#voxels_atlas1"},
				"east": {"uv": [9.4375, 8.8125, 9.375, 10.1875], "texture": "#voxels_atlas1"},
				"south": {"uv": [1.625, 8.9375, 3.3125, 10.3125], "texture": "#voxels_atlas1"},
				"west": {"uv": [4.8125, 8.875, 4.875, 10.25], "texture": "#voxels_atlas1"},
				"up": {"uv": [10.4375, 14.8125, 12.125, 14.75], "texture": "#voxels_atlas1"},
				"down": {"uv": [12.125, 14.75, 13.8125, 14.8125], "texture": "#voxels_atlas1"}
			}
		},
		{
			"name": "Voxels",
			"from": [4.75, 7, 6.25],
			"to": [11.5, 8.75, 6.5],
			"faces": {
				"north": {"uv": [7.875, 10.4375, 6.1875, 10.875], "texture": "#voxels_atlas1"},
				"east": {"uv": [7.9375, 11.75, 7.875, 12.1875], "texture": "#voxels_atlas1"},
				"south": {"uv": [6.1875, 10.875, 7.875, 11.3125], "texture": "#voxels_atlas1"},
				"west": {"uv": [9.5625, 11.4375, 9.625, 11.875], "texture": "#voxels_atlas1"},
				"up": {"uv": [13.8125, 14.8125, 15.5, 14.75], "texture": "#voxels_atlas1"},
				"down": {"uv": [13.75, 14.6875, 15.4375, 14.75], "texture": "#voxels_atlas1"}
			}
		},
		{
			"name": "Voxels",
			"from": [4.75, 7, 10.5],
			"to": [11.5, 8.75, 11.25],
			"faces": {
				"north": {"uv": [7.875, 11.75, 6.1875, 12.1875], "texture": "#voxels_atlas1"},
				"east": {"uv": [6.375, 8.125, 6.1875, 8.5625], "texture": "#voxels_atlas1"},
				"south": {"uv": [6.1875, 11.3125, 7.875, 11.75], "texture": "#voxels_atlas1"},
				"west": {"uv": [6.375, 8.125, 6.5625, 8.5625], "texture": "#voxels_atlas1"},
				"up": {"uv": [7.9375, 15.5, 9.625, 15.3125], "texture": "#voxels_atlas1"},
				"down": {"uv": [9.625, 15.3125, 11.3125, 15.5], "texture": "#voxels_atlas1"}
			}
		},
		{
			"name": "Voxels",
			"from": [4.75, 8.75, 6.25],
			"to": [5.5, 12.5, 6.5],
			"faces": {
				"north": {"uv": [3.3125, 8, 3.125, 8.9375], "texture": "#voxels_atlas1"},
				"east": {"uv": [6.1875, 10.8125, 6.125, 11.75], "texture": "#voxels_atlas1"},
				"south": {"uv": [6, 13.625, 6.1875, 14.5625], "texture": "#voxels_atlas1"},
				"west": {"uv": [6.125, 11.75, 6.1875, 12.6875], "texture": "#voxels_atlas1"},
				"up": {"uv": [15.8125, 14.6875, 16, 14.625], "texture": "#voxels_atlas1"},
				"down": {"uv": [11.75, 14.125, 11.9375, 14.1875], "texture": "#voxels_atlas1"}
			}
		},
		{
			"name": "Voxels",
			"from": [4.75, 8.75, 10.5],
			"to": [5.5, 12.5, 11.25],
			"faces": {
				"north": {"uv": [6.1875, 12.6875, 6, 13.625], "texture": "#voxels_atlas1"},
				"east": {"uv": [6.9375, 8, 6.75, 8.9375], "texture": "#voxels_atlas1"},
				"south": {"uv": [7.6875, 13.0625, 7.875, 14], "texture": "#voxels_atlas1"},
				"west": {"uv": [6.5625, 8, 6.75, 8.9375], "texture": "#voxels_atlas1"},
				"up": {"uv": [4.5625, 8.25, 4.75, 8.0625], "texture": "#voxels_atlas1"},
				"down": {"uv": [4.3125, 8.0625, 4.5, 8.25], "texture": "#voxels_atlas1"}
			}
		},
		{
			"name": "Voxels",
			"from": [4.75, 12.5, 6],
			"to": [5.25, 12.75, 6.5],
			"faces": {
				"north": {"uv": [9.6875, 10.1875, 9.5625, 10.25], "texture": "#voxels_atlas1"},
				"east": {"uv": [9.6875, 10.5, 9.5625, 10.5625], "texture": "#voxels_atlas1"},
				"south": {"uv": [9.5625, 10.375, 9.6875, 10.4375], "texture": "#voxels_atlas1"},
				"west": {"uv": [9.5625, 10.4375, 9.6875, 10.5], "texture": "#voxels_atlas1"},
				"up": {"uv": [6.0625, 8.125, 6.1875, 8], "texture": "#voxels_atlas1"},
				"down": {"uv": [6.1875, 8, 6.3125, 8.125], "texture": "#voxels_atlas1"}
			}
		},
		{
			"name": "Voxels",
			"from": [4.75, 12.5, 10.5],
			"to": [5.25, 12.75, 11.25],
			"faces": {
				"north": {"uv": [9.6875, 10.6875, 9.5625, 10.75], "texture": "#voxels_atlas1"},
				"east": {"uv": [15.375, 14.1875, 15.1875, 14.25], "texture": "#voxels_atlas1"},
				"south": {"uv": [9.5625, 10.75, 9.6875, 10.8125], "texture": "#voxels_atlas1"},
				"west": {"uv": [15.8125, 14.5625, 16, 14.625], "texture": "#voxels_atlas1"},
				"up": {"uv": [6.9375, 8.1875, 7.0625, 8], "texture": "#voxels_atlas1"},
				"down": {"uv": [7.0625, 8, 7.1875, 8.1875], "texture": "#voxels_atlas1"}
			}
		},
		{
			"name": "Voxels",
			"from": [4.75, 13, 11.5],
			"to": [12, 13.5, 12.5],
			"faces": {
				"north": {"uv": [13.125, 15.375, 11.3125, 15.5], "texture": "#voxels_atlas1"},
				"east": {"uv": [4.875, 10.25, 4.625, 10.375], "texture": "#voxels_atlas1"},
				"south": {"uv": [13.125, 15.375, 14.9375, 15.5], "texture": "#voxels_atlas1"},
				"west": {"uv": [4.625, 11.6875, 4.875, 11.8125], "texture": "#voxels_atlas1"},
				"up": {"uv": [14.1875, 16, 16, 15.75], "texture": "#voxels_atlas1"},
				"down": {"uv": [13.6875, 15.5, 15.5, 15.75], "texture": "#voxels_atlas1"}
			}
		},
		{
			"name": "Voxels",
			"from": [5, 5.25, 11.5],
			"to": [5.25, 13, 11.75],
			"faces": {
				"north": {"uv": [8.4375, 9.5625, 8.375, 11.5], "texture": "#voxels_atlas1"},
				"east": {"uv": [8.375, 9.5625, 8.3125, 11.5], "texture": "#voxels_atlas1"},
				"south": {"uv": [8.3125, 11.5, 8.375, 13.4375], "texture": "#voxels_atlas1"},
				"west": {"uv": [8.375, 11.5, 8.4375, 13.4375], "texture": "#voxels_atlas1"},
				"up": {"uv": [12.5625, 14.1875, 12.625, 14.125], "texture": "#voxels_atlas1"},
				"down": {"uv": [12.9375, 14.125, 13, 14.1875], "texture": "#voxels_atlas1"}
			}
		},
		{
			"name": "Voxels",
			"from": [5, 7, 5.5],
			"to": [11.5, 12.75, 5.75],
			"faces": {
				"north": {"uv": [1.625, 8.5625, 0, 10], "texture": "#voxels_atlas1"},
				"east": {"uv": [9.375, 11.625, 9.3125, 13.0625], "texture": "#voxels_atlas1"},
				"south": {"uv": [1.625, 11.6875, 3.25, 13.125], "texture": "#voxels_atlas1"},
				"west": {"uv": [9.3125, 13.0625, 9.375, 14.5], "texture": "#voxels_atlas1"},
				"up": {"uv": [8.6875, 14.6875, 10.3125, 14.625], "texture": "#voxels_atlas1"},
				"down": {"uv": [10.4375, 14.5625, 12.0625, 14.625], "texture": "#voxels_atlas1"}
			}
		},
		{
			"name": "Voxels",
			"from": [5, 7, 11.25],
			"to": [11.5, 13, 11.5],
			"faces": {
				"north": {"uv": [1.625, 13, 0, 14.5], "texture": "#voxels_atlas1"},
				"east": {"uv": [9.25, 11.5, 9.1875, 13], "texture": "#voxels_atlas1"},
				"south": {"uv": [0, 14.5, 1.625, 16], "texture": "#voxels_atlas1"},
				"west": {"uv": [9.1875, 13, 9.25, 14.5], "texture": "#voxels_atlas1"},
				"up": {"uv": [10.3125, 14.6875, 11.9375, 14.625], "texture": "#voxels_atlas1"},
				"down": {"uv": [8.8125, 14.5625, 10.4375, 14.625], "texture": "#voxels_atlas1"}
			}
		},
		{
			"name": "Voxels",
			"from": [5, 12.75, 11.75],
			"to": [11.75, 13, 12.25],
			"faces": {
				"north": {"uv": [13.75, 14.6875, 12.0625, 14.75], "texture": "#voxels_atlas1"},
				"east": {"uv": [9.6875, 11, 9.5625, 11.0625], "texture": "#voxels_atlas1"},
				"south": {"uv": [8.6875, 14.6875, 10.375, 14.75], "texture": "#voxels_atlas1"},
				"west": {"uv": [9.5625, 10.8125, 9.6875, 10.875], "texture": "#voxels_atlas1"},
				"up": {"uv": [8.4375, 15.3125, 10.125, 15.1875], "texture": "#voxels_atlas1"},
				"down": {"uv": [10.125, 15.1875, 11.8125, 15.3125], "texture": "#voxels_atlas1"}
			}
		},
		{
			"name": "Voxels",
			"from": [5.25, 6.25, 5],
			"to": [5.5, 12.75, 5.25],
			"faces": {
				"north": {"uv": [8.6875, 11.4375, 8.625, 13.0625], "texture": "#voxels_atlas1"},
				"east": {"uv": [8.25, 8.0625, 8.1875, 9.6875], "texture": "#voxels_atlas1"},
				"south": {"uv": [8.0625, 8.0625, 8.125, 9.6875], "texture": "#voxels_atlas1"},
				"west": {"uv": [8.125, 8.0625, 8.1875, 9.6875], "texture": "#voxels_atlas1"},
				"up": {"uv": [9.1875, 8.0625, 9.25, 8], "texture": "#voxels_atlas1"},
				"down": {"uv": [9.625, 8.4375, 9.6875, 8.5], "texture": "#voxels_atlas1"}
			}
		},
		{
			"name": "Voxels",
			"from": [5.25, 6.25, 11.75],
			"to": [5.5, 12.75, 12],
			"faces": {
				"north": {"uv": [8.3125, 8.0625, 8.25, 9.6875], "texture": "#voxels_atlas1"},
				"east": {"uv": [8.75, 13, 8.6875, 14.625], "texture": "#voxels_atlas1"},
				"south": {"uv": [8.625, 9.8125, 8.6875, 11.4375], "texture": "#voxels_atlas1"},
				"west": {"uv": [8.625, 8.1875, 8.6875, 9.8125], "texture": "#voxels_atlas1"},
				"up": {"uv": [12.75, 14.1875, 12.8125, 14.125], "texture": "#voxels_atlas1"},
				"down": {"uv": [9.5625, 8.6875, 9.625, 8.75], "texture": "#voxels_atlas1"}
			}
		},
		{
			"name": "Voxels",
			"from": [5.25, 7, 5.25],
			"to": [11.5, 12.75, 5.5],
			"faces": {
				"north": {"uv": [4.875, 13.125, 3.3125, 14.5625], "texture": "#voxels_atlas1"},
				"east": {"uv": [9.375, 8.75, 9.3125, 10.1875], "texture": "#voxels_atlas1"},
				"south": {"uv": [3.3125, 14.5625, 4.875, 16], "texture": "#voxels_atlas1"},
				"west": {"uv": [9.375, 13.0625, 9.4375, 14.5], "texture": "#voxels_atlas1"},
				"up": {"uv": [14.4375, 15, 16, 14.9375], "texture": "#voxels_atlas1"},
				"down": {"uv": [14.4375, 15, 16, 15.0625], "texture": "#voxels_atlas1"}
			}
		},
		{
			"name": "Voxels",
			"from": [5.25, 7, 11.5],
			"to": [11.5, 13, 11.75],
			"faces": {
				"north": {"uv": [1.5625, 11.5, 0, 13], "texture": "#voxels_atlas1"},
				"east": {"uv": [9.0625, 11.5, 9, 13], "texture": "#voxels_atlas1"},
				"south": {"uv": [0, 10, 1.5625, 11.5], "texture": "#voxels_atlas1"},
				"west": {"uv": [1.5625, 10, 1.625, 11.5], "texture": "#voxels_atlas1"},
				"up": {"uv": [13.625, 14.625, 15.1875, 14.5625], "texture": "#voxels_atlas1"},
				"down": {"uv": [12.0625, 14.5625, 13.625, 14.625], "texture": "#voxels_atlas1"}
			}
		},
		{
			"name": "Voxels",
			"from": [5.25, 12.5, 11],
			"to": [11.5, 12.75, 11.25],
			"faces": {
				"north": {"uv": [13.5, 14.5, 11.9375, 14.5625], "texture": "#voxels_atlas1"},
				"east": {"uv": [12.9375, 14.125, 12.875, 14.1875], "texture": "#voxels_atlas1"},
				"south": {"uv": [13.5, 14.5, 15.0625, 14.5625], "texture": "#voxels_atlas1"},
				"west": {"uv": [9.5625, 8.125, 9.625, 8.1875], "texture": "#voxels_atlas1"},
				"up": {"uv": [10.375, 14.5625, 11.9375, 14.5], "texture": "#voxels_atlas1"},
				"down": {"uv": [8.8125, 14.5, 10.375, 14.5625], "texture": "#voxels_atlas1"}
			}
		},
		{
			"name": "Voxels",
			"from": [5.5, 6.5, 5],
			"to": [5.75, 12.75, 5.25],
			"faces": {
				"north": {"uv": [8.4375, 8, 8.375, 9.5625], "texture": "#voxels_atlas1"},
				"east": {"uv": [8.9375, 12.9375, 8.875, 14.5], "texture": "#voxels_atlas1"},
				"south": {"uv": [8.75, 9.8125, 8.8125, 11.375], "texture": "#voxels_atlas1"},
				"west": {"uv": [8.75, 8.25, 8.8125, 9.8125], "texture": "#voxels_atlas1"},
				"up": {"uv": [14.875, 15.375, 14.9375, 15.3125], "texture": "#voxels_atlas1"},
				"down": {"uv": [13.1875, 14.125, 13.25, 14.1875], "texture": "#voxels_atlas1"}
			}
		},
		{
			"name": "Voxels",
			"from": [5.5, 6.5, 11.75],
			"to": [5.75, 12.75, 12],
			"faces": {
				"north": {"uv": [8.875, 12.9375, 8.8125, 14.5], "texture": "#voxels_atlas1"},
				"east": {"uv": [8.875, 8.25, 8.8125, 9.8125], "texture": "#voxels_atlas1"},
				"south": {"uv": [8.8125, 11.375, 8.875, 12.9375], "texture": "#voxels_atlas1"},
				"west": {"uv": [8.8125, 9.8125, 8.875, 11.375], "texture": "#voxels_atlas1"},
				"up": {"uv": [9.0625, 8.0625, 9.125, 8], "texture": "#voxels_atlas1"},
				"down": {"uv": [9, 8, 9.0625, 8.0625], "texture": "#voxels_atlas1"}
			}
		},
		{
			"name": "Voxels",
			"from": [5.5, 8.75, 10.75],
			"to": [11.5, 12.5, 11.25],
			"faces": {
				"north": {"uv": [3.125, 8, 1.625, 8.9375], "texture": "#voxels_atlas1"},
				"east": {"uv": [7.8125, 9.5, 7.6875, 10.4375], "texture": "#voxels_atlas1"},
				"south": {"uv": [6.1875, 13.0625, 7.6875, 14], "texture": "#voxels_atlas1"},
				"west": {"uv": [6.0625, 8.125, 6.1875, 9.0625], "texture": "#voxels_atlas1"},
				"up": {"uv": [9.9375, 15.1875, 11.4375, 15.0625], "texture": "#voxels_atlas1"},
				"down": {"uv": [11.8125, 15.1875, 13.3125, 15.3125], "texture": "#voxels_atlas1"}
			}
		},
		{
			"name": "Voxels",
			"from": [5.75, 6.75, 5],
			"to": [6, 12.75, 5.25],
			"faces": {
				"north": {"uv": [9.1875, 10, 9.125, 11.5], "texture": "#voxels_atlas1"},
				"east": {"uv": [9.0625, 13, 9, 14.5], "texture": "#voxels_atlas1"},
				"south": {"uv": [9.1875, 8.5, 9.25, 10], "texture": "#voxels_atlas1"},
				"west": {"uv": [9.0625, 11.5, 9.125, 13], "texture": "#voxels_atlas1"},
				"up": {"uv": [9.375, 8.0625, 9.4375, 8], "texture": "#voxels_atlas1"},
				"down": {"uv": [9.125, 8, 9.1875, 8.0625], "texture": "#voxels_atlas1"}
			}
		},
		{
			"name": "Voxels",
			"from": [5.75, 6.75, 11.75],
			"to": [6, 12.75, 12],
			"faces": {
				"north": {"uv": [9.3125, 11.5, 9.25, 13], "texture": "#voxels_atlas1"},
				"east": {"uv": [9.1875, 8.5, 9.125, 10], "texture": "#voxels_atlas1"},
				"south": {"uv": [9.25, 13, 9.3125, 14.5], "texture": "#voxels_atlas1"},
				"west": {"uv": [9.1875, 10, 9.25, 11.5], "texture": "#voxels_atlas1"},
				"up": {"uv": [9.5625, 9.1875, 9.625, 9.125], "texture": "#voxels_atlas1"},
				"down": {"uv": [9.625, 9.375, 9.6875, 9.4375], "texture": "#voxels_atlas1"}
			}
		},
		{
			"name": "Voxels",
			"from": [6, 7, 5],
			"to": [11.25, 12.75, 5.25],
			"faces": {
				"north": {"uv": [4.625, 8.8125, 3.3125, 10.25], "texture": "#voxels_atlas1"},
				"east": {"uv": [9.3125, 10.0625, 9.25, 11.5], "texture": "#voxels_atlas1"},
				"south": {"uv": [3.3125, 10.25, 4.625, 11.6875], "texture": "#voxels_atlas1"},
				"west": {"uv": [9.3125, 10.1875, 9.375, 11.625], "texture": "#voxels_atlas1"},
				"up": {"uv": [13.5, 14.5, 14.8125, 14.4375], "texture": "#voxels_atlas1"},
				"down": {"uv": [12.1875, 14.4375, 13.5, 14.5], "texture": "#voxels_atlas1"}
			}
		},
		{
			"name": "Voxels",
			"from": [6, 7, 11.75],
			"to": [11.25, 12.75, 12],
			"faces": {
				"north": {"uv": [4.625, 11.6875, 3.3125, 13.125], "texture": "#voxels_atlas1"},
				"east": {"uv": [9.4375, 11.625, 9.375, 13.0625], "texture": "#voxels_atlas1"},
				"south": {"uv": [4.875, 14.5625, 6.1875, 16], "texture": "#voxels_atlas1"},
				"west": {"uv": [9.375, 10.1875, 9.4375, 11.625], "texture": "#voxels_atlas1"},
				"up": {"uv": [9.4375, 14.4375, 10.75, 14.375], "texture": "#voxels_atlas1"},
				"down": {"uv": [10.75, 14.375, 12.0625, 14.4375], "texture": "#voxels_atlas1"}
			}
		},
		{
			"name": "Voxels",
			"from": [6.5, 13.5, 5],
			"to": [7.5, 15.75, 5.25],
			"faces": {
				"north": {"uv": [4.5625, 8.25, 4.3125, 8.8125], "texture": "#voxels_atlas1"},
				"east": {"uv": [8.625, 8.1875, 8.5625, 8.75], "texture": "#voxels_atlas1"},
				"south": {"uv": [4.5625, 8.25, 4.8125, 8.8125], "texture": "#voxels_atlas1"},
				"west": {"uv": [9.25, 8.0625, 9.3125, 8.625], "texture": "#voxels_atlas1"},
				"up": {"uv": [14.75, 14.25, 15, 14.1875], "texture": "#voxels_atlas1"},
				"down": {"uv": [5.375, 8.0625, 5.625, 8.125], "texture": "#voxels_atlas1"}
			}
		},
		{
			"name": "Voxels",
			"from": [6.5, 13.5, 11.75],
			"to": [7.5, 15.75, 12],
			"faces": {
				"north": {"uv": [1.5, 8, 1.25, 8.5625], "texture": "#voxels_atlas1"},
				"east": {"uv": [4.875, 8.25, 4.8125, 8.8125], "texture": "#voxels_atlas1"},
				"south": {"uv": [1, 8, 1.25, 8.5625], "texture": "#voxels_atlas1"},
				"west": {"uv": [7.875, 13.4375, 7.9375, 14], "texture": "#voxels_atlas1"},
				"up": {"uv": [14.5, 14.25, 14.75, 14.1875], "texture": "#voxels_atlas1"},
				"down": {"uv": [5.625, 8, 5.875, 8.0625], "texture": "#voxels_atlas1"}
			}
		},
		{
			"name": "Voxels",
			"from": [6.75, 13.5, 4.75],
			"to": [7.25, 15.75, 5],
			"faces": {
				"north": {"uv": [1.625, 8, 1.5, 8.5625], "texture": "#voxels_atlas1"},
				"east": {"uv": [8.5625, 8.0625, 8.5, 8.625], "texture": "#voxels_atlas1"},
				"south": {"uv": [7.625, 8.0625, 7.75, 8.625], "texture": "#voxels_atlas1"},
				"west": {"uv": [8.5, 8.625, 8.5625, 9.1875], "texture": "#voxels_atlas1"},
				"up": {"uv": [8.0625, 8.0625, 8.1875, 8], "texture": "#voxels_atlas1"},
				"down": {"uv": [7.625, 8, 7.75, 8.0625], "texture": "#voxels_atlas1"}
			}
		},
		{
			"name": "Voxels",
			"from": [6.75, 13.5, 5.25],
			"to": [7.25, 15.75, 5.5],
			"faces": {
				"north": {"uv": [9.5625, 13.8125, 9.4375, 14.375], "texture": "#voxels_atlas1"},
				"east": {"uv": [7.9375, 8.0625, 7.875, 8.625], "texture": "#voxels_atlas1"},
				"south": {"uv": [7.75, 8.0625, 7.875, 8.625], "texture": "#voxels_atlas1"},
				"west": {"uv": [9.3125, 8.1875, 9.375, 8.75], "texture": "#voxels_atlas1"},
				"up": {"uv": [9.5625, 11.375, 9.6875, 11.3125], "texture": "#voxels_atlas1"},
				"down": {"uv": [9.5625, 11.375, 9.6875, 11.4375], "texture": "#voxels_atlas1"}
			}
		},
		{
			"name": "Voxels",
			"from": [6.75, 13.5, 11.5],
			"to": [7.25, 15.75, 11.75],
			"faces": {
				"north": {"uv": [9.5625, 13.25, 9.4375, 13.8125], "texture": "#voxels_atlas1"},
				"east": {"uv": [8.5, 8.6875, 8.4375, 9.25], "texture": "#voxels_atlas1"},
				"south": {"uv": [7.5, 8.0625, 7.625, 8.625], "texture": "#voxels_atlas1"},
				"west": {"uv": [8.4375, 8.125, 8.5, 8.6875], "texture": "#voxels_atlas1"},
				"up": {"uv": [9.5625, 11.125, 9.6875, 11.0625], "texture": "#voxels_atlas1"},
				"down": {"uv": [9.5625, 11.125, 9.6875, 11.1875], "texture": "#voxels_atlas1"}
			}
		},
		{
			"name": "Voxels",
			"from": [6.75, 13.5, 12],
			"to": [7.25, 15.75, 12.25],
			"faces": {
				"north": {"uv": [7.9375, 9.875, 7.8125, 10.4375], "texture": "#voxels_atlas1"},
				"east": {"uv": [8.625, 8.75, 8.5625, 9.3125], "texture": "#voxels_atlas1"},
				"south": {"uv": [7.375, 8.0625, 7.5, 8.625], "texture": "#voxels_atlas1"},
				"west": {"uv": [9.375, 8.25, 9.4375, 8.8125], "texture": "#voxels_atlas1"},
				"up": {"uv": [9.5625, 10.9375, 9.6875, 10.875], "texture": "#voxels_atlas1"},
				"down": {"uv": [9.5625, 10.9375, 9.6875, 11], "texture": "#voxels_atlas1"}
			}
		},
		{
			"name": "Voxels",
			"from": [6.75, 15.75, 5],
			"to": [9.25, 16, 5.25],
			"faces": {
				"north": {"uv": [10.1875, 14.3125, 9.5625, 14.375], "texture": "#voxels_atlas1"},
				"east": {"uv": [9.6875, 8.375, 9.625, 8.4375], "texture": "#voxels_atlas1"},
				"south": {"uv": [14.8125, 14.4375, 15.4375, 14.5], "texture": "#voxels_atlas1"},
				"west": {"uv": [9.5625, 8.375, 9.625, 8.4375], "texture": "#voxels_atlas1"},
				"up": {"uv": [15.1875, 14.4375, 15.8125, 14.375], "texture": "#voxels_atlas1"},
				"down": {"uv": [14.5625, 14.375, 15.1875, 14.4375], "texture": "#voxels_atlas1"}
			}
		},
		{
			"name": "Voxels",
			"from": [6.75, 15.75, 11.75],
			"to": [9.25, 16, 12],
			"faces": {
				"north": {"uv": [15.6875, 14.5, 15.0625, 14.5625], "texture": "#voxels_atlas1"},
				"east": {"uv": [16, 15.375, 15.9375, 15.4375], "texture": "#voxels_atlas1"},
				"south": {"uv": [14.9375, 15.3125, 15.5625, 15.375], "texture": "#voxels_atlas1"},
				"west": {"uv": [15.9375, 15.4375, 16, 15.5], "texture": "#voxels_atlas1"},
				"up": {"uv": [15.1875, 14.625, 15.8125, 14.5625], "texture": "#voxels_atlas1"},
				"down": {"uv": [15.1875, 14.625, 15.8125, 14.6875], "texture": "#voxels_atlas1"}
			}
		},
		{
			"name": "Voxels",
			"from": [7, 15.75, 4.75],
			"to": [9, 16, 5],
			"faces": {
				"north": {"uv": [13.6875, 14.25, 13.1875, 14.3125], "texture": "#voxels_atlas1"},
				"east": {"uv": [9.6875, 11.4375, 9.625, 11.5], "texture": "#voxels_atlas1"},
				"south": {"uv": [12.6875, 14.25, 13.1875, 14.3125], "texture": "#voxels_atlas1"},
				"west": {"uv": [15.9375, 14.4375, 16, 14.5], "texture": "#voxels_atlas1"},
				"up": {"uv": [12.6875, 14.375, 13.1875, 14.3125], "texture": "#voxels_atlas1"},
				"down": {"uv": [12.1875, 14.3125, 12.6875, 14.375], "texture": "#voxels_atlas1"}
			}
		},
		{
			"name": "Voxels",
			"from": [7, 15.75, 5.25],
			"to": [9, 16, 5.5],
			"faces": {
				"north": {"uv": [15.9375, 14.6875, 15.4375, 14.75], "texture": "#voxels_atlas1"},
				"east": {"uv": [12.5625, 14.125, 12.5, 14.1875], "texture": "#voxels_atlas1"},
				"south": {"uv": [15.4375, 14.4375, 15.9375, 14.5], "texture": "#voxels_atlas1"},
				"west": {"uv": [9.5625, 9.0625, 9.625, 9.125], "texture": "#voxels_atlas1"},
				"up": {"uv": [15.5, 14.8125, 16, 14.75], "texture": "#voxels_atlas1"},
				"down": {"uv": [14.1875, 14.25, 14.6875, 14.3125], "texture": "#voxels_atlas1"}
			}
		},
		{
			"name": "Voxels",
			"from": [7, 15.75, 11.5],
			"to": [9, 16, 11.75],
			"faces": {
				"north": {"uv": [13.6875, 14.3125, 13.1875, 14.375], "texture": "#voxels_atlas1"},
				"east": {"uv": [13.5625, 14.125, 13.5, 14.1875], "texture": "#voxels_atlas1"},
				"south": {"uv": [13.6875, 14.3125, 14.1875, 14.375], "texture": "#voxels_atlas1"},
				"west": {"uv": [13.3125, 14.125, 13.375, 14.1875], "texture": "#voxels_atlas1"},
				"up": {"uv": [11.6875, 14.375, 12.1875, 14.3125], "texture": "#voxels_atlas1"},
				"down": {"uv": [10.1875, 14.3125, 10.6875, 14.375], "texture": "#voxels_atlas1"}
			}
		},
		{
			"name": "Voxels",
			"from": [7, 15.75, 12],
			"to": [9, 16, 12.25],
			"faces": {
				"north": {"uv": [10.1875, 14.25, 9.6875, 14.3125], "texture": "#voxels_atlas1"},
				"east": {"uv": [12.6875, 14.125, 12.625, 14.1875], "texture": "#voxels_atlas1"},
				"south": {"uv": [15.1875, 14.3125, 15.6875, 14.375], "texture": "#voxels_atlas1"},
				"west": {"uv": [12.6875, 14.125, 12.75, 14.1875], "texture": "#voxels_atlas1"},
				"up": {"uv": [10.1875, 14.3125, 10.6875, 14.25], "texture": "#voxels_atlas1"},
				"down": {"uv": [14.6875, 14.3125, 15.1875, 14.375], "texture": "#voxels_atlas1"}
			}
		},
		{
			"name": "Voxels",
			"from": [7.25, 15.25, 4.75],
			"to": [9.25, 15.75, 5],
			"faces": {
				"north": {"uv": [1, 8, 0.5, 8.125], "texture": "#voxels_atlas1"},
				"east": {"uv": [7.9375, 13.0625, 7.875, 13.1875], "texture": "#voxels_atlas1"},
				"south": {"uv": [3.3125, 8.25, 3.8125, 8.375], "texture": "#voxels_atlas1"},
				"west": {"uv": [6.125, 9.0625, 6.1875, 9.1875], "texture": "#voxels_atlas1"},
				"up": {"uv": [9.6875, 14.25, 10.1875, 14.1875], "texture": "#voxels_atlas1"},
				"down": {"uv": [10.6875, 14.25, 11.1875, 14.3125], "texture": "#voxels_atlas1"}
			}
		},
		{
			"name": "Voxels",
			"from": [7.25, 15.25, 5.25],
			"to": [9.25, 15.75, 5.5],
			"faces": {
				"north": {"uv": [3.8125, 8.125, 3.3125, 8.25], "texture": "#voxels_atlas1"},
				"east": {"uv": [6.5625, 8, 6.5, 8.125], "texture": "#voxels_atlas1"},
				"south": {"uv": [3.3125, 8, 3.8125, 8.125], "texture": "#voxels_atlas1"},
				"west": {"uv": [6.3125, 8, 6.375, 8.125], "texture": "#voxels_atlas1"},
				"up": {"uv": [11.1875, 14.3125, 11.6875, 14.25], "texture": "#voxels_atlas1"},
				"down": {"uv": [14.1875, 14.3125, 14.6875, 14.375], "texture": "#voxels_atlas1"}
			}
		},
		{
			"name": "Voxels",
			"from": [7.25, 15.25, 11.5],
			"to": [9.25, 15.75, 11.75],
			"faces": {
				"north": {"uv": [4.3125, 8.25, 3.8125, 8.375], "texture": "#voxels_atlas1"},
				"east": {"uv": [7.5, 9.0625, 7.4375, 9.1875], "texture": "#voxels_atlas1"},
				"south": {"uv": [3.8125, 8.125, 4.3125, 8.25], "texture": "#voxels_atlas1"},
				"west": {"uv": [7.25, 9.0625, 7.3125, 9.1875], "texture": "#voxels_atlas1"},
				"up": {"uv": [12.1875, 14.3125, 12.6875, 14.25], "texture": "#voxels_atlas1"},
				"down": {"uv": [11.6875, 14.25, 12.1875, 14.3125], "texture": "#voxels_atlas1"}
			}
		},
		{
			"name": "Voxels",
			"from": [7.25, 15.25, 12],
			"to": [9.25, 15.75, 12.25],
			"faces": {
				"north": {"uv": [4.3125, 8, 3.8125, 8.125], "texture": "#voxels_atlas1"},
				"east": {"uv": [15.9375, 15.0625, 15.875, 15.1875], "texture": "#voxels_atlas1"},
				"south": {"uv": [15.5, 15.625, 16, 15.75], "texture": "#voxels_atlas1"},
				"west": {"uv": [9.5, 8.0625, 9.5625, 8.1875], "texture": "#voxels_atlas1"},
				"up": {"uv": [15.1875, 14.3125, 15.6875, 14.25], "texture": "#voxels_atlas1"},
				"down": {"uv": [14.6875, 14.25, 15.1875, 14.3125], "texture": "#voxels_atlas1"}
			}
		},
		{
			"name": "Voxels",
			"from": [7.5, 15.25, 5],
			"to": [9.5, 15.75, 5.25],
			"faces": {
				"north": {"uv": [16, 15.5, 15.5, 15.625], "texture": "#voxels_atlas1"},
				"east": {"uv": [8.5, 8, 8.4375, 8.125], "texture": "#voxels_atlas1"},
				"south": {"uv": [14.8125, 15.1875, 15.3125, 15.3125], "texture": "#voxels_atlas1"},
				"west": {"uv": [15.9375, 15.0625, 16, 15.1875], "texture": "#voxels_atlas1"},
				"up": {"uv": [10.1875, 14.25, 10.6875, 14.1875], "texture": "#voxels_atlas1"},
				"down": {"uv": [13.6875, 14.25, 14.1875, 14.3125], "texture": "#voxels_atlas1"}
			}
		},
		{
			"name": "Voxels",
			"from": [7.5, 15.25, 11.75],
			"to": [9.5, 15.75, 12],
			"faces": {
				"north": {"uv": [15.8125, 15.1875, 15.3125, 15.3125], "texture": "#voxels_atlas1"},
				"east": {"uv": [9.5, 8.0625, 9.4375, 8.1875], "texture": "#voxels_atlas1"},
				"south": {"uv": [0, 8, 0.5, 8.125], "texture": "#voxels_atlas1"},
				"west": {"uv": [8.6875, 8, 8.75, 8.125], "texture": "#voxels_atlas1"},
				"up": {"uv": [11.1875, 14.375, 11.6875, 14.3125], "texture": "#voxels_atlas1"},
				"down": {"uv": [10.6875, 14.3125, 11.1875, 14.375], "texture": "#voxels_atlas1"}
			}
		},
		{
			"name": "Voxels",
			"from": [8.5, 13.5, 5],
			"to": [9.5, 15.25, 5.25],
			"faces": {
				"north": {"uv": [7.6875, 8.625, 7.4375, 9.0625], "texture": "#voxels_atlas1"},
				"east": {"uv": [9.6875, 13.625, 9.625, 14.0625], "texture": "#voxels_atlas1"},
				"south": {"uv": [7.1875, 8.625, 7.4375, 9.0625], "texture": "#voxels_atlas1"},
				"west": {"uv": [9, 8.0625, 9.0625, 8.5], "texture": "#voxels_atlas1"},
				"up": {"uv": [13.75, 14.25, 14, 14.1875], "texture": "#voxels_atlas1"},
				"down": {"uv": [13.5, 14.1875, 13.75, 14.25], "texture": "#voxels_atlas1"}
			}
		},
		{
			"name": "Voxels",
			"from": [8.5, 13.5, 11.75],
			"to": [9.5, 15.25, 12],
			"faces": {
				"north": {"uv": [7.1875, 8.1875, 6.9375, 8.625], "texture": "#voxels_atlas1"},
				"east": {"uv": [9.6875, 12.3125, 9.625, 12.75], "texture": "#voxels_atlas1"},
				"south": {"uv": [6.9375, 8.625, 7.1875, 9.0625], "texture": "#voxels_atlas1"},
				"west": {"uv": [9.5625, 13.1875, 9.625, 13.625], "texture": "#voxels_atlas1"},
				"up": {"uv": [4.3125, 8.0625, 4.5625, 8], "texture": "#voxels_atlas1"},
				"down": {"uv": [4.625, 8.8125, 4.875, 8.875], "texture": "#voxels_atlas1"}
			}
		},
		{
			"name": "Voxels",
			"from": [8.75, 13.5, 4.75],
			"to": [9.25, 15.25, 5],
			"faces": {
				"north": {"uv": [9.5625, 11.0625, 9.4375, 11.5], "texture": "#voxels_atlas1"},
				"east": {"uv": [9.6875, 11.875, 9.625, 12.3125], "texture": "#voxels_atlas1"},
				"south": {"uv": [9.4375, 8.4375, 9.5625, 8.875], "texture": "#voxels_atlas1"},
				"west": {"uv": [9.5625, 11.875, 9.625, 12.3125], "texture": "#voxels_atlas1"},
				"up": {"uv": [7.5, 8.0625, 7.625, 8], "texture": "#voxels_atlas1"},
				"down": {"uv": [7.375, 8, 7.5, 8.0625], "texture": "#voxels_atlas1"}
			}
		},
		{
			"name": "Voxels",
			"from": [8.75, 13.5, 5.25],
			"to": [9.25, 15.25, 5.5],
			"faces": {
				"north": {"uv": [9.5625, 10.625, 9.4375, 11.0625], "texture": "#voxels_atlas1"},
				"east": {"uv": [7.9375, 10.875, 7.875, 11.3125], "texture": "#voxels_atlas1"},
				"south": {"uv": [9.4375, 12.375, 9.5625, 12.8125], "texture": "#voxels_atlas1"},
				"west": {"uv": [7.875, 11.3125, 7.9375, 11.75], "texture": "#voxels_atlas1"},
				"up": {"uv": [7.9375, 8.0625, 8.0625, 8], "texture": "#voxels_atlas1"},
				"down": {"uv": [15.875, 15.3125, 16, 15.375], "texture": "#voxels_atlas1"}
			}
		},
		{
			"name": "Voxels",
			"from": [8.75, 13.5, 11.5],
			"to": [9.25, 15.25, 11.75],
			"faces": {
				"north": {"uv": [9.5625, 11.9375, 9.4375, 12.375], "texture": "#voxels_atlas1"},
				"east": {"uv": [9.625, 13.625, 9.5625, 14.0625], "texture": "#voxels_atlas1"},
				"south": {"uv": [9.4375, 12.8125, 9.5625, 13.25], "texture": "#voxels_atlas1"},
				"west": {"uv": [9.0625, 8.0625, 9.125, 8.5], "texture": "#voxels_atlas1"},
				"up": {"uv": [9.4375, 8.0625, 9.5625, 8], "texture": "#voxels_atlas1"},
				"down": {"uv": [8.1875, 8, 8.3125, 8.0625], "texture": "#voxels_atlas1"}
			}
		},
		{
			"name": "Voxels",
			"from": [8.75, 13.5, 12],
			"to": [9.25, 15.25, 12.25],
			"faces": {
				"north": {"uv": [9.5625, 11.5, 9.4375, 11.9375], "texture": "#voxels_atlas1"},
				"east": {"uv": [9.625, 12.3125, 9.5625, 12.75], "texture": "#voxels_atlas1"},
				"south": {"uv": [7.8125, 9.4375, 7.9375, 9.875], "texture": "#voxels_atlas1"},
				"west": {"uv": [9.625, 12.75, 9.6875, 13.1875], "texture": "#voxels_atlas1"},
				"up": {"uv": [9.5625, 11.25, 9.6875, 11.1875], "texture": "#voxels_atlas1"},
				"down": {"uv": [9.5625, 11.25, 9.6875, 11.3125], "texture": "#voxels_atlas1"}
			}
		},
		{
			"name": "Voxels",
			"from": [10, 6.75, 5],
			"to": [11.25, 7, 5.25],
			"faces": {
				"north": {"uv": [16, 14.25, 15.6875, 14.3125], "texture": "#voxels_atlas1"},
				"east": {"uv": [13.625, 14.125, 13.5625, 14.1875], "texture": "#voxels_atlas1"},
				"south": {"uv": [15.6875, 14.3125, 16, 14.375], "texture": "#voxels_atlas1"},
				"west": {"uv": [9.625, 8.1875, 9.6875, 8.25], "texture": "#voxels_atlas1"},
				"up": {"uv": [10.6875, 14.25, 11, 14.1875], "texture": "#voxels_atlas1"},
				"down": {"uv": [15.5625, 15.0625, 15.875, 15.125], "texture": "#voxels_atlas1"}
			}
		},
		{
			"name": "Voxels",
			"from": [10, 6.75, 11.75],
			"to": [11.25, 7, 12],
			"faces": {
				"north": {"uv": [15.875, 15.125, 15.5625, 15.1875], "texture": "#voxels_atlas1"},
				"east": {"uv": [9.6875, 8.25, 9.625, 8.3125], "texture": "#voxels_atlas1"},
				"south": {"uv": [15.5625, 15.3125, 15.875, 15.375], "texture": "#voxels_atlas1"},
				"west": {"uv": [9.5625, 8.1875, 9.625, 8.25], "texture": "#voxels_atlas1"},
				"up": {"uv": [15.625, 14.875, 15.9375, 14.8125], "texture": "#voxels_atlas1"},
				"down": {"uv": [15.6875, 14.5, 16, 14.5625], "texture": "#voxels_atlas1"}
			}
		},
		{
			"name": "Voxels",
			"from": [10.25, 6.5, 5],
			"to": [11.25, 6.75, 5.25],
			"faces": {
				"north": {"uv": [11.75, 14.1875, 11.5, 14.25], "texture": "#voxels_atlas1"},
				"east": {"uv": [9.625, 9.1875, 9.5625, 9.25], "texture": "#voxels_atlas1"},
				"south": {"uv": [11.75, 14.1875, 12, 14.25], "texture": "#voxels_atlas1"},
				"west": {"uv": [9.5625, 8.3125, 9.625, 8.375], "texture": "#voxels_atlas1"},
				"up": {"uv": [11.25, 14.25, 11.5, 14.1875], "texture": "#voxels_atlas1"},
				"down": {"uv": [11, 14.1875, 11.25, 14.25], "texture": "#voxels_atlas1"}
			}
		},
		{
			"name": "Voxels",
			"from": [10.25, 6.5, 11.75],
			"to": [11.25, 6.75, 12],
			"faces": {
				"north": {"uv": [13.25, 14.1875, 13, 14.25], "texture": "#voxels_atlas1"},
				"east": {"uv": [8.5625, 8, 8.5, 8.0625], "texture": "#voxels_atlas1"},
				"south": {"uv": [13.25, 14.1875, 13.5, 14.25], "texture": "#voxels_atlas1"},
				"west": {"uv": [15.9375, 14.6875, 16, 14.75], "texture": "#voxels_atlas1"},
				"up": {"uv": [12.75, 14.25, 13, 14.1875], "texture": "#voxels_atlas1"},
				"down": {"uv": [12.5, 14.1875, 12.75, 14.25], "texture": "#voxels_atlas1"}
			}
		},
		{
			"name": "Voxels",
			"from": [10.5, 6.25, 5],
			"to": [11.25, 6.5, 5.25],
			"faces": {
				"north": {"uv": [16, 15.25, 15.8125, 15.3125], "texture": "#voxels_atlas1"},
				"east": {"uv": [13.1875, 14.125, 13.125, 14.1875], "texture": "#voxels_atlas1"},
				"south": {"uv": [15.8125, 15.1875, 16, 15.25], "texture": "#voxels_atlas1"},
				"west": {"uv": [15.9375, 14.8125, 16, 14.875], "texture": "#voxels_atlas1"},
				"up": {"uv": [7.75, 8.0625, 7.9375, 8], "texture": "#voxels_atlas1"},
				"down": {"uv": [7.75, 9.0625, 7.9375, 9.125], "texture": "#voxels_atlas1"}
			}
		},
		{
			"name": "Voxels",
			"from": [10.5, 6.25, 11.75],
			"to": [11.25, 6.5, 12],
			"faces": {
				"north": {"uv": [10.0625, 14.125, 9.875, 14.1875], "texture": "#voxels_atlas1"},
				"east": {"uv": [9.3125, 8, 9.25, 8.0625], "texture": "#voxels_atlas1"},
				"south": {"uv": [10.0625, 14.125, 10.25, 14.1875], "texture": "#voxels_atlas1"},
				"west": {"uv": [9.625, 9.125, 9.6875, 9.1875], "texture": "#voxels_atlas1"},
				"up": {"uv": [15.75, 14.25, 15.9375, 14.1875], "texture": "#voxels_atlas1"},
				"down": {"uv": [15.5625, 14.1875, 15.75, 14.25], "texture": "#voxels_atlas1"}
			}
		},
		{
			"name": "Voxels",
			"from": [10.5, 8.75, 6.25],
			"to": [11.5, 12.5, 10.75],
			"faces": {
				"north": {"uv": [6.125, 10.8125, 5.875, 11.75], "texture": "#voxels_atlas1"},
				"east": {"uv": [6, 12.6875, 4.875, 13.625], "texture": "#voxels_atlas1"},
				"south": {"uv": [5.875, 11.75, 6.125, 12.6875], "texture": "#voxels_atlas1"},
				"west": {"uv": [4.875, 13.625, 6, 14.5625], "texture": "#voxels_atlas1"},
				"up": {"uv": [4.625, 11.6875, 4.875, 10.5625], "texture": "#voxels_atlas1"},
				"down": {"uv": [4.625, 12, 4.875, 13.125], "texture": "#voxels_atlas1"}
			}
		},
		{
			"name": "Voxels",
			"from": [10.75, 5.25, 5],
			"to": [11.25, 6.25, 5.5],
			"faces": {
				"north": {"uv": [4.875, 8, 4.75, 8.25], "texture": "#voxels_atlas1"},
				"east": {"uv": [7.875, 9.1875, 7.75, 9.4375], "texture": "#voxels_atlas1"},
				"south": {"uv": [7.5, 9.1875, 7.625, 9.4375], "texture": "#voxels_atlas1"},
				"west": {"uv": [7.625, 9.1875, 7.75, 9.4375], "texture": "#voxels_atlas1"},
				"up": {"uv": [6.375, 8.125, 6.5, 8], "texture": "#voxels_atlas1"},
				"down": {"uv": [7.125, 9.0625, 7.25, 9.1875], "texture": "#voxels_atlas1"}
			}
		},
		{
			"name": "Voxels",
			"from": [10.75, 5.25, 11.5],
			"to": [11.5, 7, 11.75],
			"faces": {
				"north": {"uv": [7.375, 8.1875, 7.1875, 8.625], "texture": "#voxels_atlas1"},
				"east": {"uv": [9.625, 12.75, 9.5625, 13.1875], "texture": "#voxels_atlas1"},
				"south": {"uv": [7.6875, 8.625, 7.875, 9.0625], "texture": "#voxels_atlas1"},
				"west": {"uv": [9.625, 13.1875, 9.6875, 13.625], "texture": "#voxels_atlas1"},
				"up": {"uv": [15.375, 14.25, 15.5625, 14.1875], "texture": "#voxels_atlas1"},
				"down": {"uv": [15, 14.1875, 15.1875, 14.25], "texture": "#voxels_atlas1"}
			}
		},
		{
			"name": "Voxels",
			"from": [10.75, 5.25, 11.75],
			"to": [11.25, 6.25, 12],
			"faces": {
				"north": {"uv": [9.5625, 8.1875, 9.4375, 8.4375], "texture": "#voxels_atlas1"},
				"east": {"uv": [7.9375, 13.1875, 7.875, 13.4375], "texture": "#voxels_atlas1"},
				"south": {"uv": [9.5625, 14.0625, 9.6875, 14.3125], "texture": "#voxels_atlas1"},
				"west": {"uv": [7.875, 9.1875, 7.9375, 9.4375], "texture": "#voxels_atlas1"},
				"up": {"uv": [9.5625, 10.625, 9.6875, 10.5625], "texture": "#voxels_atlas1"},
				"down": {"uv": [9.5625, 10.625, 9.6875, 10.6875], "texture": "#voxels_atlas1"}
			}
		},
		{
			"name": "Voxels",
			"from": [10.75, 6.25, 5.25],
			"to": [11.5, 7, 5.5],
			"faces": {
				"north": {"uv": [4.8125, 11.8125, 4.625, 12], "texture": "#voxels_atlas1"},
				"east": {"uv": [9.4375, 8.0625, 9.375, 8.25], "texture": "#voxels_atlas1"},
				"south": {"uv": [4.625, 10.375, 4.8125, 10.5625], "texture": "#voxels_atlas1"},
				"west": {"uv": [9.3125, 8, 9.375, 8.1875], "texture": "#voxels_atlas1"},
				"up": {"uv": [11.5625, 14.1875, 11.75, 14.125], "texture": "#voxels_atlas1"},
				"down": {"uv": [7.75, 9.125, 7.9375, 9.1875], "texture": "#voxels_atlas1"}
			}
		},
		{
			"name": "Voxels",
			"from": [10.75, 12.5, 6],
			"to": [11.5, 12.75, 11],
			"faces": {
				"north": {"uv": [10.4375, 14.125, 10.25, 14.1875], "texture": "#voxels_atlas1"},
				"east": {"uv": [13.3125, 14.375, 12.0625, 14.4375], "texture": "#voxels_atlas1"},
				"south": {"uv": [9.6875, 14.125, 9.875, 14.1875], "texture": "#voxels_atlas1"},
				"west": {"uv": [13.3125, 14.375, 14.5625, 14.4375], "texture": "#voxels_atlas1"},
				"up": {"uv": [7.125, 10.4375, 7.3125, 9.1875], "texture": "#voxels_atlas1"},
				"down": {"uv": [7.3125, 9.1875, 7.5, 10.4375], "texture": "#voxels_atlas1"}
			}
		},
		{
			"name": "Voxels",
			"from": [11, 5.25, 5.5],
			"to": [11.5, 7, 5.75],
			"faces": {
				"north": {"uv": [9.5625, 10.1875, 9.4375, 10.625], "texture": "#voxels_atlas1"},
				"east": {"uv": [7.9375, 10.4375, 7.875, 10.875], "texture": "#voxels_atlas1"},
				"south": {"uv": [9.4375, 9.75, 9.5625, 10.1875], "texture": "#voxels_atlas1"},
				"west": {"uv": [7.875, 8.625, 7.9375, 9.0625], "texture": "#voxels_atlas1"},
				"up": {"uv": [9.5625, 10.3125, 9.6875, 10.25], "texture": "#voxels_atlas1"},
				"down": {"uv": [9.5625, 10.3125, 9.6875, 10.375], "texture": "#voxels_atlas1"}
			}
		},
		{
			"name": "Voxels",
			"from": [11, 5.25, 11.25],
			"to": [11.5, 7, 11.5],
			"faces": {
				"north": {"uv": [9.5625, 9.3125, 9.4375, 9.75], "texture": "#voxels_atlas1"},
				"east": {"uv": [9.25, 8.0625, 9.1875, 8.5], "texture": "#voxels_atlas1"},
				"south": {"uv": [9.4375, 8.875, 9.5625, 9.3125], "texture": "#voxels_atlas1"},
				"west": {"uv": [9.125, 8.0625, 9.1875, 8.5], "texture": "#voxels_atlas1"},
				"up": {"uv": [9.5625, 10.125, 9.6875, 10.0625], "texture": "#voxels_atlas1"},
				"down": {"uv": [9.5625, 10.125, 9.6875, 10.1875], "texture": "#voxels_atlas1"}
			}
		},
		{
			"name": "Voxels",
			"from": [11, 12.75, 5.75],
			"to": [11.75, 13, 11.25],
			"faces": {
				"north": {"uv": [10.625, 14.125, 10.4375, 14.1875], "texture": "#voxels_atlas1"},
				"east": {"uv": [10.8125, 14.4375, 9.4375, 14.5], "texture": "#voxels_atlas1"},
				"south": {"uv": [10.8125, 14.125, 11, 14.1875], "texture": "#voxels_atlas1"},
				"west": {"uv": [10.8125, 14.4375, 12.1875, 14.5], "texture": "#voxels_atlas1"},
				"up": {"uv": [6.9375, 10.4375, 7.125, 9.0625], "texture": "#voxels_atlas1"},
				"down": {"uv": [4.625, 8.875, 4.8125, 10.25], "texture": "#voxels_atlas1"}
			}
		},
		{
			"name": "Voxels",
			"from": [11.25, 5.25, 5.25],
			"to": [11.5, 6.25, 5.5],
			"faces": {
				"north": {"uv": [9, 8, 8.9375, 8.25], "texture": "#voxels_atlas1"},
				"east": {"uv": [8.8125, 8, 8.75, 8.25], "texture": "#voxels_atlas1"},
				"south": {"uv": [8.875, 8, 8.9375, 8.25], "texture": "#voxels_atlas1"},
				"west": {"uv": [8.8125, 8, 8.875, 8.25], "texture": "#voxels_atlas1"},
				"up": {"uv": [9.5625, 9.0625, 9.625, 9], "texture": "#voxels_atlas1"},
				"down": {"uv": [9.625, 9.0625, 9.6875, 9.125], "texture": "#voxels_atlas1"}
			}
		},
		{
			"name": "Voxels",
			"from": [11.25, 6.25, 5.75],
			"to": [11.5, 7, 6],
			"faces": {
				"north": {"uv": [8.6875, 8, 8.625, 8.1875], "texture": "#voxels_atlas1"},
				"east": {"uv": [7.3125, 8, 7.25, 8.1875], "texture": "#voxels_atlas1"},
				"south": {"uv": [8.5625, 8, 8.625, 8.1875], "texture": "#voxels_atlas1"},
				"west": {"uv": [7.3125, 8, 7.375, 8.1875], "texture": "#voxels_atlas1"},
				"up": {"uv": [9.5625, 8.875, 9.625, 8.8125], "texture": "#voxels_atlas1"},
				"down": {"uv": [9.625, 8.875, 9.6875, 8.9375], "texture": "#voxels_atlas1"}
			}
		},
		{
			"name": "Voxels",
			"from": [11.25, 6.25, 11],
			"to": [11.5, 7, 11.25],
			"faces": {
				"north": {"uv": [7.25, 8, 7.1875, 8.1875], "texture": "#voxels_atlas1"},
				"east": {"uv": [4.875, 11.8125, 4.8125, 12], "texture": "#voxels_atlas1"},
				"south": {"uv": [4.5, 8.0625, 4.5625, 8.25], "texture": "#voxels_atlas1"},
				"west": {"uv": [4.8125, 10.375, 4.875, 10.5625], "texture": "#voxels_atlas1"},
				"up": {"uv": [9.5625, 8.6875, 9.625, 8.625], "texture": "#voxels_atlas1"},
				"down": {"uv": [9.625, 8.6875, 9.6875, 8.75], "texture": "#voxels_atlas1"}
			}
		},
		{
			"name": "Voxels",
			"from": [11.25, 6.5, 6],
			"to": [11.5, 7, 6.25],
			"faces": {
				"north": {"uv": [9.6875, 11.75, 9.625, 11.875], "texture": "#voxels_atlas1"},
				"east": {"uv": [9.625, 9.8125, 9.5625, 9.9375], "texture": "#voxels_atlas1"},
				"south": {"uv": [9.625, 11.625, 9.6875, 11.75], "texture": "#voxels_atlas1"},
				"west": {"uv": [9.625, 11.5, 9.6875, 11.625], "texture": "#voxels_atlas1"},
				"up": {"uv": [9.5625, 8.5, 9.625, 8.4375], "texture": "#voxels_atlas1"},
				"down": {"uv": [9.625, 8.5, 9.6875, 8.5625], "texture": "#voxels_atlas1"}
			}
		},
		{
			"name": "Voxels",
			"from": [11.25, 6.5, 10.75],
			"to": [11.5, 7, 11],
			"faces": {
				"north": {"uv": [9.6875, 9.8125, 9.625, 9.9375], "texture": "#voxels_atlas1"},
				"east": {"uv": [9.625, 9.5625, 9.5625, 9.6875], "texture": "#voxels_atlas1"},
				"south": {"uv": [9.5625, 9.6875, 9.625, 9.8125], "texture": "#voxels_atlas1"},
				"west": {"uv": [9.625, 9.6875, 9.6875, 9.8125], "texture": "#voxels_atlas1"},
				"up": {"uv": [9.5625, 8.3125, 9.625, 8.25], "texture": "#voxels_atlas1"},
				"down": {"uv": [9.625, 8.3125, 9.6875, 8.375], "texture": "#voxels_atlas1"}
			}
		},
		{
			"name": "Voxels",
			"from": [11.25, 6.75, 6.25],
			"to": [11.5, 7, 6.5],
			"faces": {
				"north": {"uv": [9.6875, 8.0625, 9.625, 8.125], "texture": "#voxels_atlas1"},
				"east": {"uv": [16, 14.1875, 15.9375, 14.25], "texture": "#voxels_atlas1"},
				"south": {"uv": [9.5625, 8, 9.625, 8.0625], "texture": "#voxels_atlas1"},
				"west": {"uv": [9.625, 8, 9.6875, 8.0625], "texture": "#voxels_atlas1"},
				"up": {"uv": [9.5625, 8.125, 9.625, 8.0625], "texture": "#voxels_atlas1"},
				"down": {"uv": [9.625, 8.125, 9.6875, 8.1875], "texture": "#voxels_atlas1"}
			}
		},
		{
			"name": "Voxels",
			"from": [11.25, 6.75, 10.5],
			"to": [11.5, 7, 10.75],
			"faces": {
				"north": {"uv": [12.3125, 14.125, 12.25, 14.1875], "texture": "#voxels_atlas1"},
				"east": {"uv": [12.5, 14.125, 12.4375, 14.1875], "texture": "#voxels_atlas1"},
				"south": {"uv": [12.3125, 14.125, 12.375, 14.1875], "texture": "#voxels_atlas1"},
				"west": {"uv": [12.375, 14.125, 12.4375, 14.1875], "texture": "#voxels_atlas1"},
				"up": {"uv": [12.1875, 14.1875, 12.25, 14.125], "texture": "#voxels_atlas1"},
				"down": {"uv": [12.125, 14.125, 12.1875, 14.1875], "texture": "#voxels_atlas1"}
			}
		},
		{
			"name": "Voxels",
			"from": [11.25, 13, 5.5],
			"to": [12, 13.5, 11.5],
			"faces": {
				"north": {"uv": [6.125, 9.0625, 5.9375, 9.1875], "texture": "#voxels_atlas1"},
				"east": {"uv": [14.8125, 15.1875, 13.3125, 15.3125], "texture": "#voxels_atlas1"},
				"south": {"uv": [5.75, 9.0625, 5.9375, 9.1875], "texture": "#voxels_atlas1"},
				"west": {"uv": [8.4375, 15.0625, 9.9375, 15.1875], "texture": "#voxels_atlas1"},
				"up": {"uv": [6.75, 10.4375, 6.9375, 8.9375], "texture": "#voxels_atlas1"},
				"down": {"uv": [6.5625, 8.9375, 6.75, 10.4375], "texture": "#voxels_atlas1"}
			}
		},
		{
			"name": "Voxels",
			"from": [11.5, 12.75, 11.25],
			"to": [11.75, 13, 11.75],
			"faces": {
				"north": {"uv": [13.0625, 14.125, 13, 14.1875], "texture": "#voxels_atlas1"},
				"east": {"uv": [7.8125, 9.4375, 7.6875, 9.5], "texture": "#voxels_atlas1"},
				"south": {"uv": [13.0625, 14.125, 13.125, 14.1875], "texture": "#voxels_atlas1"},
				"west": {"uv": [9.5625, 9.25, 9.6875, 9.3125], "texture": "#voxels_atlas1"},
				"up": {"uv": [9.5625, 9.4375, 9.625, 9.3125], "texture": "#voxels_atlas1"},
				"down": {"uv": [9.625, 9.5625, 9.6875, 9.6875], "texture": "#voxels_atlas1"}
			}
		},
		{
			"name": "Voxels",
			"from": [12, 13.25, 5.5],
			"to": [12.25, 13.5, 12.5],
			"faces": {
				"north": {"uv": [13.4375, 14.125, 13.375, 14.1875], "texture": "#voxels_atlas1"},
				"east": {"uv": [10.4375, 14.75, 8.6875, 14.8125], "texture": "#voxels_atlas1"},
				"south": {"uv": [13.4375, 14.125, 13.5, 14.1875], "texture": "#voxels_atlas1"},
				"west": {"uv": [12.125, 14.8125, 13.875, 14.875], "texture": "#voxels_atlas1"},
				"up": {"uv": [8.5625, 11.0625, 8.625, 9.3125], "texture": "#voxels_atlas1"},
				"down": {"uv": [8.625, 13.0625, 8.6875, 14.8125], "texture": "#voxels_atlas1"}
			}
		}
	],
	"display": {
		"thirdperson_righthand": {
			"rotation": [4, 85, 0],
			"translation": [0.0013, 2.0869, 2.0869],
			"scale": [0.7, 0.7, 0.7]
		},
		"thirdperson_lefthand": {
			"rotation": [66.75, -92, 0],
			"translation": [-5.564, 2.915, 22.847],
			"scale": [0.7, 0.7, 0.7]
		},
		"firstperson_righthand": {
			"rotation": [0, -122, 0],
			"translation": [-0.695, -0.695, -0.695]
		},
		"firstperson_lefthand": {
			"scale": [0.0001, 0.0001, 0.0001]
		},
		"gui": {
			"rotation": [16, -56, 2],
			"translation": [0.6956, -2.086, 0]
		},
		"head": {
			"scale": [0.0001, 0.0001, 0.0001]
		},
		"fixed": {
			"rotation": [0, 88, 0],
			"translation": [0, -2.086, -2.782]
		}
	}
}