{
	"credit": "Made with Blockbench",
	"textures": {
		"voxels_atlas": "blocks/10/voxels_atlas"
	},
	"elements": [
		{
			"name": "Voxels",
			"from": [-4, 7.6667, 12.3333],
			"to": [23, 8.00003, 12.66663],
			"faces": {
				"north": {"uv": [10.125, 15.625, 0, 15.75], "texture": "#voxels_atlas"},
				"east": {"uv": [8.875, 13.25, 8.75, 13.375], "texture": "#voxels_atlas"},
				"south": {"uv": [0, 15.5, 10.125, 15.625], "texture": "#voxels_atlas"},
				"west": {"uv": [8.75, 13.375, 8.875, 13.5], "texture": "#voxels_atlas"},
				"up": {"uv": [0, 15.875, 10.125, 15.75], "texture": "#voxels_atlas"},
				"down": {"uv": [0, 15.875, 10.125, 16], "texture": "#voxels_atlas"}
			}
		},
		{
			"name": "Voxels",
			"from": [-2.6667, 7.6667, 12],
			"to": [22.66663, 8.00003, 12.33333],
			"faces": {
				"north": {"uv": [9.5, 15.125, 0, 15.25], "texture": "#voxels_atlas"},
				"east": {"uv": [8.875, 13, 8.75, 13.125], "texture": "#voxels_atlas"},
				"south": {"uv": [0, 15, 9.5, 15.125], "texture": "#voxels_atlas"},
				"west": {"uv": [8.75, 13.125, 8.875, 13.25], "texture": "#voxels_atlas"},
				"up": {"uv": [0, 15.375, 9.5, 15.25], "texture": "#voxels_atlas"},
				"down": {"uv": [0, 15.375, 9.5, 15.5], "texture": "#voxels_atlas"}
			}
		},
		{
			"name": "Voxels",
			"from": [-2.6667, 7.6667, 12.6667],
			"to": [22.66663, 8.00003, 13.00003],
			"faces": {
				"north": {"uv": [9.5, 14.625, 0, 14.75], "texture": "#voxels_atlas"},
				"east": {"uv": [1.875, 9.625, 1.75, 9.75], "texture": "#voxels_atlas"},
				"south": {"uv": [0, 14.5, 9.5, 14.625], "texture": "#voxels_atlas"},
				"west": {"uv": [8.75, 12.875, 8.875, 13], "texture": "#voxels_atlas"},
				"up": {"uv": [0, 14.875, 9.5, 14.75], "texture": "#voxels_atlas"},
				"down": {"uv": [0, 14.875, 9.5, 15], "texture": "#voxels_atlas"}
			}
		},
		{
			"name": "Voxels",
			"from": [-2.3333, 7.3333, 12.3333],
			"to": [21.33337, 7.66663, 12.66663],
			"faces": {
				"north": {"uv": [8.875, 14.375, 0, 14.5], "texture": "#voxels_atlas"},
				"east": {"uv": [1.875, 9.375, 1.75, 9.5], "texture": "#voxels_atlas"},
				"south": {"uv": [0, 14.25, 8.875, 14.375], "texture": "#voxels_atlas"},
				"west": {"uv": [1.75, 9.5, 1.875, 9.625], "texture": "#voxels_atlas"},
				"up": {"uv": [0, 13.625, 8.875, 13.5], "texture": "#voxels_atlas"},
				"down": {"uv": [0, 13.625, 8.875, 13.75], "texture": "#voxels_atlas"}
			}
		},
		{
			"name": "Voxels",
			"from": [-2.3333, 8, 12.3333],
			"to": [21.33337, 8.33333, 12.66663],
			"faces": {
				"north": {"uv": [8.875, 14.125, 0, 14.25], "texture": "#voxels_atlas"},
				"east": {"uv": [1.875, 9.125, 1.75, 9.25], "texture": "#voxels_atlas"},
				"south": {"uv": [0, 14, 8.875, 14.125], "texture": "#voxels_atlas"},
				"west": {"uv": [1.75, 9.25, 1.875, 9.375], "texture": "#voxels_atlas"},
				"up": {"uv": [0, 13.875, 8.875, 13.75], "texture": "#voxels_atlas"},
				"down": {"uv": [0, 13.875, 8.875, 14], "texture": "#voxels_atlas"}
			}
		},
		{
			"name": "Voxels",
			"from": [-1, 7.6667, 11.6667],
			"to": [17, 8.00003, 12.00003],
			"faces": {
				"north": {"uv": [6.75, 12.875, 0, 13], "texture": "#voxels_atlas"},
				"east": {"uv": [1.875, 8.875, 1.75, 9], "texture": "#voxels_atlas"},
				"south": {"uv": [0, 12.625, 6.75, 12.75], "texture": "#voxels_atlas"},
				"west": {"uv": [1.75, 9, 1.875, 9.125], "texture": "#voxels_atlas"},
				"up": {"uv": [0, 13.125, 6.75, 13], "texture": "#voxels_atlas"},
				"down": {"uv": [0, 13.125, 6.75, 13.25], "texture": "#voxels_atlas"}
			}
		},
		{
			"name": "Voxels",
			"from": [-1, 7.6667, 13],
			"to": [17, 8.00003, 13.33333],
			"faces": {
				"north": {"uv": [6.75, 12.5, 0, 12.625], "texture": "#voxels_atlas"},
				"east": {"uv": [2.625, 11.375, 2.5, 11.5], "texture": "#voxels_atlas"},
				"south": {"uv": [0, 13.375, 6.75, 13.5], "texture": "#voxels_atlas"},
				"west": {"uv": [1.75, 8.75, 1.875, 8.875], "texture": "#voxels_atlas"},
				"up": {"uv": [0, 12.875, 6.75, 12.75], "texture": "#voxels_atlas"},
				"down": {"uv": [0, 13.25, 6.75, 13.375], "texture": "#voxels_atlas"}
			}
		},
		{
			"name": "Voxels",
			"from": [0.3333, 7.6667, 11.3333],
			"to": [16.3333, 8.00003, 11.66663],
			"faces": {
				"north": {"uv": [15.5, 14.5, 9.5, 14.625], "texture": "#voxels_atlas"},
				"east": {"uv": [2.625, 11.125, 2.5, 11.25], "texture": "#voxels_atlas"},
				"south": {"uv": [9.5, 15.375, 15.5, 15.5], "texture": "#voxels_atlas"},
				"west": {"uv": [2.5, 11.25, 2.625, 11.375], "texture": "#voxels_atlas"},
				"up": {"uv": [9.5, 14.75, 15.5, 14.625], "texture": "#voxels_atlas"},
				"down": {"uv": [9.5, 14.75, 15.5, 14.875], "texture": "#voxels_atlas"}
			}
		},
		{
			"name": "Voxels",
			"from": [0.3333, 7.6667, 13.3333],
			"to": [16.3333, 8.00003, 13.66663],
			"faces": {
				"north": {"uv": [15.5, 14.875, 9.5, 15], "texture": "#voxels_atlas"},
				"east": {"uv": [2.625, 10.875, 2.5, 11], "texture": "#voxels_atlas"},
				"south": {"uv": [9.5, 15.25, 15.5, 15.375], "texture": "#voxels_atlas"},
				"west": {"uv": [2.5, 11, 2.625, 11.125], "texture": "#voxels_atlas"},
				"up": {"uv": [9.5, 15.125, 15.5, 15], "texture": "#voxels_atlas"},
				"down": {"uv": [9.5, 15.125, 15.5, 15.25], "texture": "#voxels_atlas"}
			}
		},
		{
			"name": "Voxels",
			"from": [13, 7.3333, 10],
			"to": [15.33333, 8.3333, 10.33333],
			"faces": {
				"north": {"uv": [0.875, 12.125, 0, 12.5], "texture": "#voxels_atlas"},
				"east": {"uv": [3.125, 11.125, 3, 11.5], "texture": "#voxels_atlas"},
				"south": {"uv": [0, 11.75, 0.875, 12.125], "texture": "#voxels_atlas"},
				"west": {"uv": [2.625, 10.5, 2.75, 10.875], "texture": "#voxels_atlas"},
				"up": {"uv": [7.625, 12.875, 8.5, 12.75], "texture": "#voxels_atlas"},
				"down": {"uv": [6.75, 12.75, 7.625, 12.875], "texture": "#voxels_atlas"}
			}
		},
		{
			"name": "Voxels",
			"from": [13, 7.3333, 10.3333],
			"to": [13.33333, 8.3333, 10.66663],
			"faces": {
				"north": {"uv": [3, 11.125, 2.875, 11.5], "texture": "#voxels_atlas"},
				"east": {"uv": [2.875, 11.5, 2.75, 11.875], "texture": "#voxels_atlas"},
				"south": {"uv": [2.75, 11.125, 2.875, 11.5], "texture": "#voxels_atlas"},
				"west": {"uv": [2.875, 11.5, 3, 11.875], "texture": "#voxels_atlas"},
				"up": {"uv": [2.5, 10.125, 2.625, 10], "texture": "#voxels_atlas"},
				"down": {"uv": [2.5, 10.75, 2.625, 10.875], "texture": "#voxels_atlas"}
			}
		},
		{
			"name": "Voxels",
			"from": [13, 7.3333, 14.3333],
			"to": [13.33333, 8.3333, 14.99997],
			"faces": {
				"north": {"uv": [3.25, 11, 3.125, 11.375], "texture": "#voxels_atlas"},
				"east": {"uv": [0.875, 11, 0.625, 11.375], "texture": "#voxels_atlas"},
				"south": {"uv": [3.125, 11.75, 3.25, 12.125], "texture": "#voxels_atlas"},
				"west": {"uv": [0.625, 11.375, 0.875, 11.75], "texture": "#voxels_atlas"},
				"up": {"uv": [2.625, 8.25, 2.75, 8], "texture": "#voxels_atlas"},
				"down": {"uv": [1.75, 8, 1.875, 8.25], "texture": "#voxels_atlas"}
			}
		},
		{
			"name": "Voxels",
			"from": [13.3333, 7, 9.6667],
			"to": [13.66663, 8.66667, 10.00003],
			"faces": {
				"north": {"uv": [2.25, 10.125, 2.125, 10.75], "texture": "#voxels_atlas"},
				"east": {"uv": [2.625, 10.125, 2.5, 10.75], "texture": "#voxels_atlas"},
				"south": {"uv": [2.25, 10.125, 2.375, 10.75], "texture": "#voxels_atlas"},
				"west": {"uv": [2.375, 10.125, 2.5, 10.75], "texture": "#voxels_atlas"},
				"up": {"uv": [2.5, 9.875, 2.625, 9.75], "texture": "#voxels_atlas"},
				"down": {"uv": [2.5, 9.875, 2.625, 10], "texture": "#voxels_atlas"}
			}
		},
		{
			"name": "Voxels",
			"from": [13.3333, 7, 10],
			"to": [13.66663, 7.33333, 10.33333],
			"faces": {
				"north": {"uv": [2.625, 9.375, 2.5, 9.5], "texture": "#voxels_atlas"},
				"east": {"uv": [2.625, 9, 2.5, 9.125], "texture": "#voxels_atlas"},
				"south": {"uv": [2.5, 9.25, 2.625, 9.375], "texture": "#voxels_atlas"},
				"west": {"uv": [2.5, 9.125, 2.625, 9.25], "texture": "#voxels_atlas"},
				"up": {"uv": [2.5, 9.625, 2.625, 9.5], "texture": "#voxels_atlas"},
				"down": {"uv": [2.5, 9.625, 2.625, 9.75], "texture": "#voxels_atlas"}
			}
		},
		{
			"name": "Voxels",
			"from": [13.3333, 7, 12.3333],
			"to": [13.66663, 7.33333, 12.66663],
			"faces": {
				"north": {"uv": [2.625, 8.625, 2.5, 8.75], "texture": "#voxels_atlas"},
				"east": {"uv": [3.125, 11, 3, 11.125], "texture": "#voxels_atlas"},
				"south": {"uv": [2.5, 8.5, 2.625, 8.625], "texture": "#voxels_atlas"},
				"west": {"uv": [2.5, 8.375, 2.625, 8.5], "texture": "#voxels_atlas"},
				"up": {"uv": [2.5, 8.875, 2.625, 8.75], "texture": "#voxels_atlas"},
				"down": {"uv": [2.5, 8.875, 2.625, 9], "texture": "#voxels_atlas"}
			}
		},
		{
			"name": "Voxels",
			"from": [13.3333, 7, 14.6667],
			"to": [13.66663, 8.66667, 15.33337],
			"faces": {
				"north": {"uv": [2, 10.125, 1.875, 10.75], "texture": "#voxels_atlas"},
				"east": {"uv": [1.125, 10.375, 0.875, 11], "texture": "#voxels_atlas"},
				"south": {"uv": [2, 10.125, 2.125, 10.75], "texture": "#voxels_atlas"},
				"west": {"uv": [0.875, 9.75, 1.125, 10.375], "texture": "#voxels_atlas"},
				"up": {"uv": [3.125, 10.75, 3.25, 10.5], "texture": "#voxels_atlas"},
				"down": {"uv": [3.125, 10.75, 3.25, 11], "texture": "#voxels_atlas"}
			}
		},
		{
			"name": "Voxels",
			"from": [13.3333, 7.3333, 9.3333],
			"to": [14.3333, 8.3333, 9.66663],
			"faces": {
				"north": {"uv": [0.875, 8.75, 0.5, 9.125], "texture": "#voxels_atlas"},
				"east": {"uv": [2.75, 10.125, 2.625, 10.5], "texture": "#voxels_atlas"},
				"south": {"uv": [0.5, 9.125, 0.875, 9.5], "texture": "#voxels_atlas"},
				"west": {"uv": [3.125, 11.375, 3.25, 11.75], "texture": "#voxels_atlas"},
				"up": {"uv": [2.75, 9.625, 3.125, 9.5], "texture": "#voxels_atlas"},
				"down": {"uv": [2.625, 8.875, 3, 9], "texture": "#voxels_atlas"}
			}
		},
		{
			"name": "Voxels",
			"from": [13.3333, 7.3333, 12],
			"to": [16.66663, 7.66663, 12.33333],
			"faces": {
				"north": {"uv": [11.375, 15.875, 10.125, 16], "texture": "#voxels_atlas"},
				"east": {"uv": [3.125, 10, 3, 10.125], "texture": "#voxels_atlas"},
				"south": {"uv": [13.875, 15.75, 15.125, 15.875], "texture": "#voxels_atlas"},
				"west": {"uv": [3, 10.875, 3.125, 11], "texture": "#voxels_atlas"},
				"up": {"uv": [11.375, 15.875, 12.625, 15.75], "texture": "#voxels_atlas"},
				"down": {"uv": [13.875, 15.5, 15.125, 15.625], "texture": "#voxels_atlas"}
			}
		},
		{
			"name": "Voxels",
			"from": [13.3333, 7.3333, 12.6667],
			"to": [16.66663, 7.66663, 13.00003],
			"faces": {
				"north": {"uv": [12.625, 15.625, 11.375, 15.75], "texture": "#voxels_atlas"},
				"east": {"uv": [3.125, 9, 3, 9.125], "texture": "#voxels_atlas"},
				"south": {"uv": [12.625, 15.625, 13.875, 15.75], "texture": "#voxels_atlas"},
				"west": {"uv": [3, 9.875, 3.125, 10], "texture": "#voxels_atlas"},
				"up": {"uv": [10.125, 15.75, 11.375, 15.625], "texture": "#voxels_atlas"},
				"down": {"uv": [12.625, 15.875, 13.875, 16], "texture": "#voxels_atlas"}
			}
		},
		{
			"name": "Voxels",
			"from": [13.3333, 7.3333, 15.3333],
			"to": [14.3333, 8.3333, 15.66663],
			"faces": {
				"north": {"uv": [0.875, 9.875, 0.5, 10.25], "texture": "#voxels_atlas"},
				"east": {"uv": [2.75, 9.125, 2.625, 9.5], "texture": "#voxels_atlas"},
				"south": {"uv": [0.5, 9.5, 0.875, 9.875], "texture": "#voxels_atlas"},
				"west": {"uv": [2.625, 9.5, 2.75, 9.875], "texture": "#voxels_atlas"},
				"up": {"uv": [8.5, 12.625, 8.875, 12.5], "texture": "#voxels_atlas"},
				"down": {"uv": [2.75, 9.625, 3.125, 9.75], "texture": "#voxels_atlas"}
			}
		},
		{
			"name": "Voxels",
			"from": [13.3333, 7.6667, 10.3333],
			"to": [15.66663, 8.00003, 10.66663],
			"faces": {
				"north": {"uv": [16, 15.75, 15.125, 15.875], "texture": "#voxels_atlas"},
				"east": {"uv": [3.125, 8.875, 3, 9], "texture": "#voxels_atlas"},
				"south": {"uv": [15.125, 15.875, 16, 16], "texture": "#voxels_atlas"},
				"west": {"uv": [4.5, 8.75, 4.625, 8.875], "texture": "#voxels_atlas"},
				"up": {"uv": [15.125, 15.75, 16, 15.625], "texture": "#voxels_atlas"},
				"down": {"uv": [6.75, 12.5, 7.625, 12.625], "texture": "#voxels_atlas"}
			}
		},
		{
			"name": "Voxels",
			"from": [13.3333, 7.6667, 14.3333],
			"to": [15.66663, 8.00003, 14.66663],
			"faces": {
				"north": {"uv": [8.5, 12.5, 7.625, 12.625], "texture": "#voxels_atlas"},
				"east": {"uv": [3.125, 8.625, 3, 8.75], "texture": "#voxels_atlas"},
				"south": {"uv": [15.125, 15.5, 16, 15.625], "texture": "#voxels_atlas"},
				"west": {"uv": [3, 8.75, 3.125, 8.875], "texture": "#voxels_atlas"},
				"up": {"uv": [7.625, 12.75, 8.5, 12.625], "texture": "#voxels_atlas"},
				"down": {"uv": [6.75, 12.625, 7.625, 12.75], "texture": "#voxels_atlas"}
			}
		},
		{
			"name": "Voxels",
			"from": [13.3333, 8, 12],
			"to": [16.66663, 8.33333, 12.33333],
			"faces": {
				"north": {"uv": [11.375, 15.75, 10.125, 15.875], "texture": "#voxels_atlas"},
				"east": {"uv": [3.625, 11.125, 3.5, 11.25], "texture": "#voxels_atlas"},
				"south": {"uv": [13.875, 15.875, 15.125, 16], "texture": "#voxels_atlas"},
				"west": {"uv": [3.5, 11.25, 3.625, 11.375], "texture": "#voxels_atlas"},
				"up": {"uv": [13.875, 15.75, 15.125, 15.625], "texture": "#voxels_atlas"},
				"down": {"uv": [12.625, 15.75, 13.875, 15.875], "texture": "#voxels_atlas"}
			}
		},
		{
			"name": "Voxels",
			"from": [13.3333, 8, 12.6667],
			"to": [16.66663, 8.33333, 13.00003],
			"faces": {
				"north": {"uv": [12.625, 15.5, 11.375, 15.625], "texture": "#voxels_atlas"},
				"east": {"uv": [3.625, 10.875, 3.5, 11], "texture": "#voxels_atlas"},
				"south": {"uv": [10.125, 15.5, 11.375, 15.625], "texture": "#voxels_atlas"},
				"west": {"uv": [3.5, 11, 3.625, 11.125], "texture": "#voxels_atlas"},
				"up": {"uv": [11.375, 16, 12.625, 15.875], "texture": "#voxels_atlas"},
				"down": {"uv": [12.625, 15.5, 13.875, 15.625], "texture": "#voxels_atlas"}
			}
		},
		{
			"name": "Voxels",
			"from": [13.3333, 8.3333, 10],
			"to": [13.66663, 8.66663, 10.33333],
			"faces": {
				"north": {"uv": [3.625, 10.5, 3.5, 10.625], "texture": "#voxels_atlas"},
				"east": {"uv": [3.625, 10.125, 3.5, 10.25], "texture": "#voxels_atlas"},
				"south": {"uv": [3.5, 10.375, 3.625, 10.5], "texture": "#voxels_atlas"},
				"west": {"uv": [3.5, 10.25, 3.625, 10.375], "texture": "#voxels_atlas"},
				"up": {"uv": [3.5, 10.75, 3.625, 10.625], "texture": "#voxels_atlas"},
				"down": {"uv": [3.5, 10.75, 3.625, 10.875], "texture": "#voxels_atlas"}
			}
		},
		{
			"name": "Voxels",
			"from": [13.3333, 8.3333, 12.3333],
			"to": [13.66663, 8.66663, 12.66663],
			"faces": {
				"north": {"uv": [3.625, 9.75, 3.5, 9.875], "texture": "#voxels_atlas"},
				"east": {"uv": [3.625, 9.375, 3.5, 9.5], "texture": "#voxels_atlas"},
				"south": {"uv": [3.5, 9.625, 3.625, 9.75], "texture": "#voxels_atlas"},
				"west": {"uv": [3.5, 9.5, 3.625, 9.625], "texture": "#voxels_atlas"},
				"up": {"uv": [3.5, 10, 3.625, 9.875], "texture": "#voxels_atlas"},
				"down": {"uv": [3.5, 10, 3.625, 10.125], "texture": "#voxels_atlas"}
			}
		},
		{
			"name": "Voxels",
			"from": [13.6667, 7, 11.6667],
			"to": [14.33337, 7.66667, 12.00003],
			"faces": {
				"north": {"uv": [0.875, 10.75, 0.625, 11], "texture": "#voxels_atlas"},
				"east": {"uv": [3.875, 11.625, 3.75, 11.875], "texture": "#voxels_atlas"},
				"south": {"uv": [0.625, 10.375, 0.875, 10.625], "texture": "#voxels_atlas"},
				"west": {"uv": [3.625, 11.625, 3.75, 11.875], "texture": "#voxels_atlas"},
				"up": {"uv": [3.625, 12, 3.875, 11.875], "texture": "#voxels_atlas"},
				"down": {"uv": [3.625, 12, 3.875, 12.125], "texture": "#voxels_atlas"}
			}
		},
		{
			"name": "Voxels",
			"from": [13.6667, 7, 12],
			"to": [14.00003, 7.33333, 12.33333],
			"faces": {
				"north": {"uv": [3.625, 9, 3.5, 9.125], "texture": "#voxels_atlas"},
				"east": {"uv": [3.625, 8.625, 3.5, 8.75], "texture": "#voxels_atlas"},
				"south": {"uv": [3.5, 8.875, 3.625, 9], "texture": "#voxels_atlas"},
				"west": {"uv": [3.5, 8.75, 3.625, 8.875], "texture": "#voxels_atlas"},
				"up": {"uv": [3.5, 9.25, 3.625, 9.125], "texture": "#voxels_atlas"},
				"down": {"uv": [3.5, 9.25, 3.625, 9.375], "texture": "#voxels_atlas"}
			}
		},
		{
			"name": "Voxels",
			"from": [13.6667, 7, 12.6667],
			"to": [14.00003, 7.33333, 13.33337],
			"faces": {
				"north": {"uv": [3.625, 8.5, 3.5, 8.625], "texture": "#voxels_atlas"},
				"east": {"uv": [3.875, 10.125, 3.625, 10.25], "texture": "#voxels_atlas"},
				"south": {"uv": [3.5, 8.375, 3.625, 8.5], "texture": "#voxels_atlas"},
				"west": {"uv": [3.625, 10.25, 3.875, 10.375], "texture": "#voxels_atlas"},
				"up": {"uv": [3.75, 10.875, 3.875, 10.625], "texture": "#voxels_atlas"},
				"down": {"uv": [3.625, 10.625, 3.75, 10.875], "texture": "#voxels_atlas"}
			}
		},
		{
			"name": "Voxels",
			"from": [13.6667, 7.3333, 9.6667],
			"to": [15.00003, 8.3333, 10.00003],
			"faces": {
				"north": {"uv": [0.5, 9.5, 0, 9.875], "texture": "#voxels_atlas"},
				"east": {"uv": [2.75, 11.125, 2.625, 11.5], "texture": "#voxels_atlas"},
				"south": {"uv": [0, 9.125, 0.5, 9.5], "texture": "#voxels_atlas"},
				"west": {"uv": [3, 11.5, 3.125, 11.875], "texture": "#voxels_atlas"},
				"up": {"uv": [15.5, 15.375, 16, 15.25], "texture": "#voxels_atlas"},
				"down": {"uv": [15.5, 15.375, 16, 15.5], "texture": "#voxels_atlas"}
			}
		},
		{
			"name": "Voxels",
			"from": [13.6667, 7.3333, 10.3333],
			"to": [15.33337, 7.66663, 10.66663],
			"faces": {
				"north": {"uv": [2.5, 11.25, 1.875, 11.375], "texture": "#voxels_atlas"},
				"east": {"uv": [3.625, 8.125, 3.5, 8.25], "texture": "#voxels_atlas"},
				"south": {"uv": [1.875, 11.125, 2.5, 11.25], "texture": "#voxels_atlas"},
				"west": {"uv": [3.5, 8.25, 3.625, 8.375], "texture": "#voxels_atlas"},
				"up": {"uv": [1.875, 11.5, 2.5, 11.375], "texture": "#voxels_atlas"},
				"down": {"uv": [1.875, 8.375, 2.5, 8.5], "texture": "#voxels_atlas"}
			}
		},
		{
			"name": "Voxels",
			"from": [13.6667, 7.3333, 11.3333],
			"to": [16.33337, 7.66663, 11.66663],
			"faces": {
				"north": {"uv": [7.75, 13.25, 6.75, 13.375], "texture": "#voxels_atlas"},
				"east": {"uv": [8.875, 12.375, 8.75, 12.5], "texture": "#voxels_atlas"},
				"south": {"uv": [7.75, 13.25, 8.75, 13.375], "texture": "#voxels_atlas"},
				"west": {"uv": [3.5, 8, 3.625, 8.125], "texture": "#voxels_atlas"},
				"up": {"uv": [7.75, 13.5, 8.75, 13.375], "texture": "#voxels_atlas"},
				"down": {"uv": [6.75, 13.375, 7.75, 13.5], "texture": "#voxels_atlas"}
			}
		},
		{
			"name": "Voxels",
			"from": [13.6667, 7.3333, 13],
			"to": [16.33337, 7.66663, 13.66667],
			"faces": {
				"north": {"uv": [8.75, 13.125, 7.75, 13.25], "texture": "#voxels_atlas"},
				"east": {"uv": [3.875, 9.375, 3.625, 9.5], "texture": "#voxels_atlas"},
				"south": {"uv": [6.75, 13, 7.75, 13.125], "texture": "#voxels_atlas"},
				"west": {"uv": [3.625, 9.5, 3.875, 9.625], "texture": "#voxels_atlas"},
				"up": {"uv": [0.875, 11.25, 1.875, 11], "texture": "#voxels_atlas"},
				"down": {"uv": [0.875, 11.25, 1.875, 11.5], "texture": "#voxels_atlas"}
			}
		},
		{
			"name": "Voxels",
			"from": [13.6667, 7.3333, 14.3333],
			"to": [15.33337, 7.66663, 14.99997],
			"faces": {
				"north": {"uv": [2.5, 9.5, 1.875, 9.625], "texture": "#voxels_atlas"},
				"east": {"uv": [3.875, 9.125, 3.625, 9.25], "texture": "#voxels_atlas"},
				"south": {"uv": [1.875, 9.375, 2.5, 9.5], "texture": "#voxels_atlas"},
				"west": {"uv": [3.625, 9.25, 3.875, 9.375], "texture": "#voxels_atlas"},
				"up": {"uv": [0, 8.25, 0.625, 8], "texture": "#voxels_atlas"},
				"down": {"uv": [1.125, 10.75, 1.75, 11], "texture": "#voxels_atlas"}
			}
		},
		{
			"name": "Voxels",
			"from": [13.6667, 7.3333, 15],
			"to": [15.00003, 8.3333, 15.33333],
			"faces": {
				"north": {"uv": [0.5, 8.75, 0, 9.125], "texture": "#voxels_atlas"},
				"east": {"uv": [2.75, 8.25, 2.625, 8.625], "texture": "#voxels_atlas"},
				"south": {"uv": [0, 9.875, 0.5, 10.25], "texture": "#voxels_atlas"},
				"west": {"uv": [3, 9.125, 3.125, 9.5], "texture": "#voxels_atlas"},
				"up": {"uv": [15.5, 14.75, 16, 14.625], "texture": "#voxels_atlas"},
				"down": {"uv": [15.5, 14.75, 16, 14.875], "texture": "#voxels_atlas"}
			}
		},
		{
			"name": "Voxels",
			"from": [13.6667, 7.6667, 9],
			"to": [14.33337, 8.00003, 9.33333],
			"faces": {
				"north": {"uv": [3.875, 8.75, 3.625, 8.875], "texture": "#voxels_atlas"},
				"east": {"uv": [4.375, 8.125, 4.25, 8.25], "texture": "#voxels_atlas"},
				"south": {"uv": [3.625, 8.625, 3.875, 8.75], "texture": "#voxels_atlas"},
				"west": {"uv": [4.25, 8.25, 4.375, 8.375], "texture": "#voxels_atlas"},
				"up": {"uv": [3.625, 9, 3.875, 8.875], "texture": "#voxels_atlas"},
				"down": {"uv": [3.625, 9, 3.875, 9.125], "texture": "#voxels_atlas"}
			}
		},
		{
			"name": "Voxels",
			"from": [13.6667, 7.6667, 11],
			"to": [16.00003, 8.00003, 11.33333],
			"faces": {
				"north": {"uv": [1.75, 9.375, 0.875, 9.5], "texture": "#voxels_atlas"},
				"east": {"uv": [4.5, 9.125, 4.375, 9.25], "texture": "#voxels_atlas"},
				"south": {"uv": [0.875, 9.25, 1.75, 9.375], "texture": "#voxels_atlas"},
				"west": {"uv": [4.25, 8, 4.375, 8.125], "texture": "#voxels_atlas"},
				"up": {"uv": [0.875, 9.625, 1.75, 9.5], "texture": "#voxels_atlas"},
				"down": {"uv": [0.875, 9.625, 1.75, 9.75], "texture": "#voxels_atlas"}
			}
		},
		{
			"name": "Voxels",
			"from": [13.6667, 7.6667, 13.6667],
			"to": [16.00003, 8.00003, 14.00003],
			"faces": {
				"north": {"uv": [1.75, 8.875, 0.875, 9], "texture": "#voxels_atlas"},
				"east": {"uv": [4.5, 9, 4.375, 9.125], "texture": "#voxels_atlas"},
				"south": {"uv": [0.875, 8.75, 1.75, 8.875], "texture": "#voxels_atlas"},
				"west": {"uv": [4.5, 9.125, 4.625, 9.25], "texture": "#voxels_atlas"},
				"up": {"uv": [0.875, 9.125, 1.75, 9], "texture": "#voxels_atlas"},
				"down": {"uv": [0.875, 9.125, 1.75, 9.25], "texture": "#voxels_atlas"}
			}
		},
		{
			"name": "Voxels",
			"from": [13.6667, 7.6667, 14.6667],
			"to": [15.33337, 8.33337, 15.00003],
			"faces": {
				"north": {"uv": [0.625, 8.5, 0, 8.75], "texture": "#voxels_atlas"},
				"east": {"uv": [4, 11.5, 3.875, 11.75], "texture": "#voxels_atlas"},
				"south": {"uv": [0, 8.25, 0.625, 8.5], "texture": "#voxels_atlas"},
				"west": {"uv": [3.875, 11.75, 4, 12], "texture": "#voxels_atlas"},
				"up": {"uv": [1.875, 9.375, 2.5, 9.25], "texture": "#voxels_atlas"},
				"down": {"uv": [1.875, 9.625, 2.5, 9.75], "texture": "#voxels_atlas"}
			}
		},
		{
			"name": "Voxels",
			"from": [13.6667, 7.6667, 15.6667],
			"to": [14.33337, 8.00003, 16.00003],
			"faces": {
				"north": {"uv": [4.25, 12.25, 4, 12.375], "texture": "#voxels_atlas"},
				"east": {"uv": [4.5, 8.875, 4.375, 9], "texture": "#voxels_atlas"},
				"south": {"uv": [4, 12.125, 4.25, 12.25], "texture": "#voxels_atlas"},
				"west": {"uv": [4.5, 9, 4.625, 9.125], "texture": "#voxels_atlas"},
				"up": {"uv": [4, 12.5, 4.25, 12.375], "texture": "#voxels_atlas"},
				"down": {"uv": [3.625, 8, 3.875, 8.125], "texture": "#voxels_atlas"}
			}
		},
		{
			"name": "Voxels",
			"from": [13.6667, 8, 10.3333],
			"to": [15.33337, 8.33333, 10.66663],
			"faces": {
				"north": {"uv": [2.5, 8.75, 1.875, 8.875], "texture": "#voxels_atlas"},
				"east": {"uv": [4.5, 8.75, 4.375, 8.875], "texture": "#voxels_atlas"},
				"south": {"uv": [1.875, 8.625, 2.5, 8.75], "texture": "#voxels_atlas"},
				"west": {"uv": [4.5, 8.875, 4.625, 9], "texture": "#voxels_atlas"},
				"up": {"uv": [1.875, 9, 2.5, 8.875], "texture": "#voxels_atlas"},
				"down": {"uv": [1.875, 9, 2.5, 9.125], "texture": "#voxels_atlas"}
			}
		},
		{
			"name": "Voxels",
			"from": [13.6667, 8, 11.3333],
			"to": [16.33337, 8.33333, 11.99997],
			"faces": {
				"north": {"uv": [8.75, 13, 7.75, 13.125], "texture": "#voxels_atlas"},
				"east": {"uv": [4.25, 11.625, 4, 11.75], "texture": "#voxels_atlas"},
				"south": {"uv": [6.75, 13.125, 7.75, 13.25], "texture": "#voxels_atlas"},
				"west": {"uv": [4, 11.75, 4.25, 11.875], "texture": "#voxels_atlas"},
				"up": {"uv": [0.875, 12.5, 1.875, 12.25], "texture": "#voxels_atlas"},
				"down": {"uv": [0.875, 11.75, 1.875, 12], "texture": "#voxels_atlas"}
			}
		},
		{
			"name": "Voxels",
			"from": [13.6667, 8, 13],
			"to": [16.33337, 8.33333, 13.66667],
			"faces": {
				"north": {"uv": [7.75, 12.875, 6.75, 13], "texture": "#voxels_atlas"},
				"east": {"uv": [4.25, 11.375, 4, 11.5], "texture": "#voxels_atlas"},
				"south": {"uv": [7.75, 12.875, 8.75, 13], "texture": "#voxels_atlas"},
				"west": {"uv": [4, 11.5, 4.25, 11.625], "texture": "#voxels_atlas"},
				"up": {"uv": [0.875, 12.25, 1.875, 12], "texture": "#voxels_atlas"},
				"down": {"uv": [0.875, 11.5, 1.875, 11.75], "texture": "#voxels_atlas"}
			}
		},
		{
			"name": "Voxels",
			"from": [13.6667, 8, 14.3333],
			"to": [15.33337, 8.33333, 14.66663],
			"faces": {
				"north": {"uv": [2.5, 10, 1.875, 10.125], "texture": "#voxels_atlas"},
				"east": {"uv": [4.625, 8.625, 4.5, 8.75], "texture": "#voxels_atlas"},
				"south": {"uv": [1.875, 10.75, 2.5, 10.875], "texture": "#voxels_atlas"},
				"west": {"uv": [4.375, 8.625, 4.5, 8.75], "texture": "#voxels_atlas"},
				"up": {"uv": [1.875, 11, 2.5, 10.875], "texture": "#voxels_atlas"},
				"down": {"uv": [1.875, 11, 2.5, 11.125], "texture": "#voxels_atlas"}
			}
		},
		{
			"name": "Voxels",
			"from": [13.6667, 8.3333, 11.6667],
			"to": [14.33337, 8.66663, 12.00003],
			"faces": {
				"north": {"uv": [4.25, 10.875, 4, 11], "texture": "#voxels_atlas"},
				"east": {"uv": [4.625, 8.5, 4.5, 8.625], "texture": "#voxels_atlas"},
				"south": {"uv": [4, 10.75, 4.25, 10.875], "texture": "#voxels_atlas"},
				"west": {"uv": [4.375, 8.5, 4.5, 8.625], "texture": "#voxels_atlas"},
				"up": {"uv": [4, 11.125, 4.25, 11], "texture": "#voxels_atlas"},
				"down": {"uv": [4, 11.125, 4.25, 11.25], "texture": "#voxels_atlas"}
			}
		},
		{
			"name": "Voxels",
			"from": [13.6667, 8.3333, 12],
			"to": [14.00003, 8.66663, 12.33333],
			"faces": {
				"north": {"uv": [4.5, 8.25, 4.375, 8.375], "texture": "#voxels_atlas"},
				"east": {"uv": [4.625, 8.125, 4.5, 8.25], "texture": "#voxels_atlas"},
				"south": {"uv": [4.5, 8.25, 4.625, 8.375], "texture": "#voxels_atlas"},
				"west": {"uv": [4.375, 8.125, 4.5, 8.25], "texture": "#voxels_atlas"},
				"up": {"uv": [4.5, 8.5, 4.625, 8.375], "texture": "#voxels_atlas"},
				"down": {"uv": [4.375, 8.375, 4.5, 8.5], "texture": "#voxels_atlas"}
			}
		},
		{
			"name": "Voxels",
			"from": [13.6667, 8.3333, 12.6667],
			"to": [14.00003, 8.66663, 13.33337],
			"faces": {
				"north": {"uv": [4.5, 8, 4.375, 8.125], "texture": "#voxels_atlas"},
				"east": {"uv": [4.25, 9.5, 4, 9.625], "texture": "#voxels_atlas"},
				"south": {"uv": [4.5, 8, 4.625, 8.125], "texture": "#voxels_atlas"},
				"west": {"uv": [4, 9.625, 4.25, 9.75], "texture": "#voxels_atlas"},
				"up": {"uv": [3.875, 9.75, 4, 9.5], "texture": "#voxels_atlas"},
				"down": {"uv": [3.875, 9.75, 4, 10], "texture": "#voxels_atlas"}
			}
		},
		{
			"name": "Voxels",
			"from": [14, 6.6667, 11.6667],
			"to": [14.33333, 7.00003, 12.00003],
			"faces": {
				"north": {"uv": [5, 12.125, 4.875, 12.25], "texture": "#voxels_atlas"},
				"east": {"uv": [5.375, 12.125, 5.25, 12.25], "texture": "#voxels_atlas"},
				"south": {"uv": [5, 12.125, 5.125, 12.25], "texture": "#voxels_atlas"},
				"west": {"uv": [5.125, 12.125, 5.25, 12.25], "texture": "#voxels_atlas"},
				"up": {"uv": [4.75, 12.25, 4.875, 12.125], "texture": "#voxels_atlas"},
				"down": {"uv": [4.625, 12.125, 4.75, 12.25], "texture": "#voxels_atlas"}
			}
		},
		{
			"name": "Voxels",
			"from": [14, 6.6667, 13],
			"to": [14.33333, 7.33337, 13.33333],
			"faces": {
				"north": {"uv": [4, 8.5, 3.875, 8.75], "texture": "#voxels_atlas"},
				"east": {"uv": [4.125, 8.625, 4, 8.875], "texture": "#voxels_atlas"},
				"south": {"uv": [3.875, 8.25, 4, 8.5], "texture": "#voxels_atlas"},
				"west": {"uv": [3.875, 8, 4, 8.25], "texture": "#voxels_atlas"},
				"up": {"uv": [5.5, 12.25, 5.625, 12.125], "texture": "#voxels_atlas"},
				"down": {"uv": [5.375, 12.125, 5.5, 12.25], "texture": "#voxels_atlas"}
			}
		},
		{
			"name": "Voxels",
			"from": [14, 7, 9.3333],
			"to": [14.33333, 7.33333, 9.99997],
			"faces": {
				"north": {"uv": [5.75, 12.125, 5.625, 12.25], "texture": "#voxels_atlas"},
				"east": {"uv": [4.5, 12.375, 4.25, 12.5], "texture": "#voxels_atlas"},
				"south": {"uv": [5.75, 12.125, 5.875, 12.25], "texture": "#voxels_atlas"},
				"west": {"uv": [4, 8, 4.25, 8.125], "texture": "#voxels_atlas"},
				"up": {"uv": [4, 8.625, 4.125, 8.375], "texture": "#voxels_atlas"},
				"down": {"uv": [4.125, 8.625, 4.25, 8.875], "texture": "#voxels_atlas"}
			}
		},
		{
			"name": "Voxels",
			"from": [14, 7, 11.3333],
			"to": [15, 7.33333, 11.66663],
			"faces": {
				"north": {"uv": [3.625, 11.375, 3.25, 11.5], "texture": "#voxels_atlas"},
				"east": {"uv": [6.125, 12.125, 6, 12.25], "texture": "#voxels_atlas"},
				"south": {"uv": [3.25, 11.875, 3.625, 12], "texture": "#voxels_atlas"},
				"west": {"uv": [5.875, 12.125, 6, 12.25], "texture": "#voxels_atlas"},
				"up": {"uv": [3.25, 12.125, 3.625, 12], "texture": "#voxels_atlas"},
				"down": {"uv": [3.25, 12.125, 3.625, 12.25], "texture": "#voxels_atlas"}
			}
		},
		{
			"name": "Voxels",
			"from": [14, 7, 12.3333],
			"to": [15, 7.33333, 12.66663],
			"faces": {
				"north": {"uv": [3.125, 10.5, 2.75, 10.625], "texture": "#voxels_atlas"},
				"east": {"uv": [6.375, 12.125, 6.25, 12.25], "texture": "#voxels_atlas"},
				"south": {"uv": [2.625, 9.875, 3, 10], "texture": "#voxels_atlas"},
				"west": {"uv": [6.125, 12.125, 6.25, 12.25], "texture": "#voxels_atlas"},
				"up": {"uv": [2.75, 10.75, 3.125, 10.625], "texture": "#voxels_atlas"},
				"down": {"uv": [2.625, 10.875, 3, 11], "texture": "#voxels_atlas"}
			}
		},
		{
			"name": "Voxels",
			"from": [14, 7, 13.3333],
			"to": [15, 7.33333, 13.66663],
			"faces": {
				"north": {"uv": [3.125, 8.375, 2.75, 8.5], "texture": "#voxels_atlas"},
				"east": {"uv": [6.625, 12.125, 6.5, 12.25], "texture": "#voxels_atlas"},
				"south": {"uv": [2.75, 8.25, 3.125, 8.375], "texture": "#voxels_atlas"},
				"west": {"uv": [6.375, 12.125, 6.5, 12.25], "texture": "#voxels_atlas"},
				"up": {"uv": [2.75, 8.625, 3.125, 8.5], "texture": "#voxels_atlas"},
				"down": {"uv": [2.625, 9, 3, 9.125], "texture": "#voxels_atlas"}
			}
		},
		{
			"name": "Voxels",
			"from": [14, 7, 15],
			"to": [14.33333, 7.33333, 15.66667],
			"faces": {
				"north": {"uv": [6.75, 12.125, 6.625, 12.25], "texture": "#voxels_atlas"},
				"east": {"uv": [6, 12.375, 5.75, 12.5], "texture": "#voxels_atlas"},
				"south": {"uv": [6.75, 12.125, 6.875, 12.25], "texture": "#voxels_atlas"},
				"west": {"uv": [5.5, 12.375, 5.75, 12.5], "texture": "#voxels_atlas"},
				"up": {"uv": [4.25, 11.625, 4.375, 11.375], "texture": "#voxels_atlas"},
				"down": {"uv": [4.25, 11.625, 4.375, 11.875], "texture": "#voxels_atlas"}
			}
		},
		{
			"name": "Voxels",
			"from": [14, 7.3333, 9],
			"to": [14.33333, 7.66663, 9.33333],
			"faces": {
				"north": {"uv": [7.25, 12.125, 7.125, 12.25], "texture": "#voxels_atlas"},
				"east": {"uv": [7.625, 12.125, 7.5, 12.25], "texture": "#voxels_atlas"},
				"south": {"uv": [7.25, 12.125, 7.375, 12.25], "texture": "#voxels_atlas"},
				"west": {"uv": [7.375, 12.125, 7.5, 12.25], "texture": "#voxels_atlas"},
				"up": {"uv": [7, 12.25, 7.125, 12.125], "texture": "#voxels_atlas"},
				"down": {"uv": [6.875, 12.125, 7, 12.25], "texture": "#voxels_atlas"}
			}
		},
		{
			"name": "Voxels",
			"from": [14, 7.3333, 10.6667],
			"to": [15.66667, 8.3333, 11.00003],
			"faces": {
				"north": {"uv": [0.625, 11.375, 0, 11.75], "texture": "#voxels_atlas"},
				"east": {"uv": [2.75, 11.5, 2.625, 11.875], "texture": "#voxels_atlas"},
				"south": {"uv": [0, 10.625, 0.625, 11], "texture": "#voxels_atlas"},
				"west": {"uv": [3.125, 12.125, 3.25, 12.5], "texture": "#voxels_atlas"},
				"up": {"uv": [1.875, 8.625, 2.5, 8.5], "texture": "#voxels_atlas"},
				"down": {"uv": [1.875, 9.125, 2.5, 9.25], "texture": "#voxels_atlas"}
			}
		},
		{
			"name": "Voxels",
			"from": [14, 7.3333, 11],
			"to": [16, 7.66663, 11.33333],
			"faces": {
				"north": {"uv": [1.875, 10, 1.125, 10.125], "texture": "#voxels_atlas"},
				"east": {"uv": [7.875, 12.125, 7.75, 12.25], "texture": "#voxels_atlas"},
				"south": {"uv": [1.125, 9.875, 1.875, 10], "texture": "#voxels_atlas"},
				"west": {"uv": [7.625, 12.125, 7.75, 12.25], "texture": "#voxels_atlas"},
				"up": {"uv": [0.875, 8.625, 1.625, 8.5], "texture": "#voxels_atlas"},
				"down": {"uv": [0.875, 8.625, 1.625, 8.75], "texture": "#voxels_atlas"}
			}
		},
		{
			"name": "Voxels",
			"from": [14, 7.3333, 13.6667],
			"to": [16, 7.66663, 14.00003],
			"faces": {
				"north": {"uv": [1.625, 8.125, 0.875, 8.25], "texture": "#voxels_atlas"},
				"east": {"uv": [8.125, 12.125, 8, 12.25], "texture": "#voxels_atlas"},
				"south": {"uv": [0.875, 8, 1.625, 8.125], "texture": "#voxels_atlas"},
				"west": {"uv": [7.875, 12.125, 8, 12.25], "texture": "#voxels_atlas"},
				"up": {"uv": [1.125, 10.5, 1.875, 10.375], "texture": "#voxels_atlas"},
				"down": {"uv": [1.125, 10.5, 1.875, 10.625], "texture": "#voxels_atlas"}
			}
		},
		{
			"name": "Voxels",
			"from": [14, 7.3333, 14],
			"to": [15.66667, 8.3333, 14.33333],
			"faces": {
				"north": {"uv": [0.625, 11, 0, 11.375], "texture": "#voxels_atlas"},
				"east": {"uv": [3, 9.125, 2.875, 9.5], "texture": "#voxels_atlas"},
				"south": {"uv": [0, 10.25, 0.625, 10.625], "texture": "#voxels_atlas"},
				"west": {"uv": [2.75, 9.125, 2.875, 9.5], "texture": "#voxels_atlas"},
				"up": {"uv": [1.875, 9.875, 2.5, 9.75], "texture": "#voxels_atlas"},
				"down": {"uv": [1.875, 9.875, 2.5, 10], "texture": "#voxels_atlas"}
			}
		},
		{
			"name": "Voxels",
			"from": [14, 7.3333, 15.6667],
			"to": [14.33333, 7.66663, 16.00003],
			"faces": {
				"north": {"uv": [8.5, 12.125, 8.375, 12.25], "texture": "#voxels_atlas"},
				"east": {"uv": [8.875, 12.125, 8.75, 12.25], "texture": "#voxels_atlas"},
				"south": {"uv": [8.5, 12.125, 8.625, 12.25], "texture": "#voxels_atlas"},
				"west": {"uv": [8.625, 12.125, 8.75, 12.25], "texture": "#voxels_atlas"},
				"up": {"uv": [8.25, 12.25, 8.375, 12.125], "texture": "#voxels_atlas"},
				"down": {"uv": [8.125, 12.125, 8.25, 12.25], "texture": "#voxels_atlas"}
			}
		},
		{
			"name": "Voxels",
			"from": [14, 8, 9],
			"to": [14.33333, 8.33333, 9.33333],
			"faces": {
				"north": {"uv": [4.75, 11.75, 4.625, 11.875], "texture": "#voxels_atlas"},
				"east": {"uv": [4.75, 11.375, 4.625, 11.5], "texture": "#voxels_atlas"},
				"south": {"uv": [4.625, 11.625, 4.75, 11.75], "texture": "#voxels_atlas"},
				"west": {"uv": [4.625, 11.5, 4.75, 11.625], "texture": "#voxels_atlas"},
				"up": {"uv": [4.625, 12, 4.75, 11.875], "texture": "#voxels_atlas"},
				"down": {"uv": [4.625, 12, 4.75, 12.125], "texture": "#voxels_atlas"}
			}
		},
		{
			"name": "Voxels",
			"from": [14, 8, 11],
			"to": [16, 8.33333, 11.33333],
			"faces": {
				"north": {"uv": [2.625, 11.875, 1.875, 12], "texture": "#voxels_atlas"},
				"east": {"uv": [4.75, 11.125, 4.625, 11.25], "texture": "#voxels_atlas"},
				"south": {"uv": [1.875, 11.75, 2.625, 11.875], "texture": "#voxels_atlas"},
				"west": {"uv": [4.625, 11.25, 4.75, 11.375], "texture": "#voxels_atlas"},
				"up": {"uv": [1.875, 12.375, 2.625, 12.25], "texture": "#voxels_atlas"},
				"down": {"uv": [1.875, 12.375, 2.625, 12.5], "texture": "#voxels_atlas"}
			}
		},
		{
			"name": "Voxels",
			"from": [14, 8, 13.6667],
			"to": [16, 8.33333, 14.00003],
			"faces": {
				"north": {"uv": [1.875, 10.25, 1.125, 10.375], "texture": "#voxels_atlas"},
				"east": {"uv": [4.75, 10.875, 4.625, 11], "texture": "#voxels_atlas"},
				"south": {"uv": [1.125, 10.625, 1.875, 10.75], "texture": "#voxels_atlas"},
				"west": {"uv": [4.625, 11, 4.75, 11.125], "texture": "#voxels_atlas"},
				"up": {"uv": [1.875, 11.625, 2.625, 11.5], "texture": "#voxels_atlas"},
				"down": {"uv": [1.875, 11.625, 2.625, 11.75], "texture": "#voxels_atlas"}
			}
		},
		{
			"name": "Voxels",
			"from": [14, 8, 15.6667],
			"to": [14.33333, 8.33333, 16.00003],
			"faces": {
				"north": {"uv": [4.75, 10.5, 4.625, 10.625], "texture": "#voxels_atlas"},
				"east": {"uv": [4.75, 10.125, 4.625, 10.25], "texture": "#voxels_atlas"},
				"south": {"uv": [4.625, 10.375, 4.75, 10.5], "texture": "#voxels_atlas"},
				"west": {"uv": [4.625, 10.25, 4.75, 10.375], "texture": "#voxels_atlas"},
				"up": {"uv": [4.625, 10.75, 4.75, 10.625], "texture": "#voxels_atlas"},
				"down": {"uv": [4.625, 10.75, 4.75, 10.875], "texture": "#voxels_atlas"}
			}
		},
		{
			"name": "Voxels",
			"from": [14, 8.3333, 9.3333],
			"to": [14.33333, 8.66663, 9.99997],
			"faces": {
				"north": {"uv": [4.75, 10, 4.625, 10.125], "texture": "#voxels_atlas"},
				"east": {"uv": [4.625, 11.75, 4.375, 11.875], "texture": "#voxels_atlas"},
				"south": {"uv": [4.625, 9.875, 4.75, 10], "texture": "#voxels_atlas"},
				"west": {"uv": [4.375, 11.875, 4.625, 12], "texture": "#voxels_atlas"},
				"up": {"uv": [4.25, 10.125, 4.375, 9.875], "texture": "#voxels_atlas"},
				"down": {"uv": [4.25, 10.125, 4.375, 10.375], "texture": "#voxels_atlas"}
			}
		},
		{
			"name": "Voxels",
			"from": [14, 8.3333, 11.3333],
			"to": [15, 8.66663, 11.66663],
			"faces": {
				"north": {"uv": [3.125, 10.25, 2.75, 10.375], "texture": "#voxels_atlas"},
				"east": {"uv": [4.75, 9.625, 4.625, 9.75], "texture": "#voxels_atlas"},
				"south": {"uv": [2.75, 10.375, 3.125, 10.5], "texture": "#voxels_atlas"},
				"west": {"uv": [4.625, 9.75, 4.75, 9.875], "texture": "#voxels_atlas"},
				"up": {"uv": [2.75, 10.875, 3.125, 10.75], "texture": "#voxels_atlas"},
				"down": {"uv": [2.75, 10.125, 3.125, 10.25], "texture": "#voxels_atlas"}
			}
		},
		{
			"name": "Voxels",
			"from": [14, 8.3333, 12.3333],
			"to": [15, 8.66663, 12.66663],
			"faces": {
				"north": {"uv": [3, 8.625, 2.625, 8.75], "texture": "#voxels_atlas"},
				"east": {"uv": [4.75, 9.375, 4.625, 9.5], "texture": "#voxels_atlas"},
				"south": {"uv": [3.25, 12.375, 3.625, 12.5], "texture": "#voxels_atlas"},
				"west": {"uv": [4.625, 9.5, 4.75, 9.625], "texture": "#voxels_atlas"},
				"up": {"uv": [8.5, 12.75, 8.875, 12.625], "texture": "#voxels_atlas"},
				"down": {"uv": [3.25, 12.25, 3.625, 12.375], "texture": "#voxels_atlas"}
			}
		},
		{
			"name": "Voxels",
			"from": [14, 8.3333, 13],
			"to": [14.33333, 8.99997, 13.33333],
			"faces": {
				"north": {"uv": [4.375, 9.625, 4.25, 9.875], "texture": "#voxels_atlas"},
				"east": {"uv": [4.375, 8.875, 4.25, 9.125], "texture": "#voxels_atlas"},
				"south": {"uv": [4.25, 9.375, 4.375, 9.625], "texture": "#voxels_atlas"},
				"west": {"uv": [4.25, 9.125, 4.375, 9.375], "texture": "#voxels_atlas"},
				"up": {"uv": [4.625, 9.25, 4.75, 9.125], "texture": "#voxels_atlas"},
				"down": {"uv": [4.625, 9.25, 4.75, 9.375], "texture": "#voxels_atlas"}
			}
		},
		{
			"name": "Voxels",
			"from": [14, 8.3333, 13.3333],
			"to": [15, 8.66663, 13.66663],
			"faces": {
				"north": {"uv": [3, 8.75, 2.625, 8.875], "texture": "#voxels_atlas"},
				"east": {"uv": [4.75, 8.875, 4.625, 9], "texture": "#voxels_atlas"},
				"south": {"uv": [2.75, 8.125, 3.125, 8.25], "texture": "#voxels_atlas"},
				"west": {"uv": [4.625, 9, 4.75, 9.125], "texture": "#voxels_atlas"},
				"up": {"uv": [2.75, 8.125, 3.125, 8], "texture": "#voxels_atlas"},
				"down": {"uv": [3.25, 11.5, 3.625, 11.625], "texture": "#voxels_atlas"}
			}
		},
		{
			"name": "Voxels",
			"from": [14, 8.3333, 15],
			"to": [14.33333, 8.66663, 15.66667],
			"faces": {
				"north": {"uv": [4.75, 8.75, 4.625, 8.875], "texture": "#voxels_atlas"},
				"east": {"uv": [4.625, 10.25, 4.375, 10.375], "texture": "#voxels_atlas"},
				"south": {"uv": [4.625, 8.625, 4.75, 8.75], "texture": "#voxels_atlas"},
				"west": {"uv": [4.375, 10.375, 4.625, 10.5], "texture": "#voxels_atlas"},
				"up": {"uv": [4.25, 8.625, 4.375, 8.375], "texture": "#voxels_atlas"},
				"down": {"uv": [4.25, 8.625, 4.375, 8.875], "texture": "#voxels_atlas"}
			}
		},
		{
			"name": "Voxels",
			"from": [14, 8.6667, 11.6667],
			"to": [14.33333, 9.00003, 12.00003],
			"faces": {
				"north": {"uv": [4.75, 8.25, 4.625, 8.375], "texture": "#voxels_atlas"},
				"east": {"uv": [4.875, 12, 4.75, 12.125], "texture": "#voxels_atlas"},
				"south": {"uv": [4.625, 8.125, 4.75, 8.25], "texture": "#voxels_atlas"},
				"west": {"uv": [4.625, 8, 4.75, 8.125], "texture": "#voxels_atlas"},
				"up": {"uv": [4.625, 8.5, 4.75, 8.375], "texture": "#voxels_atlas"},
				"down": {"uv": [4.625, 8.5, 4.75, 8.625], "texture": "#voxels_atlas"}
			}
		},
		{
			"name": "Voxels",
			"from": [14.3333, 6.6667, 11.3333],
			"to": [14.66663, 7.00003, 11.66663],
			"faces": {
				"north": {"uv": [5.25, 12, 5.125, 12.125], "texture": "#voxels_atlas"},
				"east": {"uv": [5.625, 12, 5.5, 12.125], "texture": "#voxels_atlas"},
				"south": {"uv": [5.25, 12, 5.375, 12.125], "texture": "#voxels_atlas"},
				"west": {"uv": [5.375, 12, 5.5, 12.125], "texture": "#voxels_atlas"},
				"up": {"uv": [5, 12.125, 5.125, 12], "texture": "#voxels_atlas"},
				"down": {"uv": [4.875, 12, 5, 12.125], "texture": "#voxels_atlas"}
			}
		},
		{
			"name": "Voxels",
			"from": [14.3333, 6.6667, 13.3333],
			"to": [14.66663, 7.00003, 13.66663],
			"faces": {
				"north": {"uv": [6, 12, 5.875, 12.125], "texture": "#voxels_atlas"},
				"east": {"uv": [6.375, 12, 6.25, 12.125], "texture": "#voxels_atlas"},
				"south": {"uv": [6, 12, 6.125, 12.125], "texture": "#voxels_atlas"},
				"west": {"uv": [6.125, 12, 6.25, 12.125], "texture": "#voxels_atlas"},
				"up": {"uv": [5.75, 12.125, 5.875, 12], "texture": "#voxels_atlas"},
				"down": {"uv": [5.625, 12, 5.75, 12.125], "texture": "#voxels_atlas"}
			}
		},
		{
			"name": "Voxels",
			"from": [14.3333, 7, 10],
			"to": [14.66663, 7.33333, 10.66667],
			"faces": {
				"north": {"uv": [6.5, 12, 6.375, 12.125], "texture": "#voxels_atlas"},
				"east": {"uv": [2.625, 8.125, 2.375, 8.25], "texture": "#voxels_atlas"},
				"south": {"uv": [6.5, 12, 6.625, 12.125], "texture": "#voxels_atlas"},
				"west": {"uv": [2.375, 8.25, 2.625, 8.375], "texture": "#voxels_atlas"},
				"up": {"uv": [1.625, 8.25, 1.75, 8], "texture": "#voxels_atlas"},
				"down": {"uv": [1.75, 10.75, 1.875, 11], "texture": "#voxels_atlas"}
			}
		},
		{
			"name": "Voxels",
			"from": [14.3333, 7, 11],
			"to": [14.66663, 7.33333, 11.33333],
			"faces": {
				"north": {"uv": [7, 12, 6.875, 12.125], "texture": "#voxels_atlas"},
				"east": {"uv": [7.375, 12, 7.25, 12.125], "texture": "#voxels_atlas"},
				"south": {"uv": [7, 12, 7.125, 12.125], "texture": "#voxels_atlas"},
				"west": {"uv": [7.125, 12, 7.25, 12.125], "texture": "#voxels_atlas"},
				"up": {"uv": [6.75, 12.125, 6.875, 12], "texture": "#voxels_atlas"},
				"down": {"uv": [6.625, 12, 6.75, 12.125], "texture": "#voxels_atlas"}
			}
		},
		{
			"name": "Voxels",
			"from": [14.3333, 7, 12],
			"to": [14.66663, 7.33333, 12.33333],
			"faces": {
				"north": {"uv": [7.75, 12, 7.625, 12.125], "texture": "#voxels_atlas"},
				"east": {"uv": [8.125, 12, 8, 12.125], "texture": "#voxels_atlas"},
				"south": {"uv": [7.75, 12, 7.875, 12.125], "texture": "#voxels_atlas"},
				"west": {"uv": [7.875, 12, 8, 12.125], "texture": "#voxels_atlas"},
				"up": {"uv": [7.5, 12.125, 7.625, 12], "texture": "#voxels_atlas"},
				"down": {"uv": [7.375, 12, 7.5, 12.125], "texture": "#voxels_atlas"}
			}
		},
		{
			"name": "Voxels",
			"from": [14.3333, 7, 12.6667],
			"to": [14.66663, 7.33333, 13.00003],
			"faces": {
				"north": {"uv": [8.5, 12, 8.375, 12.125], "texture": "#voxels_atlas"},
				"east": {"uv": [8.875, 12, 8.75, 12.125], "texture": "#voxels_atlas"},
				"south": {"uv": [8.5, 12, 8.625, 12.125], "texture": "#voxels_atlas"},
				"west": {"uv": [8.625, 12, 8.75, 12.125], "texture": "#voxels_atlas"},
				"up": {"uv": [8.25, 12.125, 8.375, 12], "texture": "#voxels_atlas"},
				"down": {"uv": [8.125, 12, 8.25, 12.125], "texture": "#voxels_atlas"}
			}
		},
		{
			"name": "Voxels",
			"from": [14.3333, 7, 13.6667],
			"to": [14.66663, 7.33333, 14.00003],
			"faces": {
				"north": {"uv": [4.875, 11.625, 4.75, 11.75], "texture": "#voxels_atlas"},
				"east": {"uv": [5.375, 8.875, 5.25, 9], "texture": "#voxels_atlas"},
				"south": {"uv": [4.75, 11.5, 4.875, 11.625], "texture": "#voxels_atlas"},
				"west": {"uv": [5.25, 8.75, 5.375, 8.875], "texture": "#voxels_atlas"},
				"up": {"uv": [4.75, 11.875, 4.875, 11.75], "texture": "#voxels_atlas"},
				"down": {"uv": [4.75, 11.875, 4.875, 12], "texture": "#voxels_atlas"}
			}
		},
		{
			"name": "Voxels",
			"from": [14.3333, 7, 14.3333],
			"to": [14.66663, 7.33333, 14.99997],
			"faces": {
				"north": {"uv": [5.375, 9, 5.25, 9.125], "texture": "#voxels_atlas"},
				"east": {"uv": [3.5, 8.5, 3.25, 8.625], "texture": "#voxels_atlas"},
				"south": {"uv": [5.25, 9.125, 5.375, 9.25], "texture": "#voxels_atlas"},
				"west": {"uv": [3.25, 8.625, 3.5, 8.75], "texture": "#voxels_atlas"},
				"up": {"uv": [3.125, 10.25, 3.25, 10], "texture": "#voxels_atlas"},
				"down": {"uv": [3.125, 10.25, 3.25, 10.5], "texture": "#voxels_atlas"}
			}
		},
		{
			"name": "Voxels",
			"from": [14.3333, 7.3333, 11.6667],
			"to": [16.3333, 7.66663, 12.00003],
			"faces": {
				"north": {"uv": [1.875, 10.125, 1.125, 10.25], "texture": "#voxels_atlas"},
				"east": {"uv": [5.375, 9.625, 5.25, 9.75], "texture": "#voxels_atlas"},
				"south": {"uv": [1.125, 9.75, 1.875, 9.875], "texture": "#voxels_atlas"},
				"west": {"uv": [5.25, 9.5, 5.375, 9.625], "texture": "#voxels_atlas"},
				"up": {"uv": [0.875, 8.375, 1.625, 8.25], "texture": "#voxels_atlas"},
				"down": {"uv": [0.875, 8.375, 1.625, 8.5], "texture": "#voxels_atlas"}
			}
		},
		{
			"name": "Voxels",
			"from": [14.3333, 7.6667, 9.3333],
			"to": [14.66663, 8.00003, 9.66663],
			"faces": {
				"north": {"uv": [4.875, 8, 4.75, 8.125], "texture": "#voxels_atlas"},
				"east": {"uv": [4.875, 8.375, 4.75, 8.5], "texture": "#voxels_atlas"},
				"south": {"uv": [4.75, 8.125, 4.875, 8.25], "texture": "#voxels_atlas"},
				"west": {"uv": [4.75, 8.25, 4.875, 8.375], "texture": "#voxels_atlas"},
				"up": {"uv": [5.25, 10, 5.375, 9.875], "texture": "#voxels_atlas"},
				"down": {"uv": [5.25, 9.75, 5.375, 9.875], "texture": "#voxels_atlas"}
			}
		},
		{
			"name": "Voxels",
			"from": [14.3333, 7.6667, 15.3333],
			"to": [14.66663, 8.00003, 15.66663],
			"faces": {
				"north": {"uv": [4.875, 9, 4.75, 9.125], "texture": "#voxels_atlas"},
				"east": {"uv": [4.875, 11.125, 4.75, 11.25], "texture": "#voxels_atlas"},
				"south": {"uv": [4.75, 9.125, 4.875, 9.25], "texture": "#voxels_atlas"},
				"west": {"uv": [4.75, 11, 4.875, 11.125], "texture": "#voxels_atlas"},
				"up": {"uv": [4.75, 9, 4.875, 8.875], "texture": "#voxels_atlas"},
				"down": {"uv": [4.75, 8.75, 4.875, 8.875], "texture": "#voxels_atlas"}
			}
		},
		{
			"name": "Voxels",
			"from": [14.3333, 8.3333, 10],
			"to": [14.66663, 8.66663, 10.66667],
			"faces": {
				"north": {"uv": [4.875, 11.25, 4.75, 11.375], "texture": "#voxels_atlas"},
				"east": {"uv": [3.5, 8.25, 3.25, 8.375], "texture": "#voxels_atlas"},
				"south": {"uv": [4.75, 11.375, 4.875, 11.5], "texture": "#voxels_atlas"},
				"west": {"uv": [3.25, 8.375, 3.5, 8.5], "texture": "#voxels_atlas"},
				"up": {"uv": [3.125, 9.75, 3.25, 9.5], "texture": "#voxels_atlas"},
				"down": {"uv": [3.125, 9.75, 3.25, 10], "texture": "#voxels_atlas"}
			}
		},
		{
			"name": "Voxels",
			"from": [14.3333, 8.3333, 11],
			"to": [14.66663, 8.66663, 11.33333],
			"faces": {
				"north": {"uv": [6.875, 11.625, 6.75, 11.75], "texture": "#voxels_atlas"},
				"east": {"uv": [5.875, 11.375, 5.75, 11.5], "texture": "#voxels_atlas"},
				"south": {"uv": [5.125, 10, 5.25, 10.125], "texture": "#voxels_atlas"},
				"west": {"uv": [5.125, 9.875, 5.25, 10], "texture": "#voxels_atlas"},
				"up": {"uv": [6.375, 11.75, 6.5, 11.625], "texture": "#voxels_atlas"},
				"down": {"uv": [6.75, 11.5, 6.875, 11.625], "texture": "#voxels_atlas"}
			}
		},
		{
			"name": "Voxels",
			"from": [14.3333, 8.3333, 12],
			"to": [14.66663, 8.66663, 12.33333],
			"faces": {
				"north": {"uv": [6.75, 11.375, 6.625, 11.5], "texture": "#voxels_atlas"},
				"east": {"uv": [8.375, 11.375, 8.25, 11.5], "texture": "#voxels_atlas"},
				"south": {"uv": [7.5, 11.375, 7.625, 11.5], "texture": "#voxels_atlas"},
				"west": {"uv": [8.125, 11.375, 8.25, 11.5], "texture": "#voxels_atlas"},
				"up": {"uv": [6.5, 11.5, 6.625, 11.375], "texture": "#voxels_atlas"},
				"down": {"uv": [6.375, 11.375, 6.5, 11.5], "texture": "#voxels_atlas"}
			}
		},
		{
			"name": "Voxels",
			"from": [14.3333, 8.3333, 12.6667],
			"to": [14.66663, 8.66663, 13.00003],
			"faces": {
				"north": {"uv": [5.25, 11.875, 5.125, 12], "texture": "#voxels_atlas"},
				"east": {"uv": [6.125, 11.875, 6, 12], "texture": "#voxels_atlas"},
				"south": {"uv": [5.25, 11.875, 5.375, 12], "texture": "#voxels_atlas"},
				"west": {"uv": [5.625, 11.875, 5.75, 12], "texture": "#voxels_atlas"},
				"up": {"uv": [4.75, 10.875, 4.875, 10.75], "texture": "#voxels_atlas"},
				"down": {"uv": [4.75, 10.875, 4.875, 11], "texture": "#voxels_atlas"}
			}
		},
		{
			"name": "Voxels",
			"from": [14.3333, 8.3333, 13.6667],
			"to": [14.66663, 8.66663, 14.00003],
			"faces": {
				"north": {"uv": [8.25, 11.875, 8.125, 12], "texture": "#voxels_atlas"},
				"east": {"uv": [6.125, 11.625, 6, 11.75], "texture": "#voxels_atlas"},
				"south": {"uv": [5.75, 11.625, 5.875, 11.75], "texture": "#voxels_atlas"},
				"west": {"uv": [5.875, 11.625, 6, 11.75], "texture": "#voxels_atlas"},
				"up": {"uv": [6.5, 12, 6.625, 11.875], "texture": "#voxels_atlas"},
				"down": {"uv": [6.375, 11.875, 6.5, 12], "texture": "#voxels_atlas"}
			}
		},
		{
			"name": "Voxels",
			"from": [14.3333, 8.3333, 14.3333],
			"to": [14.66663, 8.66663, 14.99997],
			"faces": {
				"north": {"uv": [5.25, 10.25, 5.125, 10.375], "texture": "#voxels_atlas"},
				"east": {"uv": [3.875, 12.375, 3.625, 12.5], "texture": "#voxels_atlas"},
				"south": {"uv": [5.125, 10.125, 5.25, 10.25], "texture": "#voxels_atlas"},
				"west": {"uv": [3.25, 8, 3.5, 8.125], "texture": "#voxels_atlas"},
				"up": {"uv": [3.125, 9.25, 3.25, 9], "texture": "#voxels_atlas"},
				"down": {"uv": [3.125, 9.25, 3.25, 9.5], "texture": "#voxels_atlas"}
			}
		},
		{
			"name": "Voxels",
			"from": [14.3333, 8.6667, 11.3333],
			"to": [14.66663, 9.00003, 11.66663],
			"faces": {
				"north": {"uv": [5.25, 8.75, 5.125, 8.875], "texture": "#voxels_atlas"},
				"east": {"uv": [5.375, 11.125, 5.25, 11.25], "texture": "#voxels_atlas"},
				"south": {"uv": [6.875, 11.5, 7, 11.625], "texture": "#voxels_atlas"},
				"west": {"uv": [7, 11.5, 7.125, 11.625], "texture": "#voxels_atlas"},
				"up": {"uv": [5.125, 9.25, 5.25, 9.125], "texture": "#voxels_atlas"},
				"down": {"uv": [5.125, 9.5, 5.25, 9.625], "texture": "#voxels_atlas"}
			}
		},
		{
			"name": "Voxels",
			"from": [14.3333, 8.6667, 13.3333],
			"to": [14.66663, 9.00003, 13.66663],
			"faces": {
				"north": {"uv": [5.375, 10.5, 5.25, 10.625], "texture": "#voxels_atlas"},
				"east": {"uv": [5.375, 8.125, 5.25, 8.25], "texture": "#voxels_atlas"},
				"south": {"uv": [5.25, 8.375, 5.375, 8.5], "texture": "#voxels_atlas"},
				"west": {"uv": [5.25, 8.25, 5.375, 8.375], "texture": "#voxels_atlas"},
				"up": {"uv": [5.25, 10.75, 5.375, 10.625], "texture": "#voxels_atlas"},
				"down": {"uv": [5.25, 11, 5.375, 11.125], "texture": "#voxels_atlas"}
			}
		},
		{
			"name": "Voxels",
			"from": [14.6667, 6.6667, 11.6667],
			"to": [15.00003, 7.33337, 12.00003],
			"faces": {
				"north": {"uv": [3.25, 8.75, 3.125, 9], "texture": "#voxels_atlas"},
				"east": {"uv": [3.25, 8, 3.125, 8.25], "texture": "#voxels_atlas"},
				"south": {"uv": [3.125, 8.5, 3.25, 8.75], "texture": "#voxels_atlas"},
				"west": {"uv": [3.125, 8.25, 3.25, 8.5], "texture": "#voxels_atlas"},
				"up": {"uv": [5.625, 11.5, 5.75, 11.375], "texture": "#voxels_atlas"},
				"down": {"uv": [5.25, 8, 5.375, 8.125], "texture": "#voxels_atlas"}
			}
		},
		{
			"name": "Voxels",
			"from": [14.6667, 6.6667, 13],
			"to": [15.00003, 7.33337, 13.33333],
			"faces": {
				"north": {"uv": [3.75, 12.125, 3.625, 12.375], "texture": "#voxels_atlas"},
				"east": {"uv": [3.875, 11.375, 3.75, 11.625], "texture": "#voxels_atlas"},
				"south": {"uv": [3.75, 12.125, 3.875, 12.375], "texture": "#voxels_atlas"},
				"west": {"uv": [3.625, 11.375, 3.75, 11.625], "texture": "#voxels_atlas"},
				"up": {"uv": [7.375, 11.5, 7.5, 11.375], "texture": "#voxels_atlas"},
				"down": {"uv": [6.75, 11.375, 6.875, 11.5], "texture": "#voxels_atlas"}
			}
		},
		{
			"name": "Voxels",
			"from": [14.6667, 8.3333, 11.6667],
			"to": [15.33337, 8.66663, 12.00003],
			"faces": {
				"north": {"uv": [3.875, 11, 3.625, 11.125], "texture": "#voxels_atlas"},
				"east": {"uv": [6, 11.875, 5.875, 12], "texture": "#voxels_atlas"},
				"south": {"uv": [3.625, 10.875, 3.875, 11], "texture": "#voxels_atlas"},
				"west": {"uv": [5.75, 11.875, 5.875, 12], "texture": "#voxels_atlas"},
				"up": {"uv": [3.625, 11.25, 3.875, 11.125], "texture": "#voxels_atlas"},
				"down": {"uv": [3.625, 11.25, 3.875, 11.375], "texture": "#voxels_atlas"}
			}
		},
		{
			"name": "Voxels",
			"from": [14.6667, 8.3333, 13],
			"to": [15.33337, 8.66663, 13.33333],
			"faces": {
				"north": {"uv": [3.875, 10, 3.625, 10.125], "texture": "#voxels_atlas"},
				"east": {"uv": [8.75, 11.875, 8.625, 12], "texture": "#voxels_atlas"},
				"south": {"uv": [3.625, 9.875, 3.875, 10], "texture": "#voxels_atlas"},
				"west": {"uv": [8.25, 11.875, 8.375, 12], "texture": "#voxels_atlas"},
				"up": {"uv": [3.625, 10.5, 3.875, 10.375], "texture": "#voxels_atlas"},
				"down": {"uv": [3.625, 10.5, 3.875, 10.625], "texture": "#voxels_atlas"}
			}
		},
		{
			"name": "Voxels",
			"from": [14.6667, 8.6667, 11.6667],
			"to": [15.00003, 9.00003, 12.00003],
			"faces": {
				"north": {"uv": [5, 11.625, 4.875, 11.75], "texture": "#voxels_atlas"},
				"east": {"uv": [5.75, 11.75, 5.625, 11.875], "texture": "#voxels_atlas"},
				"south": {"uv": [4.875, 11.25, 5, 11.375], "texture": "#voxels_atlas"},
				"west": {"uv": [4.875, 11.125, 5, 11.25], "texture": "#voxels_atlas"},
				"up": {"uv": [4.875, 11.875, 5, 11.75], "texture": "#voxels_atlas"},
				"down": {"uv": [8.75, 11.875, 8.875, 12], "texture": "#voxels_atlas"}
			}
		},
		{
			"name": "Voxels",
			"from": [14.6667, 8.6667, 13],
			"to": [15.00003, 9.00003, 13.33333],
			"faces": {
				"north": {"uv": [6.125, 11.75, 6, 11.875], "texture": "#voxels_atlas"},
				"east": {"uv": [5.125, 10.875, 5, 11], "texture": "#voxels_atlas"},
				"south": {"uv": [5, 11.125, 5.125, 11.25], "texture": "#voxels_atlas"},
				"west": {"uv": [5, 11, 5.125, 11.125], "texture": "#voxels_atlas"},
				"up": {"uv": [5.875, 11.875, 6, 11.75], "texture": "#voxels_atlas"},
				"down": {"uv": [5.75, 11.75, 5.875, 11.875], "texture": "#voxels_atlas"}
			}
		},
		{
			"name": "Voxels",
			"from": [15, 6.6667, 12],
			"to": [15.33333, 7.33337, 12.33333],
			"faces": {
				"north": {"uv": [3.75, 9.625, 3.625, 9.875], "texture": "#voxels_atlas"},
				"east": {"uv": [3.875, 8.375, 3.75, 8.625], "texture": "#voxels_atlas"},
				"south": {"uv": [3.75, 9.625, 3.875, 9.875], "texture": "#voxels_atlas"},
				"west": {"uv": [3.625, 8.375, 3.75, 8.625], "texture": "#voxels_atlas"},
				"up": {"uv": [5.625, 11.75, 5.75, 11.625], "texture": "#voxels_atlas"},
				"down": {"uv": [5, 10.75, 5.125, 10.875], "texture": "#voxels_atlas"}
			}
		},
		{
			"name": "Voxels",
			"from": [15, 6.6667, 12.6667],
			"to": [15.33333, 7.33337, 13.00003],
			"faces": {
				"north": {"uv": [3.75, 8.125, 3.625, 8.375], "texture": "#voxels_atlas"},
				"east": {"uv": [4, 12, 3.875, 12.25], "texture": "#voxels_atlas"},
				"south": {"uv": [3.75, 8.125, 3.875, 8.375], "texture": "#voxels_atlas"},
				"west": {"uv": [3.875, 12.25, 4, 12.5], "texture": "#voxels_atlas"},
				"up": {"uv": [6.625, 11.75, 6.75, 11.625], "texture": "#voxels_atlas"},
				"down": {"uv": [6.5, 11.625, 6.625, 11.75], "texture": "#voxels_atlas"}
			}
		},
		{
			"name": "Voxels",
			"from": [15, 7, 10.3333],
			"to": [15.33333, 7.33333, 10.99997],
			"faces": {
				"north": {"uv": [5.25, 9.375, 5.125, 9.5], "texture": "#voxels_atlas"},
				"east": {"uv": [4.25, 11.875, 4, 12], "texture": "#voxels_atlas"},
				"south": {"uv": [5.125, 9.25, 5.25, 9.375], "texture": "#voxels_atlas"},
				"west": {"uv": [4, 12, 4.25, 12.125], "texture": "#voxels_atlas"},
				"up": {"uv": [3.875, 11.25, 4, 11], "texture": "#voxels_atlas"},
				"down": {"uv": [3.875, 11.25, 4, 11.5], "texture": "#voxels_atlas"}
			}
		},
		{
			"name": "Voxels",
			"from": [15, 7, 11.6667],
			"to": [15.33333, 7.33333, 12.00003],
			"faces": {
				"north": {"uv": [5.25, 8.375, 5.125, 8.5], "texture": "#voxels_atlas"},
				"east": {"uv": [5.5, 11.5, 5.375, 11.625], "texture": "#voxels_atlas"},
				"south": {"uv": [5.125, 8, 5.25, 8.125], "texture": "#voxels_atlas"},
				"west": {"uv": [5.25, 11.5, 5.375, 11.625], "texture": "#voxels_atlas"},
				"up": {"uv": [5.125, 8.625, 5.25, 8.5], "texture": "#voxels_atlas"},
				"down": {"uv": [5.125, 8.625, 5.25, 8.75], "texture": "#voxels_atlas"}
			}
		},
		{
			"name": "Voxels",
			"from": [15, 7, 13],
			"to": [15.33333, 7.33333, 13.33333],
			"faces": {
				"north": {"uv": [6.125, 11.5, 6, 11.625], "texture": "#voxels_atlas"},
				"east": {"uv": [6.75, 11.5, 6.625, 11.625], "texture": "#voxels_atlas"},
				"south": {"uv": [6.125, 11.5, 6.25, 11.625], "texture": "#voxels_atlas"},
				"west": {"uv": [6.25, 11.5, 6.375, 11.625], "texture": "#voxels_atlas"},
				"up": {"uv": [5.875, 11.625, 6, 11.5], "texture": "#voxels_atlas"},
				"down": {"uv": [5.5, 11.5, 5.625, 11.625], "texture": "#voxels_atlas"}
			}
		},
		{
			"name": "Voxels",
			"from": [15, 7, 14],
			"to": [15.33333, 7.33333, 14.66667],
			"faces": {
				"north": {"uv": [5.375, 11.375, 5.25, 11.5], "texture": "#voxels_atlas"},
				"east": {"uv": [4.25, 10.625, 4, 10.75], "texture": "#voxels_atlas"},
				"south": {"uv": [5.25, 11.25, 5.375, 11.375], "texture": "#voxels_atlas"},
				"west": {"uv": [4, 11.25, 4.25, 11.375], "texture": "#voxels_atlas"},
				"up": {"uv": [3.875, 10.75, 4, 10.5], "texture": "#voxels_atlas"},
				"down": {"uv": [3.875, 10.75, 4, 11], "texture": "#voxels_atlas"}
			}
		},
		{
			"name": "Voxels",
			"from": [15, 8.3333, 10.3333],
			"to": [15.33333, 8.66663, 10.99997],
			"faces": {
				"north": {"uv": [5.375, 10.375, 5.25, 10.5], "texture": "#voxels_atlas"},
				"east": {"uv": [4.25, 10.375, 4, 10.5], "texture": "#voxels_atlas"},
				"south": {"uv": [5.25, 10.25, 5.375, 10.375], "texture": "#voxels_atlas"},
				"west": {"uv": [4, 10.5, 4.25, 10.625], "texture": "#voxels_atlas"},
				"up": {"uv": [3.875, 10.25, 4, 10], "texture": "#voxels_atlas"},
				"down": {"uv": [3.875, 10.25, 4, 10.5], "texture": "#voxels_atlas"}
			}
		},
		{
			"name": "Voxels",
			"from": [15, 8.3333, 12],
			"to": [15.66667, 8.66663, 12.33333],
			"faces": {
				"north": {"uv": [4.25, 10, 4, 10.125], "texture": "#voxels_atlas"},
				"east": {"uv": [6.125, 11.375, 6, 11.5], "texture": "#voxels_atlas"},
				"south": {"uv": [4, 9.875, 4.25, 10], "texture": "#voxels_atlas"},
				"west": {"uv": [5.875, 11.375, 6, 11.5], "texture": "#voxels_atlas"},
				"up": {"uv": [4, 10.25, 4.25, 10.125], "texture": "#voxels_atlas"},
				"down": {"uv": [4, 10.25, 4.25, 10.375], "texture": "#voxels_atlas"}
			}
		},
		{
			"name": "Voxels",
			"from": [15, 8.3333, 12.6667],
			"to": [15.66667, 8.66663, 13.00003],
			"faces": {
				"north": {"uv": [4.25, 9.25, 4, 9.375], "texture": "#voxels_atlas"},
				"east": {"uv": [7.375, 11.375, 7.25, 11.5], "texture": "#voxels_atlas"},
				"south": {"uv": [4, 9.125, 4.25, 9.25], "texture": "#voxels_atlas"},
				"west": {"uv": [7.125, 11.375, 7.25, 11.5], "texture": "#voxels_atlas"},
				"up": {"uv": [4, 9.5, 4.25, 9.375], "texture": "#voxels_atlas"},
				"down": {"uv": [4, 9.75, 4.25, 9.875], "texture": "#voxels_atlas"}
			}
		},
		{
			"name": "Voxels",
			"from": [15, 8.3333, 14],
			"to": [15.33333, 8.66663, 14.66667],
			"faces": {
				"north": {"uv": [8, 11.375, 7.875, 11.5], "texture": "#voxels_atlas"},
				"east": {"uv": [4.25, 8.875, 4, 9], "texture": "#voxels_atlas"},
				"south": {"uv": [8, 11.375, 8.125, 11.5], "texture": "#voxels_atlas"},
				"west": {"uv": [4, 9, 4.25, 9.125], "texture": "#voxels_atlas"},
				"up": {"uv": [3.875, 9.25, 4, 9], "texture": "#voxels_atlas"},
				"down": {"uv": [3.875, 9.25, 4, 9.5], "texture": "#voxels_atlas"}
			}
		},
		{
			"name": "Voxels",
			"from": [15, 8.6667, 12],
			"to": [15.33333, 9.00003, 12.33333],
			"faces": {
				"north": {"uv": [5.5, 11.25, 5.375, 11.375], "texture": "#voxels_atlas"},
				"east": {"uv": [5.5, 10.625, 5.375, 10.75], "texture": "#voxels_atlas"},
				"south": {"uv": [5.375, 11.125, 5.5, 11.25], "texture": "#voxels_atlas"},
				"west": {"uv": [5.375, 10.75, 5.5, 10.875], "texture": "#voxels_atlas"},
				"up": {"uv": [8.75, 11.5, 8.875, 11.375], "texture": "#voxels_atlas"},
				"down": {"uv": [8.625, 11.375, 8.75, 11.5], "texture": "#voxels_atlas"}
			}
		},
		{
			"name": "Voxels",
			"from": [15, 8.6667, 12.6667],
			"to": [15.33333, 9.00003, 13.00003],
			"faces": {
				"north": {"uv": [5.5, 10, 5.375, 10.125], "texture": "#voxels_atlas"},
				"east": {"uv": [5.5, 9.625, 5.375, 9.75], "texture": "#voxels_atlas"},
				"south": {"uv": [5.375, 9.875, 5.5, 10], "texture": "#voxels_atlas"},
				"west": {"uv": [5.375, 9.75, 5.5, 9.875], "texture": "#voxels_atlas"},
				"up": {"uv": [5.375, 10.5, 5.5, 10.375], "texture": "#voxels_atlas"},
				"down": {"uv": [5.375, 10.5, 5.5, 10.625], "texture": "#voxels_atlas"}
			}
		},
		{
			"name": "Voxels",
			"from": [15.3333, 6.6667, 12.3333],
			"to": [16.3333, 7.33337, 12.66663],
			"faces": {
				"north": {"uv": [2.625, 12, 2.25, 12.25], "texture": "#voxels_atlas"},
				"east": {"uv": [4.25, 8.375, 4.125, 8.625], "texture": "#voxels_atlas"},
				"south": {"uv": [1.875, 12, 2.25, 12.25], "texture": "#voxels_atlas"},
				"west": {"uv": [3.875, 8.75, 4, 9], "texture": "#voxels_atlas"},
				"up": {"uv": [2.75, 9.875, 3.125, 9.75], "texture": "#voxels_atlas"},
				"down": {"uv": [2.625, 10, 3, 10.125], "texture": "#voxels_atlas"}
			}
		},
		{
			"name": "Voxels",
			"from": [15.3333, 7, 12],
			"to": [15.66663, 7.33333, 12.33333],
			"faces": {
				"north": {"uv": [4.875, 10.375, 4.75, 10.5], "texture": "#voxels_atlas"},
				"east": {"uv": [4.875, 10, 4.75, 10.125], "texture": "#voxels_atlas"},
				"south": {"uv": [4.75, 10.25, 4.875, 10.375], "texture": "#voxels_atlas"},
				"west": {"uv": [4.75, 10.125, 4.875, 10.25], "texture": "#voxels_atlas"},
				"up": {"uv": [4.75, 10.625, 4.875, 10.5], "texture": "#voxels_atlas"},
				"down": {"uv": [4.75, 10.625, 4.875, 10.75], "texture": "#voxels_atlas"}
			}
		},
		{
			"name": "Voxels",
			"from": [15.3333, 7, 12.6667],
			"to": [15.66663, 7.33333, 13.00003],
			"faces": {
				"north": {"uv": [4.875, 9.625, 4.75, 9.75], "texture": "#voxels_atlas"},
				"east": {"uv": [4.875, 9.25, 4.75, 9.375], "texture": "#voxels_atlas"},
				"south": {"uv": [4.75, 9.5, 4.875, 9.625], "texture": "#voxels_atlas"},
				"west": {"uv": [4.75, 9.375, 4.875, 9.5], "texture": "#voxels_atlas"},
				"up": {"uv": [4.75, 9.875, 4.875, 9.75], "texture": "#voxels_atlas"},
				"down": {"uv": [4.75, 9.875, 4.875, 10], "texture": "#voxels_atlas"}
			}
		},
		{
			"name": "Voxels",
			"from": [15.3333, 8.3333, 12.3333],
			"to": [16.66663, 8.66663, 12.66663],
			"faces": {
				"north": {"uv": [16, 14.875, 15.5, 15], "texture": "#voxels_atlas"},
				"east": {"uv": [4.875, 8.5, 4.75, 8.625], "texture": "#voxels_atlas"},
				"south": {"uv": [15.5, 15.125, 16, 15.25], "texture": "#voxels_atlas"},
				"west": {"uv": [4.75, 8.625, 4.875, 8.75], "texture": "#voxels_atlas"},
				"up": {"uv": [15.5, 14.625, 16, 14.5], "texture": "#voxels_atlas"},
				"down": {"uv": [1.875, 8.25, 2.375, 8.375], "texture": "#voxels_atlas"}
			}
		},
		{
			"name": "Voxels",
			"from": [15.3333, 8.6667, 12.3333],
			"to": [16.3333, 9.00003, 12.66663],
			"faces": {
				"north": {"uv": [3.625, 11.625, 3.25, 11.75], "texture": "#voxels_atlas"},
				"east": {"uv": [5.125, 11.875, 5, 12], "texture": "#voxels_atlas"},
				"south": {"uv": [3.25, 11.75, 3.625, 11.875], "texture": "#voxels_atlas"},
				"west": {"uv": [4.875, 11.875, 5, 12], "texture": "#voxels_atlas"},
				"up": {"uv": [8.5, 12.875, 8.875, 12.75], "texture": "#voxels_atlas"},
				"down": {"uv": [2.625, 11, 3, 11.125], "texture": "#voxels_atlas"}
			}
		},
		{
			"name": "Voxels",
			"from": [15.6667, 7, 11],
			"to": [16.00003, 7.33333, 11.66667],
			"faces": {
				"north": {"uv": [5.5, 11.875, 5.375, 12], "texture": "#voxels_atlas"},
				"east": {"uv": [5, 12.375, 4.75, 12.5], "texture": "#voxels_atlas"},
				"south": {"uv": [5.5, 11.875, 5.625, 12], "texture": "#voxels_atlas"},
				"west": {"uv": [4.5, 12.375, 4.75, 12.5], "texture": "#voxels_atlas"},
				"up": {"uv": [4.125, 8.375, 4.25, 8.125], "texture": "#voxels_atlas"},
				"down": {"uv": [4, 8.125, 4.125, 8.375], "texture": "#voxels_atlas"}
			}
		},
		{
			"name": "Voxels",
			"from": [15.6667, 7, 13.3333],
			"to": [16.00003, 7.33333, 13.99997],
			"faces": {
				"north": {"uv": [6.25, 11.875, 6.125, 12], "texture": "#voxels_atlas"},
				"east": {"uv": [5.5, 12.375, 5.25, 12.5], "texture": "#voxels_atlas"},
				"south": {"uv": [6.25, 11.875, 6.375, 12], "texture": "#voxels_atlas"},
				"west": {"uv": [5, 12.375, 5.25, 12.5], "texture": "#voxels_atlas"},
				"up": {"uv": [4.25, 12.125, 4.375, 11.875], "texture": "#voxels_atlas"},
				"down": {"uv": [4.25, 12.125, 4.375, 12.375], "texture": "#voxels_atlas"}
			}
		},
		{
			"name": "Voxels",
			"from": [15.6667, 7.6667, 10.6667],
			"to": [16.00003, 8.00003, 11.00003],
			"faces": {
				"north": {"uv": [7, 11.875, 6.875, 12], "texture": "#voxels_atlas"},
				"east": {"uv": [7.375, 11.875, 7.25, 12], "texture": "#voxels_atlas"},
				"south": {"uv": [7, 11.875, 7.125, 12], "texture": "#voxels_atlas"},
				"west": {"uv": [7.125, 11.875, 7.25, 12], "texture": "#voxels_atlas"},
				"up": {"uv": [6.75, 12, 6.875, 11.875], "texture": "#voxels_atlas"},
				"down": {"uv": [6.625, 11.875, 6.75, 12], "texture": "#voxels_atlas"}
			}
		},
		{
			"name": "Voxels",
			"from": [15.6667, 7.6667, 14],
			"to": [16.00003, 8.00003, 14.33333],
			"faces": {
				"north": {"uv": [7.75, 11.875, 7.625, 12], "texture": "#voxels_atlas"},
				"east": {"uv": [8.125, 11.875, 8, 12], "texture": "#voxels_atlas"},
				"south": {"uv": [7.75, 11.875, 7.875, 12], "texture": "#voxels_atlas"},
				"west": {"uv": [7.875, 11.875, 8, 12], "texture": "#voxels_atlas"},
				"up": {"uv": [7.5, 12, 7.625, 11.875], "texture": "#voxels_atlas"},
				"down": {"uv": [7.375, 11.875, 7.5, 12], "texture": "#voxels_atlas"}
			}
		},
		{
			"name": "Voxels",
			"from": [15.6667, 8.3333, 11],
			"to": [16.00003, 8.66663, 11.66667],
			"faces": {
				"north": {"uv": [8.5, 11.875, 8.375, 12], "texture": "#voxels_atlas"},
				"east": {"uv": [6.5, 12.375, 6.25, 12.5], "texture": "#voxels_atlas"},
				"south": {"uv": [8.5, 11.875, 8.625, 12], "texture": "#voxels_atlas"},
				"west": {"uv": [6, 12.375, 6.25, 12.5], "texture": "#voxels_atlas"},
				"up": {"uv": [4.25, 11.125, 4.375, 10.875], "texture": "#voxels_atlas"},
				"down": {"uv": [4.25, 11.125, 4.375, 11.375], "texture": "#voxels_atlas"}
			}
		},
		{
			"name": "Voxels",
			"from": [15.6667, 8.3333, 13.3333],
			"to": [16.00003, 8.66663, 13.99997],
			"faces": {
				"north": {"uv": [5, 11.5, 4.875, 11.625], "texture": "#voxels_atlas"},
				"east": {"uv": [7, 12.375, 6.75, 12.5], "texture": "#voxels_atlas"},
				"south": {"uv": [4.875, 11.375, 5, 11.5], "texture": "#voxels_atlas"},
				"west": {"uv": [6.5, 12.375, 6.75, 12.5], "texture": "#voxels_atlas"},
				"up": {"uv": [4.25, 10.625, 4.375, 10.375], "texture": "#voxels_atlas"},
				"down": {"uv": [4.25, 10.625, 4.375, 10.875], "texture": "#voxels_atlas"}
			}
		},
		{
			"name": "Voxels",
			"from": [16, 7, 12],
			"to": [16.33333, 7.33333, 12.33333],
			"faces": {
				"north": {"uv": [5, 10.75, 4.875, 10.875], "texture": "#voxels_atlas"},
				"east": {"uv": [5, 10.375, 4.875, 10.5], "texture": "#voxels_atlas"},
				"south": {"uv": [4.875, 10.625, 5, 10.75], "texture": "#voxels_atlas"},
				"west": {"uv": [4.875, 10.5, 5, 10.625], "texture": "#voxels_atlas"},
				"up": {"uv": [4.875, 11, 5, 10.875], "texture": "#voxels_atlas"},
				"down": {"uv": [4.875, 11, 5, 11.125], "texture": "#voxels_atlas"}
			}
		},
		{
			"name": "Voxels",
			"from": [16, 7, 12.6667],
			"to": [16.33333, 7.33333, 13.00003],
			"faces": {
				"north": {"uv": [5, 10, 4.875, 10.125], "texture": "#voxels_atlas"},
				"east": {"uv": [5, 9.625, 4.875, 9.75], "texture": "#voxels_atlas"},
				"south": {"uv": [4.875, 9.875, 5, 10], "texture": "#voxels_atlas"},
				"west": {"uv": [4.875, 9.75, 5, 9.875], "texture": "#voxels_atlas"},
				"up": {"uv": [4.875, 10.25, 5, 10.125], "texture": "#voxels_atlas"},
				"down": {"uv": [4.875, 10.25, 5, 10.375], "texture": "#voxels_atlas"}
			}
		},
		{
			"name": "Voxels",
			"from": [16, 8.3333, 12],
			"to": [16.33333, 8.66663, 12.33333],
			"faces": {
				"north": {"uv": [5, 9.25, 4.875, 9.375], "texture": "#voxels_atlas"},
				"east": {"uv": [5, 8.875, 4.875, 9], "texture": "#voxels_atlas"},
				"south": {"uv": [4.875, 9.125, 5, 9.25], "texture": "#voxels_atlas"},
				"west": {"uv": [4.875, 9, 5, 9.125], "texture": "#voxels_atlas"},
				"up": {"uv": [4.875, 9.5, 5, 9.375], "texture": "#voxels_atlas"},
				"down": {"uv": [4.875, 9.5, 5, 9.625], "texture": "#voxels_atlas"}
			}
		},
		{
			"name": "Voxels",
			"from": [16, 8.3333, 12.6667],
			"to": [16.33333, 8.66663, 13.00003],
			"faces": {
				"north": {"uv": [5, 8.5, 4.875, 8.625], "texture": "#voxels_atlas"},
				"east": {"uv": [5, 8.125, 4.875, 8.25], "texture": "#voxels_atlas"},
				"south": {"uv": [4.875, 8.375, 5, 8.5], "texture": "#voxels_atlas"},
				"west": {"uv": [4.875, 8.25, 5, 8.375], "texture": "#voxels_atlas"},
				"up": {"uv": [4.875, 8.75, 5, 8.625], "texture": "#voxels_atlas"},
				"down": {"uv": [4.875, 8.75, 5, 8.875], "texture": "#voxels_atlas"}
			}
		},
		{
			"name": "Voxels",
			"from": [16.3333, 7, 12.3333],
			"to": [16.66663, 7.33333, 12.66663],
			"faces": {
				"north": {"uv": [5.25, 11.75, 5.125, 11.875], "texture": "#voxels_atlas"},
				"east": {"uv": [5.625, 11.75, 5.5, 11.875], "texture": "#voxels_atlas"},
				"south": {"uv": [5.25, 11.75, 5.375, 11.875], "texture": "#voxels_atlas"},
				"west": {"uv": [5.375, 11.75, 5.5, 11.875], "texture": "#voxels_atlas"},
				"up": {"uv": [5, 11.875, 5.125, 11.75], "texture": "#voxels_atlas"},
				"down": {"uv": [4.875, 8, 5, 8.125], "texture": "#voxels_atlas"}
			}
		},
		{
			"name": "Voxels",
			"from": [17, 7, 12.3333],
			"to": [17.66667, 7.33333, 12.66663],
			"faces": {
				"north": {"uv": [7.75, 12.375, 7.5, 12.5], "texture": "#voxels_atlas"},
				"east": {"uv": [6.375, 11.75, 6.25, 11.875], "texture": "#voxels_atlas"},
				"south": {"uv": [7.75, 12.375, 8, 12.5], "texture": "#voxels_atlas"},
				"west": {"uv": [6.125, 11.75, 6.25, 11.875], "texture": "#voxels_atlas"},
				"up": {"uv": [7.25, 12.5, 7.5, 12.375], "texture": "#voxels_atlas"},
				"down": {"uv": [7, 12.375, 7.25, 12.5], "texture": "#voxels_atlas"}
			}
		},
		{
			"name": "Voxels",
			"from": [17, 7.3333, 12],
			"to": [17.33333, 7.66663, 12.33333],
			"faces": {
				"north": {"uv": [6.75, 11.75, 6.625, 11.875], "texture": "#voxels_atlas"},
				"east": {"uv": [7.125, 11.75, 7, 11.875], "texture": "#voxels_atlas"},
				"south": {"uv": [6.75, 11.75, 6.875, 11.875], "texture": "#voxels_atlas"},
				"west": {"uv": [6.875, 11.75, 7, 11.875], "texture": "#voxels_atlas"},
				"up": {"uv": [6.5, 11.875, 6.625, 11.75], "texture": "#voxels_atlas"},
				"down": {"uv": [6.375, 11.75, 6.5, 11.875], "texture": "#voxels_atlas"}
			}
		},
		{
			"name": "Voxels",
			"from": [17, 7.3333, 12.6667],
			"to": [17.33333, 7.66663, 13.00003],
			"faces": {
				"north": {"uv": [7.5, 11.75, 7.375, 11.875], "texture": "#voxels_atlas"},
				"east": {"uv": [7.875, 11.75, 7.75, 11.875], "texture": "#voxels_atlas"},
				"south": {"uv": [7.5, 11.75, 7.625, 11.875], "texture": "#voxels_atlas"},
				"west": {"uv": [7.625, 11.75, 7.75, 11.875], "texture": "#voxels_atlas"},
				"up": {"uv": [7.25, 11.875, 7.375, 11.75], "texture": "#voxels_atlas"},
				"down": {"uv": [7.125, 11.75, 7.25, 11.875], "texture": "#voxels_atlas"}
			}
		},
		{
			"name": "Voxels",
			"from": [17, 8, 12],
			"to": [17.33333, 8.33333, 12.33333],
			"faces": {
				"north": {"uv": [8.25, 11.75, 8.125, 11.875], "texture": "#voxels_atlas"},
				"east": {"uv": [8.625, 11.75, 8.5, 11.875], "texture": "#voxels_atlas"},
				"south": {"uv": [8.25, 11.75, 8.375, 11.875], "texture": "#voxels_atlas"},
				"west": {"uv": [8.375, 11.75, 8.5, 11.875], "texture": "#voxels_atlas"},
				"up": {"uv": [8, 11.875, 8.125, 11.75], "texture": "#voxels_atlas"},
				"down": {"uv": [7.875, 11.75, 8, 11.875], "texture": "#voxels_atlas"}
			}
		},
		{
			"name": "Voxels",
			"from": [17, 8, 12.6667],
			"to": [17.33333, 8.33333, 13.00003],
			"faces": {
				"north": {"uv": [5.125, 11.625, 5, 11.75], "texture": "#voxels_atlas"},
				"east": {"uv": [5.125, 11.25, 5, 11.375], "texture": "#voxels_atlas"},
				"south": {"uv": [5, 11.5, 5.125, 11.625], "texture": "#voxels_atlas"},
				"west": {"uv": [5, 11.375, 5.125, 11.5], "texture": "#voxels_atlas"},
				"up": {"uv": [8.75, 11.875, 8.875, 11.75], "texture": "#voxels_atlas"},
				"down": {"uv": [8.625, 11.75, 8.75, 11.875], "texture": "#voxels_atlas"}
			}
		},
		{
			"name": "Voxels",
			"from": [17, 8.3333, 12.3333],
			"to": [17.66667, 8.66663, 12.66663],
			"faces": {
				"north": {"uv": [8.75, 12.375, 8.5, 12.5], "texture": "#voxels_atlas"},
				"east": {"uv": [5.125, 10.5, 5, 10.625], "texture": "#voxels_atlas"},
				"south": {"uv": [4.375, 12.25, 4.625, 12.375], "texture": "#voxels_atlas"},
				"west": {"uv": [5, 10.625, 5.125, 10.75], "texture": "#voxels_atlas"},
				"up": {"uv": [8.25, 12.5, 8.5, 12.375], "texture": "#voxels_atlas"},
				"down": {"uv": [8, 12.375, 8.25, 12.5], "texture": "#voxels_atlas"}
			}
		},
		{
			"name": "Voxels",
			"from": [17.6667, 7.3333, 12],
			"to": [18.00003, 7.66663, 12.33333],
			"faces": {
				"north": {"uv": [5.125, 10.125, 5, 10.25], "texture": "#voxels_atlas"},
				"east": {"uv": [5.125, 9.75, 5, 9.875], "texture": "#voxels_atlas"},
				"south": {"uv": [5, 10, 5.125, 10.125], "texture": "#voxels_atlas"},
				"west": {"uv": [5, 9.875, 5.125, 10], "texture": "#voxels_atlas"},
				"up": {"uv": [5, 10.375, 5.125, 10.25], "texture": "#voxels_atlas"},
				"down": {"uv": [5, 10.375, 5.125, 10.5], "texture": "#voxels_atlas"}
			}
		},
		{
			"name": "Voxels",
			"from": [17.6667, 7.3333, 12.6667],
			"to": [18.00003, 7.66663, 13.00003],
			"faces": {
				"north": {"uv": [5.125, 9.375, 5, 9.5], "texture": "#voxels_atlas"},
				"east": {"uv": [5.125, 9, 5, 9.125], "texture": "#voxels_atlas"},
				"south": {"uv": [5, 9.25, 5.125, 9.375], "texture": "#voxels_atlas"},
				"west": {"uv": [5, 9.125, 5.125, 9.25], "texture": "#voxels_atlas"},
				"up": {"uv": [5, 9.625, 5.125, 9.5], "texture": "#voxels_atlas"},
				"down": {"uv": [5, 9.625, 5.125, 9.75], "texture": "#voxels_atlas"}
			}
		},
		{
			"name": "Voxels",
			"from": [17.6667, 8, 12],
			"to": [18.00003, 8.33333, 12.33333],
			"faces": {
				"north": {"uv": [5.125, 8.625, 5, 8.75], "texture": "#voxels_atlas"},
				"east": {"uv": [5.125, 8.25, 5, 8.375], "texture": "#voxels_atlas"},
				"south": {"uv": [5, 8.5, 5.125, 8.625], "texture": "#voxels_atlas"},
				"west": {"uv": [5, 8.375, 5.125, 8.5], "texture": "#voxels_atlas"},
				"up": {"uv": [5, 8.875, 5.125, 8.75], "texture": "#voxels_atlas"},
				"down": {"uv": [5, 8.875, 5.125, 9], "texture": "#voxels_atlas"}
			}
		},
		{
			"name": "Voxels",
			"from": [17.6667, 8, 12.6667],
			"to": [18.00003, 8.33333, 13.00003],
			"faces": {
				"north": {"uv": [5.25, 11.625, 5.125, 11.75], "texture": "#voxels_atlas"},
				"east": {"uv": [5.625, 11.625, 5.5, 11.75], "texture": "#voxels_atlas"},
				"south": {"uv": [5.25, 11.625, 5.375, 11.75], "texture": "#voxels_atlas"},
				"west": {"uv": [5.375, 11.625, 5.5, 11.75], "texture": "#voxels_atlas"},
				"up": {"uv": [5, 8.125, 5.125, 8], "texture": "#voxels_atlas"},
				"down": {"uv": [5, 8.125, 5.125, 8.25], "texture": "#voxels_atlas"}
			}
		},
		{
			"name": "Voxels",
			"from": [18, 7.6667, 11.6667],
			"to": [18.66667, 8.00003, 12.00003],
			"faces": {
				"north": {"uv": [5.375, 12.25, 5.125, 12.375], "texture": "#voxels_atlas"},
				"east": {"uv": [6.375, 11.625, 6.25, 11.75], "texture": "#voxels_atlas"},
				"south": {"uv": [5.375, 12.25, 5.625, 12.375], "texture": "#voxels_atlas"},
				"west": {"uv": [6.125, 11.625, 6.25, 11.75], "texture": "#voxels_atlas"},
				"up": {"uv": [4.875, 12.375, 5.125, 12.25], "texture": "#voxels_atlas"},
				"down": {"uv": [4.625, 12.25, 4.875, 12.375], "texture": "#voxels_atlas"}
			}
		},
		{
			"name": "Voxels",
			"from": [18, 7.6667, 13],
			"to": [18.66667, 8.00003, 13.33333],
			"faces": {
				"north": {"uv": [6.375, 12.25, 6.125, 12.375], "texture": "#voxels_atlas"},
				"east": {"uv": [7.125, 11.625, 7, 11.75], "texture": "#voxels_atlas"},
				"south": {"uv": [6.375, 12.25, 6.625, 12.375], "texture": "#voxels_atlas"},
				"west": {"uv": [6.875, 11.625, 7, 11.75], "texture": "#voxels_atlas"},
				"up": {"uv": [5.875, 12.375, 6.125, 12.25], "texture": "#voxels_atlas"},
				"down": {"uv": [5.625, 12.25, 5.875, 12.375], "texture": "#voxels_atlas"}
			}
		},
		{
			"name": "Voxels",
			"from": [18.6667, 7.3333, 12],
			"to": [19.00003, 7.66663, 12.33333],
			"faces": {
				"north": {"uv": [7.5, 11.625, 7.375, 11.75], "texture": "#voxels_atlas"},
				"east": {"uv": [7.875, 11.625, 7.75, 11.75], "texture": "#voxels_atlas"},
				"south": {"uv": [7.5, 11.625, 7.625, 11.75], "texture": "#voxels_atlas"},
				"west": {"uv": [7.625, 11.625, 7.75, 11.75], "texture": "#voxels_atlas"},
				"up": {"uv": [7.25, 11.75, 7.375, 11.625], "texture": "#voxels_atlas"},
				"down": {"uv": [7.125, 11.625, 7.25, 11.75], "texture": "#voxels_atlas"}
			}
		},
		{
			"name": "Voxels",
			"from": [18.6667, 7.3333, 12.6667],
			"to": [19.00003, 7.66663, 13.00003],
			"faces": {
				"north": {"uv": [8.25, 11.625, 8.125, 11.75], "texture": "#voxels_atlas"},
				"east": {"uv": [8.625, 11.625, 8.5, 11.75], "texture": "#voxels_atlas"},
				"south": {"uv": [8.25, 11.625, 8.375, 11.75], "texture": "#voxels_atlas"},
				"west": {"uv": [8.375, 11.625, 8.5, 11.75], "texture": "#voxels_atlas"},
				"up": {"uv": [8, 11.75, 8.125, 11.625], "texture": "#voxels_atlas"},
				"down": {"uv": [7.875, 11.625, 8, 11.75], "texture": "#voxels_atlas"}
			}
		},
		{
			"name": "Voxels",
			"from": [18.6667, 8, 12],
			"to": [19.00003, 8.33333, 12.33333],
			"faces": {
				"north": {"uv": [5.25, 11.5, 5.125, 11.625], "texture": "#voxels_atlas"},
				"east": {"uv": [5.25, 11.125, 5.125, 11.25], "texture": "#voxels_atlas"},
				"south": {"uv": [5.125, 11.375, 5.25, 11.5], "texture": "#voxels_atlas"},
				"west": {"uv": [5.125, 11.25, 5.25, 11.375], "texture": "#voxels_atlas"},
				"up": {"uv": [8.75, 11.75, 8.875, 11.625], "texture": "#voxels_atlas"},
				"down": {"uv": [8.625, 11.625, 8.75, 11.75], "texture": "#voxels_atlas"}
			}
		},
		{
			"name": "Voxels",
			"from": [18.6667, 8, 12.6667],
			"to": [19.00003, 8.33333, 13.00003],
			"faces": {
				"north": {"uv": [5.25, 10.75, 5.125, 10.875], "texture": "#voxels_atlas"},
				"east": {"uv": [5.25, 10.375, 5.125, 10.5], "texture": "#voxels_atlas"},
				"south": {"uv": [5.125, 10.625, 5.25, 10.75], "texture": "#voxels_atlas"},
				"west": {"uv": [5.125, 10.5, 5.25, 10.625], "texture": "#voxels_atlas"},
				"up": {"uv": [5.125, 11, 5.25, 10.875], "texture": "#voxels_atlas"},
				"down": {"uv": [5.125, 11, 5.25, 11.125], "texture": "#voxels_atlas"}
			}
		},
		{
			"name": "Voxels",
			"from": [19, 7, 12.3333],
			"to": [19.66667, 7.33333, 12.66663],
			"faces": {
				"north": {"uv": [7.375, 12.25, 7.125, 12.375], "texture": "#voxels_atlas"},
				"east": {"uv": [5.25, 9.625, 5.125, 9.75], "texture": "#voxels_atlas"},
				"south": {"uv": [7.375, 12.25, 7.625, 12.375], "texture": "#voxels_atlas"},
				"west": {"uv": [5.125, 9.75, 5.25, 9.875], "texture": "#voxels_atlas"},
				"up": {"uv": [6.875, 12.375, 7.125, 12.25], "texture": "#voxels_atlas"},
				"down": {"uv": [6.625, 12.25, 6.875, 12.375], "texture": "#voxels_atlas"}
			}
		},
		{
			"name": "Voxels",
			"from": [19, 8.3333, 12.3333],
			"to": [19.66667, 8.66663, 12.66663],
			"faces": {
				"north": {"uv": [8.375, 12.25, 8.125, 12.375], "texture": "#voxels_atlas"},
				"east": {"uv": [5.25, 8.875, 5.125, 9], "texture": "#voxels_atlas"},
				"south": {"uv": [8.375, 12.25, 8.625, 12.375], "texture": "#voxels_atlas"},
				"west": {"uv": [5.125, 9, 5.25, 9.125], "texture": "#voxels_atlas"},
				"up": {"uv": [7.875, 12.375, 8.125, 12.25], "texture": "#voxels_atlas"},
				"down": {"uv": [7.625, 12.25, 7.875, 12.375], "texture": "#voxels_atlas"}
			}
		},
		{
			"name": "Voxels",
			"from": [19.6667, 7.3333, 12],
			"to": [20.33337, 7.66663, 12.33333],
			"faces": {
				"north": {"uv": [4.625, 12, 4.375, 12.125], "texture": "#voxels_atlas"},
				"east": {"uv": [5.25, 8.125, 5.125, 8.25], "texture": "#voxels_atlas"},
				"south": {"uv": [4.375, 11.625, 4.625, 11.75], "texture": "#voxels_atlas"},
				"west": {"uv": [5.125, 8.25, 5.25, 8.375], "texture": "#voxels_atlas"},
				"up": {"uv": [4.375, 12.25, 4.625, 12.125], "texture": "#voxels_atlas"},
				"down": {"uv": [8.625, 12.25, 8.875, 12.375], "texture": "#voxels_atlas"}
			}
		},
		{
			"name": "Voxels",
			"from": [19.6667, 7.3333, 12.6667],
			"to": [20.33337, 7.66663, 13.00003],
			"faces": {
				"north": {"uv": [4.625, 11.25, 4.375, 11.375], "texture": "#voxels_atlas"},
				"east": {"uv": [5.875, 11.5, 5.75, 11.625], "texture": "#voxels_atlas"},
				"south": {"uv": [4.375, 11.125, 4.625, 11.25], "texture": "#voxels_atlas"},
				"west": {"uv": [5.625, 11.5, 5.75, 11.625], "texture": "#voxels_atlas"},
				"up": {"uv": [4.375, 11.5, 4.625, 11.375], "texture": "#voxels_atlas"},
				"down": {"uv": [4.375, 11.5, 4.625, 11.625], "texture": "#voxels_atlas"}
			}
		},
		{
			"name": "Voxels",
			"from": [19.6667, 8, 12],
			"to": [20.33337, 8.33333, 12.33333],
			"faces": {
				"north": {"uv": [4.625, 10.75, 4.375, 10.875], "texture": "#voxels_atlas"},
				"east": {"uv": [6.625, 11.5, 6.5, 11.625], "texture": "#voxels_atlas"},
				"south": {"uv": [4.375, 10.625, 4.625, 10.75], "texture": "#voxels_atlas"},
				"west": {"uv": [6.375, 11.5, 6.5, 11.625], "texture": "#voxels_atlas"},
				"up": {"uv": [4.375, 11, 4.625, 10.875], "texture": "#voxels_atlas"},
				"down": {"uv": [4.375, 11, 4.625, 11.125], "texture": "#voxels_atlas"}
			}
		},
		{
			"name": "Voxels",
			"from": [19.6667, 8, 12.6667],
			"to": [20.33337, 8.33333, 13.00003],
			"faces": {
				"north": {"uv": [4.625, 10.125, 4.375, 10.25], "texture": "#voxels_atlas"},
				"east": {"uv": [7.375, 11.5, 7.25, 11.625], "texture": "#voxels_atlas"},
				"south": {"uv": [4.375, 10, 4.625, 10.125], "texture": "#voxels_atlas"},
				"west": {"uv": [7.125, 11.5, 7.25, 11.625], "texture": "#voxels_atlas"},
				"up": {"uv": [3.25, 8.25, 3.5, 8.125], "texture": "#voxels_atlas"},
				"down": {"uv": [4.375, 10.5, 4.625, 10.625], "texture": "#voxels_atlas"}
			}
		},
		{
			"name": "Voxels",
			"from": [20.3333, 7.6667, 11.6667],
			"to": [20.66663, 8.00003, 12.00003],
			"faces": {
				"north": {"uv": [7.75, 11.5, 7.625, 11.625], "texture": "#voxels_atlas"},
				"east": {"uv": [8.125, 11.5, 8, 11.625], "texture": "#voxels_atlas"},
				"south": {"uv": [7.75, 11.5, 7.875, 11.625], "texture": "#voxels_atlas"},
				"west": {"uv": [7.875, 11.5, 8, 11.625], "texture": "#voxels_atlas"},
				"up": {"uv": [7.5, 11.625, 7.625, 11.5], "texture": "#voxels_atlas"},
				"down": {"uv": [7.375, 11.5, 7.5, 11.625], "texture": "#voxels_atlas"}
			}
		},
		{
			"name": "Voxels",
			"from": [20.3333, 7.6667, 13],
			"to": [20.66663, 8.00003, 13.33333],
			"faces": {
				"north": {"uv": [8.5, 11.5, 8.375, 11.625], "texture": "#voxels_atlas"},
				"east": {"uv": [8.875, 11.5, 8.75, 11.625], "texture": "#voxels_atlas"},
				"south": {"uv": [8.5, 11.5, 8.625, 11.625], "texture": "#voxels_atlas"},
				"west": {"uv": [8.625, 11.5, 8.75, 11.625], "texture": "#voxels_atlas"},
				"up": {"uv": [8.25, 11.625, 8.375, 11.5], "texture": "#voxels_atlas"},
				"down": {"uv": [8.125, 11.5, 8.25, 11.625], "texture": "#voxels_atlas"}
			}
		},
		{
			"name": "Voxels",
			"from": [21, 7.3333, 12],
			"to": [21.66667, 7.66663, 12.33333],
			"faces": {
				"north": {"uv": [4.625, 9.625, 4.375, 9.75], "texture": "#voxels_atlas"},
				"east": {"uv": [5.375, 10.75, 5.25, 10.875], "texture": "#voxels_atlas"},
				"south": {"uv": [4.375, 9.5, 4.625, 9.625], "texture": "#voxels_atlas"},
				"west": {"uv": [5.25, 10.875, 5.375, 11], "texture": "#voxels_atlas"},
				"up": {"uv": [4.375, 9.875, 4.625, 9.75], "texture": "#voxels_atlas"},
				"down": {"uv": [4.375, 9.875, 4.625, 10], "texture": "#voxels_atlas"}
			}
		},
		{
			"name": "Voxels",
			"from": [21, 7.3333, 12.6667],
			"to": [21.66667, 7.66663, 13.00003],
			"faces": {
				"north": {"uv": [0.875, 10.625, 0.625, 10.75], "texture": "#voxels_atlas"},
				"east": {"uv": [5.375, 10, 5.25, 10.125], "texture": "#voxels_atlas"},
				"south": {"uv": [0.625, 10.25, 0.875, 10.375], "texture": "#voxels_atlas"},
				"west": {"uv": [5.25, 10.125, 5.375, 10.25], "texture": "#voxels_atlas"},
				"up": {"uv": [4.375, 9.375, 4.625, 9.25], "texture": "#voxels_atlas"},
				"down": {"uv": [4.375, 9.375, 4.625, 9.5], "texture": "#voxels_atlas"}
			}
		},
		{
			"name": "Voxels",
			"from": [21, 7.6667, 11.6667],
			"to": [22.33333, 8.00003, 12.00003],
			"faces": {
				"north": {"uv": [3.125, 12.125, 2.625, 12.25], "texture": "#voxels_atlas"},
				"east": {"uv": [5.375, 9.25, 5.25, 9.375], "texture": "#voxels_atlas"},
				"south": {"uv": [2.625, 12.375, 3.125, 12.5], "texture": "#voxels_atlas"},
				"west": {"uv": [5.25, 9.375, 5.375, 9.5], "texture": "#voxels_atlas"},
				"up": {"uv": [2.625, 12.125, 3.125, 12], "texture": "#voxels_atlas"},
				"down": {"uv": [2.625, 11.875, 3.125, 12], "texture": "#voxels_atlas"}
			}
		},
		{
			"name": "Voxels",
			"from": [21, 7.6667, 13],
			"to": [22.33333, 8.00003, 13.33333],
			"faces": {
				"north": {"uv": [3.125, 12.25, 2.625, 12.375], "texture": "#voxels_atlas"},
				"east": {"uv": [5.375, 8.5, 5.25, 8.625], "texture": "#voxels_atlas"},
				"south": {"uv": [1.875, 8.125, 2.375, 8.25], "texture": "#voxels_atlas"},
				"west": {"uv": [5.25, 8.625, 5.375, 8.75], "texture": "#voxels_atlas"},
				"up": {"uv": [15.5, 15.125, 16, 15], "texture": "#voxels_atlas"},
				"down": {"uv": [1.875, 8, 2.375, 8.125], "texture": "#voxels_atlas"}
			}
		},
		{
			"name": "Voxels",
			"from": [21, 8, 12],
			"to": [21.66667, 8.33333, 12.33333],
			"faces": {
				"north": {"uv": [0.875, 8.375, 0.625, 8.5], "texture": "#voxels_atlas"},
				"east": {"uv": [5.625, 11.375, 5.5, 11.5], "texture": "#voxels_atlas"},
				"south": {"uv": [0.625, 8.25, 0.875, 8.375], "texture": "#voxels_atlas"},
				"west": {"uv": [5.375, 11.375, 5.5, 11.5], "texture": "#voxels_atlas"},
				"up": {"uv": [0.625, 8.625, 0.875, 8.5], "texture": "#voxels_atlas"},
				"down": {"uv": [0.625, 8.625, 0.875, 8.75], "texture": "#voxels_atlas"}
			}
		},
		{
			"name": "Voxels",
			"from": [21, 8, 12.6667],
			"to": [21.66667, 8.33333, 13.00003],
			"faces": {
				"north": {"uv": [1.875, 8.625, 1.625, 8.75], "texture": "#voxels_atlas"},
				"east": {"uv": [6.375, 11.375, 6.25, 11.5], "texture": "#voxels_atlas"},
				"south": {"uv": [1.625, 8.5, 1.875, 8.625], "texture": "#voxels_atlas"},
				"west": {"uv": [6.125, 11.375, 6.25, 11.5], "texture": "#voxels_atlas"},
				"up": {"uv": [0.625, 8.125, 0.875, 8], "texture": "#voxels_atlas"},
				"down": {"uv": [0.625, 8.125, 0.875, 8.25], "texture": "#voxels_atlas"}
			}
		},
		{
			"name": "Voxels",
			"from": [21.3333, 7.3333, 11.6667],
			"to": [21.99997, 7.66663, 12.00003],
			"faces": {
				"north": {"uv": [2.625, 8, 2.375, 8.125], "texture": "#voxels_atlas"},
				"east": {"uv": [7.125, 11.375, 7, 11.5], "texture": "#voxels_atlas"},
				"south": {"uv": [3.25, 11.25, 3.5, 11.375], "texture": "#voxels_atlas"},
				"west": {"uv": [6.875, 11.375, 7, 11.5], "texture": "#voxels_atlas"},
				"up": {"uv": [1.625, 8.375, 1.875, 8.25], "texture": "#voxels_atlas"},
				"down": {"uv": [1.625, 8.375, 1.875, 8.5], "texture": "#voxels_atlas"}
			}
		},
		{
			"name": "Voxels",
			"from": [21.3333, 7.3333, 13],
			"to": [21.99997, 7.66663, 13.33333],
			"faces": {
				"north": {"uv": [3.5, 10.875, 3.25, 11], "texture": "#voxels_atlas"},
				"east": {"uv": [7.875, 11.375, 7.75, 11.5], "texture": "#voxels_atlas"},
				"south": {"uv": [3.25, 10.75, 3.5, 10.875], "texture": "#voxels_atlas"},
				"west": {"uv": [7.625, 11.375, 7.75, 11.5], "texture": "#voxels_atlas"},
				"up": {"uv": [3.25, 11.125, 3.5, 11], "texture": "#voxels_atlas"},
				"down": {"uv": [3.25, 11.125, 3.5, 11.25], "texture": "#voxels_atlas"}
			}
		},
		{
			"name": "Voxels",
			"from": [21.3333, 7.6667, 11.3333],
			"to": [21.99997, 8.00003, 11.66663],
			"faces": {
				"north": {"uv": [3.5, 10.375, 3.25, 10.5], "texture": "#voxels_atlas"},
				"east": {"uv": [8.625, 11.375, 8.5, 11.5], "texture": "#voxels_atlas"},
				"south": {"uv": [3.25, 10.25, 3.5, 10.375], "texture": "#voxels_atlas"},
				"west": {"uv": [8.375, 11.375, 8.5, 11.5], "texture": "#voxels_atlas"},
				"up": {"uv": [3.25, 10.625, 3.5, 10.5], "texture": "#voxels_atlas"},
				"down": {"uv": [3.25, 10.625, 3.5, 10.75], "texture": "#voxels_atlas"}
			}
		},
		{
			"name": "Voxels",
			"from": [21.3333, 7.6667, 13.3333],
			"to": [21.99997, 8.00003, 13.66663],
			"faces": {
				"north": {"uv": [3.5, 9.875, 3.25, 10], "texture": "#voxels_atlas"},
				"east": {"uv": [5.5, 10.875, 5.375, 11], "texture": "#voxels_atlas"},
				"south": {"uv": [3.25, 9.75, 3.5, 9.875], "texture": "#voxels_atlas"},
				"west": {"uv": [5.375, 11, 5.5, 11.125], "texture": "#voxels_atlas"},
				"up": {"uv": [3.25, 10.125, 3.5, 10], "texture": "#voxels_atlas"},
				"down": {"uv": [3.25, 10.125, 3.5, 10.25], "texture": "#voxels_atlas"}
			}
		},
		{
			"name": "Voxels",
			"from": [21.3333, 8, 11.6667],
			"to": [21.99997, 8.33333, 12.00003],
			"faces": {
				"north": {"uv": [3.5, 9.375, 3.25, 9.5], "texture": "#voxels_atlas"},
				"east": {"uv": [5.5, 10.125, 5.375, 10.25], "texture": "#voxels_atlas"},
				"south": {"uv": [3.25, 9.25, 3.5, 9.375], "texture": "#voxels_atlas"},
				"west": {"uv": [5.375, 10.25, 5.5, 10.375], "texture": "#voxels_atlas"},
				"up": {"uv": [3.25, 9.625, 3.5, 9.5], "texture": "#voxels_atlas"},
				"down": {"uv": [3.25, 9.625, 3.5, 9.75], "texture": "#voxels_atlas"}
			}
		},
		{
			"name": "Voxels",
			"from": [21.3333, 8, 13],
			"to": [21.99997, 8.33333, 13.33333],
			"faces": {
				"north": {"uv": [3.5, 8.875, 3.25, 9], "texture": "#voxels_atlas"},
				"east": {"uv": [5.5, 9.375, 5.375, 9.5], "texture": "#voxels_atlas"},
				"south": {"uv": [3.25, 8.75, 3.5, 8.875], "texture": "#voxels_atlas"},
				"west": {"uv": [5.375, 9.5, 5.5, 9.625], "texture": "#voxels_atlas"},
				"up": {"uv": [3.25, 9.125, 3.5, 9], "texture": "#voxels_atlas"},
				"down": {"uv": [3.25, 9.125, 3.5, 9.25], "texture": "#voxels_atlas"}
			}
		},
		{
			"name": "Voxels",
			"from": [22, 7.3333, 12],
			"to": [22.33333, 7.66663, 12.33333],
			"faces": {
				"north": {"uv": [5.5, 9, 5.375, 9.125], "texture": "#voxels_atlas"},
				"east": {"uv": [5.5, 8.625, 5.375, 8.75], "texture": "#voxels_atlas"},
				"south": {"uv": [5.375, 8.875, 5.5, 9], "texture": "#voxels_atlas"},
				"west": {"uv": [5.375, 8.75, 5.5, 8.875], "texture": "#voxels_atlas"},
				"up": {"uv": [5.375, 9.25, 5.5, 9.125], "texture": "#voxels_atlas"},
				"down": {"uv": [5.375, 9.25, 5.5, 9.375], "texture": "#voxels_atlas"}
			}
		},
		{
			"name": "Voxels",
			"from": [22, 7.3333, 12.6667],
			"to": [22.33333, 7.66663, 13.00003],
			"faces": {
				"north": {"uv": [5.5, 8.25, 5.375, 8.375], "texture": "#voxels_atlas"},
				"east": {"uv": [5.625, 11.25, 5.5, 11.375], "texture": "#voxels_atlas"},
				"south": {"uv": [5.375, 8.125, 5.5, 8.25], "texture": "#voxels_atlas"},
				"west": {"uv": [5.375, 8, 5.5, 8.125], "texture": "#voxels_atlas"},
				"up": {"uv": [5.375, 8.5, 5.5, 8.375], "texture": "#voxels_atlas"},
				"down": {"uv": [5.375, 8.5, 5.5, 8.625], "texture": "#voxels_atlas"}
			}
		},
		{
			"name": "Voxels",
			"from": [22, 8, 12],
			"to": [22.33333, 8.33333, 12.33333],
			"faces": {
				"north": {"uv": [6, 11.25, 5.875, 11.375], "texture": "#voxels_atlas"},
				"east": {"uv": [6.375, 11.25, 6.25, 11.375], "texture": "#voxels_atlas"},
				"south": {"uv": [6, 11.25, 6.125, 11.375], "texture": "#voxels_atlas"},
				"west": {"uv": [6.125, 11.25, 6.25, 11.375], "texture": "#voxels_atlas"},
				"up": {"uv": [5.75, 11.375, 5.875, 11.25], "texture": "#voxels_atlas"},
				"down": {"uv": [5.625, 11.25, 5.75, 11.375], "texture": "#voxels_atlas"}
			}
		},
		{
			"name": "Voxels",
			"from": [22, 8, 12.6667],
			"to": [22.33333, 8.33333, 13.00003],
			"faces": {
				"north": {"uv": [6.75, 11.25, 6.625, 11.375], "texture": "#voxels_atlas"},
				"east": {"uv": [7.125, 11.25, 7, 11.375], "texture": "#voxels_atlas"},
				"south": {"uv": [6.75, 11.25, 6.875, 11.375], "texture": "#voxels_atlas"},
				"west": {"uv": [6.875, 11.25, 7, 11.375], "texture": "#voxels_atlas"},
				"up": {"uv": [6.5, 11.375, 6.625, 11.25], "texture": "#voxels_atlas"},
				"down": {"uv": [6.375, 11.25, 6.5, 11.375], "texture": "#voxels_atlas"}
			}
		},
		{
			"name": "Voxels",
			"from": [22.3333, 7.3333, 12.3333],
			"to": [22.66663, 7.66663, 12.66663],
			"faces": {
				"north": {"uv": [7.5, 11.25, 7.375, 11.375], "texture": "#voxels_atlas"},
				"east": {"uv": [7.875, 11.25, 7.75, 11.375], "texture": "#voxels_atlas"},
				"south": {"uv": [7.5, 11.25, 7.625, 11.375], "texture": "#voxels_atlas"},
				"west": {"uv": [7.625, 11.25, 7.75, 11.375], "texture": "#voxels_atlas"},
				"up": {"uv": [7.25, 11.375, 7.375, 11.25], "texture": "#voxels_atlas"},
				"down": {"uv": [7.125, 11.25, 7.25, 11.375], "texture": "#voxels_atlas"}
			}
		},
		{
			"name": "Voxels",
			"from": [22.3333, 8, 12.3333],
			"to": [22.66663, 8.33333, 12.66663],
			"faces": {
				"north": {"uv": [8.25, 11.25, 8.125, 11.375], "texture": "#voxels_atlas"},
				"east": {"uv": [8.625, 11.25, 8.5, 11.375], "texture": "#voxels_atlas"},
				"south": {"uv": [8.25, 11.25, 8.375, 11.375], "texture": "#voxels_atlas"},
				"west": {"uv": [8.375, 11.25, 8.5, 11.375], "texture": "#voxels_atlas"},
				"up": {"uv": [8, 11.375, 8.125, 11.25], "texture": "#voxels_atlas"},
				"down": {"uv": [7.875, 11.25, 8, 11.375], "texture": "#voxels_atlas"}
			}
		}
	],
	"display": {
		"thirdperson_righthand": {
			"rotation": [6, -0.25, -91],
			"translation": [0.75, 14.25, -0.25],
			"scale": [1.49023, 1, 1.01563]
		},
		"thirdperson_lefthand": {
			"rotation": [-32, 408.5, 5.5],
			"translation": [-9.62, -10.4594, 3.055],
			"scale": [1.43164, 1, 1]
		},
		"firstperson_righthand": {
			"rotation": [0, 0, -103.75],
			"translation": [0, 11.25, -2]
		},
		"firstperson_lefthand": {
			"scale": [0, 0, 0]
		},
		"ground": {
			"rotation": [6.5, -12, 85],
			"translation": [0, 8.5, 0]
		},
		"gui": {
			"rotation": [-69.5, 134.5, -9.75],
			"translation": [-2.5, 3.75, 0],
			"scale": [0.80273, 1, 1]
		},
		"head": {
			"scale": [0, 0, 0]
		},
		"fixed": {
			"rotation": [-84.75, 0, 0],
			"translation": [-1.75, -4, -2.5]
		}
	}
}