{
	"credit": "Made with Blockbench",
	"textures": {
		"particle": "dagger/scifi_dagger_texture",
		"texture": "dagger/scifi_dagger_texture",
		"scifi_dagger_glow_animation_texture": "dagger/scifi_dagger_glow_animation_texture"
	},
	"elements": [
		{
			"from": [-4.5, 7.25, 8.25],
			"to": [8.75, 8.75, 8.75],
			"faces": {
				"north": {"uv": [4.625, 0.875, 13.375, 2.375], "texture": "#texture"},
				"east": {"uv": [6.625, 0.625, 7.125, 2.125], "texture": "#texture"},
				"south": {"uv": [4.625, 0.875, 13.375, 2.375], "texture": "#texture"},
				"west": {"uv": [6.625, 0.625, 7.125, 2.125], "texture": "#texture"},
				"up": {"uv": [3, 0.875, 11.75, 1.375], "texture": "#texture"},
				"down": {"uv": [3, 0.875, 11.75, 1.375], "texture": "#texture"}
			}
		},
		{
			"from": [-5.5625, 6.8125, 8.25],
			"to": [-5.0625, 8.3125, 8.75],
			"rotation": {"angle": 45, "axis": "z", "origin": [-5.5625, 8.3125, 8.25]},
			"faces": {
				"north": {"uv": [2.5, 0.75, 3.5, 2.75], "texture": "#texture"},
				"east": {"uv": [6.25, 0.625, 7.5, 2.875], "texture": "#texture"},
				"south": {"uv": [2.5, 0.75, 3.5, 2.75], "texture": "#texture"},
				"west": {"uv": [6.25, 0.625, 7.5, 2.875], "texture": "#texture"},
				"up": {"uv": [5.375, 1, 6.625, 2.25], "texture": "#texture"},
				"down": {"uv": [5.375, 1, 6.625, 2.25], "texture": "#texture"}
			}
		},
		{
			"from": [-5.75, 8.5, 8.25],
			"to": [-4, 8.75, 8.75],
			"faces": {
				"north": {"uv": [2.5, 0.75, 3.5, 2.75], "texture": "#texture"},
				"east": {"uv": [6.25, 0.625, 7.5, 2.875], "texture": "#texture"},
				"south": {"uv": [2.5, 0.75, 3.5, 2.75], "texture": "#texture"},
				"west": {"uv": [6.25, 0.625, 7.5, 2.875], "texture": "#texture"},
				"up": {"uv": [5.375, 1, 6.625, 2.25], "texture": "#texture"},
				"down": {"uv": [5.375, 1, 6.625, 2.25], "texture": "#texture"}
			}
		},
		{
			"from": [-5, 7.9375, 8.25],
			"to": [-4, 8.6875, 8.75],
			"faces": {
				"north": {"uv": [2.5, 0.75, 3.5, 2.75], "texture": "#texture"},
				"east": {"uv": [6.25, 0.625, 7.5, 2.875], "texture": "#texture"},
				"south": {"uv": [2.5, 0.75, 3.5, 2.75], "texture": "#texture"},
				"west": {"uv": [6.25, 0.625, 7.5, 2.875], "texture": "#texture"},
				"up": {"uv": [5.375, 1, 6.625, 2.25], "texture": "#texture"},
				"down": {"uv": [5.375, 1, 6.625, 2.25], "texture": "#texture"}
			}
		},
		{
			"from": [-4.5, 9.25, 8.25],
			"to": [8.75, 10.75, 8.75],
			"faces": {
				"north": {"uv": [4.625, 0.875, 13.375, 2.375], "texture": "#texture"},
				"east": {"uv": [6.625, 0.625, 7.125, 2.125], "texture": "#texture"},
				"south": {"uv": [4.625, 0.875, 13.375, 2.375], "texture": "#texture"},
				"west": {"uv": [6.625, 0.625, 7.125, 2.125], "texture": "#texture"},
				"up": {"uv": [3, 0.875, 11.75, 1.375], "texture": "#texture"},
				"down": {"uv": [3, 0.875, 11.75, 1.375], "texture": "#texture"}
			}
		},
		{
			"from": [-5.5625, 8.4375, 8.25],
			"to": [-5.3125, 8.6875, 8.75],
			"rotation": {"angle": -45, "axis": "z", "origin": [-5.5625, 8.6875, 8.25]},
			"faces": {
				"north": {"uv": [2.5, 0.75, 3.5, 2.75], "texture": "#texture"},
				"east": {"uv": [6.25, 0.625, 7.5, 2.875], "texture": "#texture"},
				"south": {"uv": [2.5, 0.75, 3.5, 2.75], "texture": "#texture"},
				"west": {"uv": [6.25, 0.625, 7.5, 2.875], "texture": "#texture"},
				"up": {"uv": [5.375, 1, 6.625, 2.25], "texture": "#texture"},
				"down": {"uv": [5.375, 1, 6.625, 2.25], "texture": "#texture"}
			}
		},
		{
			"from": [-5.75, 9.25, 8.25],
			"to": [-4, 9.5, 8.75],
			"faces": {
				"north": {"uv": [2.5, 0.75, 3.5, 2.75], "texture": "#texture"},
				"east": {"uv": [6.25, 0.625, 7.5, 2.875], "texture": "#texture"},
				"south": {"uv": [2.5, 0.75, 3.5, 2.75], "texture": "#texture"},
				"west": {"uv": [6.25, 0.625, 7.5, 2.875], "texture": "#texture"},
				"up": {"uv": [5.375, 1, 6.625, 2.25], "texture": "#texture"},
				"down": {"uv": [5.375, 1, 6.625, 2.25], "texture": "#texture"}
			}
		},
		{
			"from": [-4.5, 9.25, 8.25],
			"to": [-4, 10.75, 8.75],
			"rotation": {"angle": -45, "axis": "z", "origin": [-4.5, 10.75, 8.25]},
			"faces": {
				"north": {"uv": [2.5, 0.75, 3.5, 2.75], "texture": "#texture"},
				"east": {"uv": [6.25, 0.625, 7.5, 2.875], "texture": "#texture"},
				"south": {"uv": [2.5, 0.75, 3.5, 2.75], "texture": "#texture"},
				"west": {"uv": [6.25, 0.625, 7.5, 2.875], "texture": "#texture"},
				"up": {"uv": [5.375, 1, 6.625, 2.25], "texture": "#texture"},
				"down": {"uv": [5.375, 1, 6.625, 2.25], "texture": "#texture"}
			}
		},
		{
			"from": [-5.5625, 9.4375, 8.25],
			"to": [-5.3125, 9.6875, 8.75],
			"rotation": {"angle": -45, "axis": "z", "origin": [-5.5625, 9.6875, 8.25]},
			"faces": {
				"north": {"uv": [2.5, 0.75, 3.5, 2.75], "texture": "#texture"},
				"east": {"uv": [6.25, 0.625, 7.5, 2.875], "texture": "#texture"},
				"south": {"uv": [2.5, 0.75, 3.5, 2.75], "texture": "#texture"},
				"west": {"uv": [6.25, 0.625, 7.5, 2.875], "texture": "#texture"},
				"up": {"uv": [5.375, 1, 6.625, 2.25], "texture": "#texture"},
				"down": {"uv": [5.375, 1, 6.625, 2.25], "texture": "#texture"}
			}
		},
		{
			"from": [-5, 9.4375, 8.25],
			"to": [-4, 10.1875, 8.75],
			"faces": {
				"north": {"uv": [2.5, 0.75, 3.5, 2.75], "texture": "#texture"},
				"east": {"uv": [6.25, 0.625, 7.5, 2.875], "texture": "#texture"},
				"south": {"uv": [2.5, 0.75, 3.5, 2.75], "texture": "#texture"},
				"west": {"uv": [6.25, 0.625, 7.5, 2.875], "texture": "#texture"},
				"up": {"uv": [5.375, 1, 6.625, 2.25], "texture": "#texture"},
				"down": {"uv": [5.375, 1, 6.625, 2.25], "texture": "#texture"}
			}
		},
		{
			"from": [8.75, 9.25, 8.25],
			"to": [10.5, 10.75, 8.75],
			"rotation": {"angle": -22.5, "axis": "z", "origin": [8.75, 10.75, 8.25]},
			"faces": {
				"north": {"uv": [2.5, 0.75, 3.5, 2.75], "texture": "#texture"},
				"east": {"uv": [6.25, 0.625, 7.5, 2.875], "texture": "#texture"},
				"south": {"uv": [2.5, 0.75, 3.5, 2.75], "texture": "#texture"},
				"west": {"uv": [6.25, 0.625, 7.5, 2.875], "texture": "#texture"},
				"up": {"uv": [5.375, 1, 6.625, 2.25], "texture": "#texture"},
				"down": {"uv": [5.375, 1, 6.625, 2.25], "texture": "#texture"}
			}
		},
		{
			"from": [8.1875, 7.125, 8.25],
			"to": [9.9375, 8.625, 8.75],
			"rotation": {"angle": 22.5, "axis": "z", "origin": [8.1875, 8.625, 8.25]},
			"faces": {
				"north": {"uv": [2.5, 0.75, 3.5, 2.75], "texture": "#texture"},
				"east": {"uv": [6.25, 0.625, 7.5, 2.875], "texture": "#texture"},
				"south": {"uv": [2.5, 0.75, 3.5, 2.75], "texture": "#texture"},
				"west": {"uv": [6.25, 0.625, 7.5, 2.875], "texture": "#texture"},
				"up": {"uv": [5.375, 1, 6.625, 2.25], "texture": "#texture"},
				"down": {"uv": [5.375, 1, 6.625, 2.25], "texture": "#texture"}
			}
		},
		{
			"from": [9.125, 9.75, 8.25],
			"to": [10.875, 10.5, 8.75],
			"rotation": {"angle": 22.5, "axis": "z", "origin": [9.125, 10.5, 8.25]},
			"faces": {
				"north": {"uv": [2.5, 0.75, 3.5, 2.75], "texture": "#texture"},
				"east": {"uv": [6.25, 0.625, 7.5, 2.875], "texture": "#texture"},
				"south": {"uv": [2.5, 0.75, 3.5, 2.75], "texture": "#texture"},
				"west": {"uv": [6.25, 0.625, 7.5, 2.875], "texture": "#texture"},
				"up": {"uv": [5.375, 1, 6.625, 2.25], "texture": "#texture"},
				"down": {"uv": [5.375, 1, 6.625, 2.25], "texture": "#texture"}
			}
		},
		{
			"from": [9.6875, 7.9375, 8.25],
			"to": [10.4375, 10.0625, 8.75],
			"faces": {
				"north": {"uv": [2.5, 0.75, 3.5, 2.75], "texture": "#texture"},
				"east": {"uv": [6.25, 0.625, 7.5, 2.875], "texture": "#texture"},
				"south": {"uv": [2.5, 0.75, 3.5, 2.75], "texture": "#texture"},
				"west": {"uv": [6.25, 0.625, 7.5, 2.875], "texture": "#texture"},
				"up": {"uv": [5.375, 1, 6.625, 2.25], "texture": "#texture"},
				"down": {"uv": [5.375, 1, 6.625, 2.25], "texture": "#texture"}
			}
		},
		{
			"from": [9.375, 7.375, 8.25],
			"to": [11.125, 8.125, 8.75],
			"rotation": {"angle": -22.5, "axis": "z", "origin": [9.375, 8.125, 8.25]},
			"faces": {
				"north": {"uv": [2.5, 0.75, 3.5, 2.75], "texture": "#texture"},
				"east": {"uv": [6.25, 0.625, 7.5, 2.875], "texture": "#texture"},
				"south": {"uv": [2.5, 0.75, 3.5, 2.75], "texture": "#texture"},
				"west": {"uv": [6.25, 0.625, 7.5, 2.875], "texture": "#texture"},
				"up": {"uv": [5.375, 1, 6.625, 2.25], "texture": "#texture"},
				"down": {"uv": [5.375, 1, 6.625, 2.25], "texture": "#texture"}
			}
		},
		{
			"from": [10.375, 10.125, 8.125],
			"to": [12.125, 11.125, 8.875],
			"rotation": {"angle": 22.5, "axis": "z", "origin": [10.375, 11.125, 8.125]},
			"faces": {
				"north": {"uv": [5.75, 0.625, 7.625, 2.25], "texture": "#texture"},
				"east": {"uv": [6.125, 0.375, 8.125, 1.875], "texture": "#texture"},
				"south": {"uv": [5.75, 0.625, 7.625, 2.25], "texture": "#texture"},
				"west": {"uv": [6.125, 0.375, 8.125, 1.875], "texture": "#texture"},
				"up": {"uv": [8.375, 1, 11.125, 2.625], "texture": "#texture"},
				"down": {"uv": [8.375, 1, 11.125, 2.625], "texture": "#texture"}
			}
		},
		{
			"from": [10.75, 6.75, 8.125],
			"to": [12.5, 7.75, 8.875],
			"rotation": {"angle": -22.5, "axis": "z", "origin": [10.75, 7.75, 8.125]},
			"faces": {
				"north": {"uv": [5.75, 0.625, 7.625, 2.25], "texture": "#texture"},
				"east": {"uv": [6.125, 0.375, 8.125, 1.875], "texture": "#texture"},
				"south": {"uv": [5.75, 0.625, 7.625, 2.25], "texture": "#texture"},
				"west": {"uv": [6.125, 0.375, 8.125, 1.875], "texture": "#texture"},
				"up": {"uv": [8.375, 1, 11.125, 2.625], "texture": "#texture"},
				"down": {"uv": [8.375, 1, 11.125, 2.625], "texture": "#texture"}
			}
		},
		{
			"from": [12, 10.625, 8],
			"to": [13.125, 11.875, 9],
			"faces": {
				"north": {"uv": [5.75, 0.625, 7.625, 2.25], "texture": "#texture"},
				"east": {"uv": [6.125, 0.375, 8.125, 1.875], "texture": "#texture"},
				"south": {"uv": [5.75, 0.625, 7.625, 2.25], "texture": "#texture"},
				"west": {"uv": [6.125, 0.375, 8.125, 1.875], "texture": "#texture"},
				"up": {"uv": [8.375, 1, 11.125, 2.625], "texture": "#texture"},
				"down": {"uv": [8.375, 1, 11.125, 2.625], "texture": "#texture"}
			}
		},
		{
			"from": [13.0625, 10.625, 8],
			"to": [14.3125, 11.875, 9],
			"rotation": {"angle": -22.5, "axis": "z", "origin": [13.0625, 11.875, 8]},
			"faces": {
				"north": {"uv": [5.75, 0.625, 7.625, 2.25], "texture": "#texture"},
				"east": {"uv": [6.125, 0.375, 8.125, 1.875], "texture": "#texture"},
				"south": {"uv": [5.75, 0.625, 7.625, 2.25], "texture": "#texture"},
				"west": {"uv": [6.125, 0.375, 8.125, 1.875], "texture": "#texture"},
				"up": {"uv": [8.375, 1, 11.125, 2.625], "texture": "#texture"},
				"down": {"uv": [8.375, 1, 11.125, 2.625], "texture": "#texture"}
			}
		},
		{
			"from": [14.25, 10.125, 8],
			"to": [15.625, 11.375, 9],
			"rotation": {"angle": -45, "axis": "z", "origin": [14.25, 11.375, 8]},
			"faces": {
				"north": {"uv": [5.75, 0.625, 7.625, 2.25], "texture": "#texture"},
				"east": {"uv": [6.125, 0.375, 8.125, 1.875], "texture": "#texture"},
				"south": {"uv": [5.75, 0.625, 7.625, 2.25], "texture": "#texture"},
				"west": {"uv": [6.125, 0.375, 8.125, 1.875], "texture": "#texture"},
				"up": {"uv": [8.375, 1, 11.125, 2.625], "texture": "#texture"},
				"down": {"uv": [8.375, 1, 11.125, 2.625], "texture": "#texture"}
			}
		},
		{
			"from": [12, 6.125, 8],
			"to": [13.125, 7.375, 9],
			"faces": {
				"north": {"uv": [5.75, 0.625, 7.625, 2.25], "texture": "#texture"},
				"east": {"uv": [6.125, 0.375, 8.125, 1.875], "texture": "#texture"},
				"south": {"uv": [5.75, 0.625, 7.625, 2.25], "texture": "#texture"},
				"west": {"uv": [6.125, 0.375, 8.125, 1.875], "texture": "#texture"},
				"up": {"uv": [8.375, 1, 11.125, 2.625], "texture": "#texture"},
				"down": {"uv": [8.375, 1, 11.125, 2.625], "texture": "#texture"}
			}
		},
		{
			"from": [12.5625, 6, 8],
			"to": [13.8125, 7.25, 9],
			"rotation": {"angle": 22.5, "axis": "z", "origin": [12.5625, 7.25, 8]},
			"faces": {
				"north": {"uv": [5.75, 0.625, 7.625, 2.25], "texture": "#texture"},
				"east": {"uv": [6.125, 0.375, 8.125, 1.875], "texture": "#texture"},
				"south": {"uv": [5.75, 0.625, 7.625, 2.25], "texture": "#texture"},
				"west": {"uv": [6.125, 0.375, 8.125, 1.875], "texture": "#texture"},
				"up": {"uv": [8.375, 1, 11.125, 2.625], "texture": "#texture"},
				"down": {"uv": [8.375, 1, 11.125, 2.625], "texture": "#texture"}
			}
		},
		{
			"from": [13.3125, 6.1875, 8],
			"to": [14.6875, 7.4375, 9],
			"rotation": {"angle": 45, "axis": "z", "origin": [13.3125, 7.4375, 8]},
			"faces": {
				"north": {"uv": [5.75, 0.625, 7.625, 2.25], "texture": "#texture"},
				"east": {"uv": [6.125, 0.375, 8.125, 1.875], "texture": "#texture"},
				"south": {"uv": [5.75, 0.625, 7.625, 2.25], "texture": "#texture"},
				"west": {"uv": [6.125, 0.375, 8.125, 1.875], "texture": "#texture"},
				"up": {"uv": [8.375, 1, 11.125, 2.625], "texture": "#texture"},
				"down": {"uv": [8.375, 1, 11.125, 2.625], "texture": "#texture"}
			}
		},
		{
			"from": [14.5, 7.5, 8.125],
			"to": [15.125, 10.375, 8.875],
			"faces": {
				"north": {"uv": [5.25, 14.125, 14, 15.375], "texture": "#texture"},
				"east": {"uv": [6.75, 14.125, 7.5, 15.375], "texture": "#texture"},
				"south": {"uv": [5.25, 14.125, 14, 15.375], "texture": "#texture"},
				"west": {"uv": [6.75, 14.125, 7.5, 15.375], "texture": "#texture"},
				"up": {"uv": [3.5, 15.125, 12.875, 15.875], "texture": "#texture"},
				"down": {"uv": [3.5, 15.125, 12.875, 15.875], "texture": "#texture"}
			}
		},
		{
			"from": [-7, 9.251, 8.375],
			"to": [7.625, 11.251, 8.625],
			"faces": {
				"north": {"uv": [0, 0, 16, 16], "texture": "#scifi_dagger_glow_animation_texture"},
				"east": {"uv": [0, 0, 16, 16], "texture": "#scifi_dagger_glow_animation_texture"},
				"south": {"uv": [0, 0, 16, 16], "texture": "#scifi_dagger_glow_animation_texture"},
				"west": {"uv": [0, 0, 16, 16], "texture": "#scifi_dagger_glow_animation_texture"},
				"up": {"uv": [0, 0, 16, 16], "texture": "#scifi_dagger_glow_animation_texture"},
				"down": {"uv": [0, 0, 16, 16], "texture": "#scifi_dagger_glow_animation_texture"}
			}
		},
		{
			"from": [7.625, 10.626, 8.375],
			"to": [8.5, 11.251, 8.625],
			"rotation": {"angle": -45, "axis": "z", "origin": [7.625, 11.251, 8.375]},
			"faces": {
				"north": {"uv": [0, 0, 16, 16], "texture": "#scifi_dagger_glow_animation_texture"},
				"east": {"uv": [0, 0, 16, 16], "texture": "#scifi_dagger_glow_animation_texture"},
				"south": {"uv": [0, 0, 16, 16], "texture": "#scifi_dagger_glow_animation_texture"},
				"west": {"uv": [0, 0, 16, 16], "texture": "#scifi_dagger_glow_animation_texture"},
				"up": {"uv": [0, 0, 16, 16], "texture": "#scifi_dagger_glow_animation_texture"},
				"down": {"uv": [0, 0, 16, 16], "texture": "#scifi_dagger_glow_animation_texture"}
			}
		},
		{
			"from": [-9.875, 9.1885, 8.375],
			"to": [-6.75, 10.0635, 8.625],
			"rotation": {"angle": 22.5, "axis": "z", "origin": [-9.875, 10.0635, 8.375]},
			"faces": {
				"north": {"uv": [0, 0, 16, 16], "texture": "#scifi_dagger_glow_animation_texture"},
				"east": {"uv": [0, 0, 16, 16], "texture": "#scifi_dagger_glow_animation_texture"},
				"south": {"uv": [0, 0, 16, 16], "texture": "#scifi_dagger_glow_animation_texture"},
				"west": {"uv": [0, 0, 16, 16], "texture": "#scifi_dagger_glow_animation_texture"},
				"up": {"uv": [0, 0, 16, 16], "texture": "#scifi_dagger_glow_animation_texture"},
				"down": {"uv": [0, 0, 16, 16], "texture": "#scifi_dagger_glow_animation_texture"}
			}
		},
		{
			"from": [-9.9375, 9.251, 8.375],
			"to": [-6.9375, 10.0635, 8.625],
			"faces": {
				"north": {"uv": [0, 0, 16, 16], "texture": "#scifi_dagger_glow_animation_texture"},
				"east": {"uv": [0, 0, 16, 16], "texture": "#scifi_dagger_glow_animation_texture"},
				"south": {"uv": [0, 0, 16, 16], "texture": "#scifi_dagger_glow_animation_texture"},
				"west": {"uv": [0, 0, 16, 16], "texture": "#scifi_dagger_glow_animation_texture"},
				"up": {"uv": [0, 0, 16, 16], "texture": "#scifi_dagger_glow_animation_texture"},
				"down": {"uv": [0, 0, 16, 16], "texture": "#scifi_dagger_glow_animation_texture"}
			}
		},
		{
			"from": [-7.75, 9.876, 8.375],
			"to": [-6.875, 10.376, 8.625],
			"faces": {
				"north": {"uv": [0, 0, 16, 16], "texture": "#scifi_dagger_glow_animation_texture"},
				"east": {"uv": [0, 0, 16, 16], "texture": "#scifi_dagger_glow_animation_texture"},
				"south": {"uv": [0, 0, 16, 16], "texture": "#scifi_dagger_glow_animation_texture"},
				"west": {"uv": [0, 0, 16, 16], "texture": "#scifi_dagger_glow_animation_texture"},
				"up": {"uv": [0, 0, 16, 16], "texture": "#scifi_dagger_glow_animation_texture"},
				"down": {"uv": [0, 0, 16, 16], "texture": "#scifi_dagger_glow_animation_texture"}
			}
		},
		{
			"from": [11, 10.625, 8],
			"to": [11.5, 11.125, 9],
			"rotation": {"angle": 22.5, "axis": "z", "origin": [11, 11.125, 8]},
			"faces": {
				"north": {"uv": [0, 0, 16, 16], "texture": "#scifi_dagger_glow_animation_texture"},
				"east": {"uv": [0, 0, 16, 16], "texture": "#scifi_dagger_glow_animation_texture"},
				"south": {"uv": [0, 0, 16, 16], "texture": "#scifi_dagger_glow_animation_texture"},
				"west": {"uv": [0, 0, 16, 16], "texture": "#scifi_dagger_glow_animation_texture"},
				"up": {"uv": [0, 0, 16, 16], "texture": "#scifi_dagger_glow_animation_texture"},
				"down": {"uv": [0, 0, 16, 16], "texture": "#scifi_dagger_glow_animation_texture"}
			}
		},
		{
			"from": [11.25, 6.75, 8],
			"to": [11.75, 7.25, 9],
			"rotation": {"angle": -22.5, "axis": "z", "origin": [11.25, 7.25, 8]},
			"faces": {
				"north": {"uv": [0, 0, 16, 16], "texture": "#scifi_dagger_glow_animation_texture"},
				"east": {"uv": [0, 0, 16, 16], "texture": "#scifi_dagger_glow_animation_texture"},
				"south": {"uv": [0, 0, 16, 16], "texture": "#scifi_dagger_glow_animation_texture"},
				"west": {"uv": [0, 0, 16, 16], "texture": "#scifi_dagger_glow_animation_texture"},
				"up": {"uv": [0, 0, 16, 16], "texture": "#scifi_dagger_glow_animation_texture"},
				"down": {"uv": [0, 0, 16, 16], "texture": "#scifi_dagger_glow_animation_texture"}
			}
		},
		{
			"from": [-7, 6.749, 8.375],
			"to": [7.625, 8.749, 8.625],
			"faces": {
				"north": {"uv": [0, 0, 16, 16], "texture": "#scifi_dagger_glow_animation_texture"},
				"east": {"uv": [0, 0, 16, 16], "texture": "#scifi_dagger_glow_animation_texture"},
				"south": {"uv": [0, 0, 16, 16], "texture": "#scifi_dagger_glow_animation_texture"},
				"west": {"uv": [0, 0, 16, 16], "texture": "#scifi_dagger_glow_animation_texture"},
				"up": {"uv": [0, 0, 16, 16], "texture": "#scifi_dagger_glow_animation_texture"},
				"down": {"uv": [0, 0, 16, 16], "texture": "#scifi_dagger_glow_animation_texture"}
			}
		},
		{
			"from": [7.1875, 6.5615, 8.375],
			"to": [8.0625, 7.1865, 8.625],
			"rotation": {"angle": 45, "axis": "z", "origin": [7.1875, 7.1865, 8.375]},
			"faces": {
				"north": {"uv": [0, 0, 16, 16], "texture": "#scifi_dagger_glow_animation_texture"},
				"east": {"uv": [0, 0, 16, 16], "texture": "#scifi_dagger_glow_animation_texture"},
				"south": {"uv": [0, 0, 16, 16], "texture": "#scifi_dagger_glow_animation_texture"},
				"west": {"uv": [0, 0, 16, 16], "texture": "#scifi_dagger_glow_animation_texture"},
				"up": {"uv": [0, 0, 16, 16], "texture": "#scifi_dagger_glow_animation_texture"},
				"down": {"uv": [0, 0, 16, 16], "texture": "#scifi_dagger_glow_animation_texture"}
			}
		},
		{
			"from": [-9.5625, 7.874, 8.375],
			"to": [-6.4375, 8.749, 8.625],
			"rotation": {"angle": -22.5, "axis": "z", "origin": [-9.5625, 8.749, 8.375]},
			"faces": {
				"north": {"uv": [0, 0, 16, 16], "texture": "#scifi_dagger_glow_animation_texture"},
				"east": {"uv": [0, 0, 16, 16], "texture": "#scifi_dagger_glow_animation_texture"},
				"south": {"uv": [0, 0, 16, 16], "texture": "#scifi_dagger_glow_animation_texture"},
				"west": {"uv": [0, 0, 16, 16], "texture": "#scifi_dagger_glow_animation_texture"},
				"up": {"uv": [0, 0, 16, 16], "texture": "#scifi_dagger_glow_animation_texture"},
				"down": {"uv": [0, 0, 16, 16], "texture": "#scifi_dagger_glow_animation_texture"}
			}
		},
		{
			"from": [-9.9375, 7.9365, 8.375],
			"to": [-6.9375, 8.749, 8.625],
			"faces": {
				"north": {"uv": [0, 0, 16, 16], "texture": "#scifi_dagger_glow_animation_texture"},
				"east": {"uv": [0, 0, 16, 16], "texture": "#scifi_dagger_glow_animation_texture"},
				"south": {"uv": [0, 0, 16, 16], "texture": "#scifi_dagger_glow_animation_texture"},
				"west": {"uv": [0, 0, 16, 16], "texture": "#scifi_dagger_glow_animation_texture"},
				"up": {"uv": [0, 0, 16, 16], "texture": "#scifi_dagger_glow_animation_texture"},
				"down": {"uv": [0, 0, 16, 16], "texture": "#scifi_dagger_glow_animation_texture"}
			}
		},
		{
			"from": [-7.75, 7.499, 8.375],
			"to": [-6.875, 7.999, 8.625],
			"faces": {
				"north": {"uv": [0, 0, 16, 16], "texture": "#scifi_dagger_glow_animation_texture"},
				"east": {"uv": [0, 0, 16, 16], "texture": "#scifi_dagger_glow_animation_texture"},
				"south": {"uv": [0, 0, 16, 16], "texture": "#scifi_dagger_glow_animation_texture"},
				"west": {"uv": [0, 0, 16, 16], "texture": "#scifi_dagger_glow_animation_texture"},
				"up": {"uv": [0, 0, 16, 16], "texture": "#scifi_dagger_glow_animation_texture"},
				"down": {"uv": [0, 0, 16, 16], "texture": "#scifi_dagger_glow_animation_texture"}
			}
		},
		{
			"from": [13.375, 10.875, 7.875],
			"to": [13.875, 11.375, 9.125],
			"rotation": {"angle": -22.5, "axis": "z", "origin": [13.375, 11.375, 7.875]},
			"faces": {
				"north": {"uv": [0, 0, 16, 16], "texture": "#scifi_dagger_glow_animation_texture"},
				"east": {"uv": [0, 0, 16, 16], "texture": "#scifi_dagger_glow_animation_texture"},
				"south": {"uv": [0, 0, 16, 16], "texture": "#scifi_dagger_glow_animation_texture"},
				"west": {"uv": [0, 0, 16, 16], "texture": "#scifi_dagger_glow_animation_texture"},
				"up": {"uv": [0, 0, 16, 16], "texture": "#scifi_dagger_glow_animation_texture"},
				"down": {"uv": [0, 0, 16, 16], "texture": "#scifi_dagger_glow_animation_texture"}
			}
		},
		{
			"from": [13.25, 6.625, 7.875],
			"to": [13.75, 7.125, 9.125],
			"rotation": {"angle": 22.5, "axis": "z", "origin": [13.25, 7.125, 7.875]},
			"faces": {
				"north": {"uv": [0, 0, 16, 16], "texture": "#scifi_dagger_glow_animation_texture"},
				"east": {"uv": [0, 0, 16, 16], "texture": "#scifi_dagger_glow_animation_texture"},
				"south": {"uv": [0, 0, 16, 16], "texture": "#scifi_dagger_glow_animation_texture"},
				"west": {"uv": [0, 0, 16, 16], "texture": "#scifi_dagger_glow_animation_texture"},
				"up": {"uv": [0, 0, 16, 16], "texture": "#scifi_dagger_glow_animation_texture"},
				"down": {"uv": [0, 0, 16, 16], "texture": "#scifi_dagger_glow_animation_texture"}
			}
		},
		{
			"from": [10.375, 8.375, 8.125],
			"to": [19.125, 9.625, 8.875],
			"faces": {
				"north": {"uv": [5.25, 14.125, 14, 15.375], "texture": "#texture"},
				"east": {"uv": [6.75, 14.125, 7.5, 15.375], "texture": "#texture"},
				"south": {"uv": [5.25, 14.125, 14, 15.375], "texture": "#texture"},
				"west": {"uv": [6.75, 14.125, 7.5, 15.375], "texture": "#texture"},
				"up": {"uv": [3.5, 15.125, 12.875, 15.875], "texture": "#texture"},
				"down": {"uv": [3.5, 15.125, 12.875, 15.875], "texture": "#texture"}
			}
		},
		{
			"from": [18.75, 8.1875, 8.0625],
			"to": [19.25, 9.8125, 8.9375],
			"faces": {
				"north": {"uv": [1.125, 0.5, 2.375, 2.5], "texture": "#texture"},
				"east": {"uv": [2.25, 0.125, 3.75, 2.125], "texture": "#texture"},
				"south": {"uv": [1.125, 0.5, 2.375, 2.5], "texture": "#texture"},
				"west": {"uv": [2.25, 0.125, 3.75, 2.125], "texture": "#texture"},
				"up": {"uv": [1.375, 0.5, 2.25, 2.125], "texture": "#texture"},
				"down": {"uv": [1.375, 0.5, 2.25, 2.125], "texture": "#texture"}
			}
		},
		{
			"from": [10.375, 8.25, 8.25],
			"to": [19.125, 9.75, 8.75],
			"faces": {
				"north": {"uv": [5.25, 14.125, 14, 15.375], "texture": "#texture"},
				"east": {"uv": [6.75, 14.125, 7.5, 15.375], "texture": "#texture"},
				"south": {"uv": [5.25, 14.125, 14, 15.375], "texture": "#texture"},
				"west": {"uv": [6.75, 14.125, 7.5, 15.375], "texture": "#texture"},
				"up": {"uv": [3.5, 15.125, 12.875, 15.875], "texture": "#texture"},
				"down": {"uv": [3.5, 15.125, 12.875, 15.875], "texture": "#texture"}
			}
		},
		{
			"from": [15.375, 8.1875, 8.3125],
			"to": [15.625, 9.8125, 8.6875],
			"faces": {
				"north": {"uv": [12.625, 8.25, 13.25, 10.125], "texture": "#texture"},
				"east": {"uv": [9.75, 8.375, 10.25, 10.25], "texture": "#texture"},
				"south": {"uv": [12.625, 8.25, 13.25, 10.125], "texture": "#texture"},
				"west": {"uv": [9.75, 8.375, 10.25, 10.25], "texture": "#texture"},
				"up": {"uv": [15.375, 8.3125, 15.625, 8.6875], "texture": "#texture"},
				"down": {"uv": [15.375, 8.3125, 15.625, 8.6875], "texture": "#texture"}
			}
		},
		{
			"from": [15.75, 8.1875, 8.3125],
			"to": [16, 9.8125, 8.6875],
			"faces": {
				"north": {"uv": [12.625, 8.25, 13.25, 10.125], "texture": "#texture"},
				"east": {"uv": [9.75, 8.375, 10.25, 10.25], "texture": "#texture"},
				"south": {"uv": [12.625, 8.25, 13.25, 10.125], "texture": "#texture"},
				"west": {"uv": [9.75, 8.375, 10.25, 10.25], "texture": "#texture"},
				"up": {"uv": [15.375, 8.3125, 15.625, 8.6875], "texture": "#texture"},
				"down": {"uv": [15.375, 8.3125, 15.625, 8.6875], "texture": "#texture"}
			}
		},
		{
			"from": [16.125, 8.1875, 8.3125],
			"to": [16.375, 9.8125, 8.6875],
			"faces": {
				"north": {"uv": [12.625, 8.25, 13.25, 10.125], "texture": "#texture"},
				"east": {"uv": [9.75, 8.375, 10.25, 10.25], "texture": "#texture"},
				"south": {"uv": [12.625, 8.25, 13.25, 10.125], "texture": "#texture"},
				"west": {"uv": [9.75, 8.375, 10.25, 10.25], "texture": "#texture"},
				"up": {"uv": [15.375, 8.3125, 15.625, 8.6875], "texture": "#texture"},
				"down": {"uv": [15.375, 8.3125, 15.625, 8.6875], "texture": "#texture"}
			}
		},
		{
			"from": [16.5, 8.1875, 8.3125],
			"to": [16.75, 9.8125, 8.6875],
			"faces": {
				"north": {"uv": [12.625, 8.25, 13.25, 10.125], "texture": "#texture"},
				"east": {"uv": [9.75, 8.375, 10.25, 10.25], "texture": "#texture"},
				"south": {"uv": [12.625, 8.25, 13.25, 10.125], "texture": "#texture"},
				"west": {"uv": [9.75, 8.375, 10.25, 10.25], "texture": "#texture"},
				"up": {"uv": [15.375, 8.3125, 15.625, 8.6875], "texture": "#texture"},
				"down": {"uv": [15.375, 8.3125, 15.625, 8.6875], "texture": "#texture"}
			}
		},
		{
			"from": [16.875, 8.1875, 8.3125],
			"to": [17.125, 9.8125, 8.6875],
			"faces": {
				"north": {"uv": [12.625, 8.25, 13.25, 10.125], "texture": "#texture"},
				"east": {"uv": [9.75, 8.375, 10.25, 10.25], "texture": "#texture"},
				"south": {"uv": [12.625, 8.25, 13.25, 10.125], "texture": "#texture"},
				"west": {"uv": [9.75, 8.375, 10.25, 10.25], "texture": "#texture"},
				"up": {"uv": [15.375, 8.3125, 15.625, 8.6875], "texture": "#texture"},
				"down": {"uv": [15.375, 8.3125, 15.625, 8.6875], "texture": "#texture"}
			}
		},
		{
			"from": [17.25, 8.1875, 8.3125],
			"to": [17.5, 9.8125, 8.6875],
			"faces": {
				"north": {"uv": [12.625, 8.25, 13.25, 10.125], "texture": "#texture"},
				"east": {"uv": [9.75, 8.375, 10.25, 10.25], "texture": "#texture"},
				"south": {"uv": [12.625, 8.25, 13.25, 10.125], "texture": "#texture"},
				"west": {"uv": [9.75, 8.375, 10.25, 10.25], "texture": "#texture"},
				"up": {"uv": [15.375, 8.3125, 15.625, 8.6875], "texture": "#texture"},
				"down": {"uv": [15.375, 8.3125, 15.625, 8.6875], "texture": "#texture"}
			}
		},
		{
			"from": [17.625, 8.1875, 8.3125],
			"to": [17.875, 9.8125, 8.6875],
			"faces": {
				"north": {"uv": [12.625, 8.25, 13.25, 10.125], "texture": "#texture"},
				"east": {"uv": [9.75, 8.375, 10.25, 10.25], "texture": "#texture"},
				"south": {"uv": [12.625, 8.25, 13.25, 10.125], "texture": "#texture"},
				"west": {"uv": [9.75, 8.375, 10.25, 10.25], "texture": "#texture"},
				"up": {"uv": [15.375, 8.3125, 15.625, 8.6875], "texture": "#texture"},
				"down": {"uv": [15.375, 8.3125, 15.625, 8.6875], "texture": "#texture"}
			}
		},
		{
			"from": [18, 8.1875, 8.3125],
			"to": [18.25, 9.8125, 8.6875],
			"faces": {
				"north": {"uv": [12.625, 8.25, 13.25, 10.125], "texture": "#texture"},
				"east": {"uv": [9.75, 8.375, 10.25, 10.25], "texture": "#texture"},
				"south": {"uv": [12.625, 8.25, 13.25, 10.125], "texture": "#texture"},
				"west": {"uv": [9.75, 8.375, 10.25, 10.25], "texture": "#texture"},
				"up": {"uv": [15.375, 8.3125, 15.625, 8.6875], "texture": "#texture"},
				"down": {"uv": [15.375, 8.3125, 15.625, 8.6875], "texture": "#texture"}
			}
		},
		{
			"from": [18.375, 8.1875, 8.3125],
			"to": [18.625, 9.8125, 8.6875],
			"faces": {
				"north": {"uv": [12.625, 8.25, 13.25, 10.125], "texture": "#texture"},
				"east": {"uv": [9.75, 8.375, 10.25, 10.25], "texture": "#texture"},
				"south": {"uv": [12.625, 8.25, 13.25, 10.125], "texture": "#texture"},
				"west": {"uv": [9.75, 8.375, 10.25, 10.25], "texture": "#texture"},
				"up": {"uv": [15.375, 8.3125, 15.625, 8.6875], "texture": "#texture"},
				"down": {"uv": [15.375, 8.3125, 15.625, 8.6875], "texture": "#texture"}
			}
		},
		{
			"from": [19.625, 8.0625, 7.9375],
			"to": [20, 9.9375, 9.0625],
			"faces": {
				"north": {"uv": [1.125, 0.5, 2.375, 2.5], "texture": "#texture"},
				"east": {"uv": [2.25, 0.125, 3.75, 2.125], "texture": "#texture"},
				"south": {"uv": [1.125, 0.5, 2.375, 2.5], "texture": "#texture"},
				"west": {"uv": [2.25, 0.125, 3.75, 2.125], "texture": "#texture"},
				"up": {"uv": [1.375, 0.5, 2.25, 2.125], "texture": "#texture"},
				"down": {"uv": [1.375, 0.5, 2.25, 2.125], "texture": "#texture"}
			}
		},
		{
			"from": [19.25, 8.125, 8],
			"to": [19.75, 9.875, 9],
			"faces": {
				"north": {"uv": [1.125, 0.5, 2.375, 2.5], "texture": "#texture"},
				"east": {"uv": [2.25, 0.125, 3.75, 2.125], "texture": "#texture"},
				"south": {"uv": [1.125, 0.5, 2.375, 2.5], "texture": "#texture"},
				"west": {"uv": [2.25, 0.125, 3.75, 2.125], "texture": "#texture"},
				"up": {"uv": [1.375, 0.5, 2.25, 2.125], "texture": "#texture"},
				"down": {"uv": [1.375, 0.5, 2.25, 2.125], "texture": "#texture"}
			}
		},
		{
			"from": [19.875, 8.125, 8.0625],
			"to": [20.125, 9.875, 8.9375],
			"faces": {
				"north": {"uv": [1.125, 0.5, 2.375, 2.5], "texture": "#texture"},
				"east": {"uv": [2.25, 0.125, 3.75, 2.125], "texture": "#texture"},
				"south": {"uv": [1.125, 0.5, 2.375, 2.5], "texture": "#texture"},
				"west": {"uv": [2.25, 0.125, 3.75, 2.125], "texture": "#texture"},
				"up": {"uv": [1.375, 0.5, 2.25, 2.125], "texture": "#texture"},
				"down": {"uv": [1.375, 0.5, 2.25, 2.125], "texture": "#texture"}
			}
		}
	],
	"display": {
		"thirdperson_righthand": {
			"rotation": [90, -90, 0],
			"translation": [0.56, 7.18, 1.32]
		},
		"thirdperson_lefthand": {
			"rotation": [-90, -90, 0],
			"translation": [-0.57, 7.37, 2.65]
		},
		"firstperson_righthand": {
			"rotation": [-7, -95, -75],
			"translation": [6.24, 3.02, -6.61]
		},
		"firstperson_lefthand": {
			"rotation": [167, -95, -75],
			"translation": [9.83, 3.02, -6.61]
		},
		"ground": {
			"rotation": [-34, -30, 0],
			"translation": [0, 1.89, 0],
			"scale": [0.66, 0.66, 0.66]
		},
		"gui": {
			"rotation": [-30, 149, -128],
			"translation": [1.51, -0.57, -7.56],
			"scale": [0.82, 0.82, 0.82]
		},
		"head": {
			"rotation": [0, 0, -123],
			"translation": [0, 7.5, 0]
		},
		"fixed": {
			"rotation": [0, 0, -48],
			"translation": [0, -2.27, -0.94],
			"scale": [0.76, 0.76, 0.76]
		}
	}
}