{
	"credit": "Made with Blockbench",
	"textures": {
		"particle": "customitem/diamond_axe",
		"texture": "customitem/diamond_axe",
		"diamond_axe_overlay": "customitem/diamond_axe1"
	},
	"elements": [
		{
			"from": [7.3125, 4, 6.5],
			"to": [8.8125, 5, 9],
			"faces": {
				"north": {"uv": [7, 10.5, 8.5, 11.5], "texture": "#texture"},
				"east": {"uv": [2, 10.5, 4, 11.5], "texture": "#texture"},
				"south": {"uv": [7, 10.5, 8.5, 11.5], "texture": "#texture"},
				"west": {"uv": [7, 10.5, 9, 11.5], "texture": "#texture"},
				"up": {"uv": [7, 10.5, 8.5, 12.5], "texture": "#texture"},
				"down": {"uv": [1.5, 12.5, 3, 14.5], "texture": "#texture"}
			}
		},
		{
			"from": [7.5, -0.5, 8.375],
			"to": [8.5, 0, 9.875],
			"faces": {
				"north": {"uv": [8, 14.5, 9, 15], "texture": "#texture"},
				"east": {"uv": [8.5, 14.5, 9.5, 15.5], "texture": "#texture"},
				"south": {"uv": [8, 14.5, 9, 15], "texture": "#texture"},
				"west": {"uv": [8.5, 14.5, 9.5, 15.5], "texture": "#texture"},
				"up": {"uv": [7.5, 13, 8.5, 14.5], "texture": "#texture"},
				"down": {"uv": [7.5, 13, 8.5, 14.5], "texture": "#texture"}
			}
		},
		{
			"from": [7.5, 0.5, 7.625],
			"to": [8.5, 1, 9.125],
			"faces": {
				"north": {"uv": [8.5, 15, 9.5, 15.5], "texture": "#texture"},
				"east": {"uv": [8, 14, 9, 14.5], "texture": "#texture"},
				"south": {"uv": [8.5, 15, 9.5, 15.5], "texture": "#texture"},
				"west": {"uv": [8, 14, 9, 14.5], "texture": "#texture"},
				"up": {"uv": [8.5, 14.5, 9.5, 15.5], "texture": "#texture"},
				"down": {"uv": [8.5, 14.5, 9.5, 15.5], "texture": "#texture"}
			}
		},
		{
			"from": [7.5, 1.5, 7.1875],
			"to": [8.5, 2, 8.6875],
			"faces": {
				"north": {"uv": [7.5, 14, 8.5, 14.5], "texture": "#texture"},
				"east": {"uv": [7.3125, 14, 8.8125, 14.5], "texture": "#texture"},
				"south": {"uv": [7.5, 14, 8.5, 14.5], "texture": "#texture"},
				"west": {"uv": [7.1875, 14, 8.6875, 14.5], "texture": "#texture"},
				"up": {"uv": [7.5, 7.1875, 8.5, 8.6875], "texture": "#texture"},
				"down": {"uv": [8.5, 8.6875, 7.5, 7.1875], "texture": "#texture"}
			}
		},
		{
			"from": [7.5, 2, 7],
			"to": [8.5, 4, 8.3125],
			"faces": {
				"north": {"uv": [7.5, 12, 8.5, 14], "texture": "#texture"},
				"east": {"uv": [7.6875, 12, 9, 14], "texture": "#texture"},
				"south": {"uv": [7.5, 12, 8.5, 14], "texture": "#texture"},
				"west": {"uv": [7, 12, 8.3125, 14], "texture": "#texture"},
				"up": {"uv": [7.5, 7, 8.5, 8.3125], "texture": "#texture"},
				"down": {"uv": [8.5, 8.3125, 7.5, 7], "texture": "#texture"}
			}
		},
		{
			"from": [11.5, 1, 7.3125],
			"to": [12.5, 1.5, 8.8125],
			"faces": {
				"north": {"uv": [8, 14.5, 9, 15], "texture": "#texture"},
				"east": {"uv": [7.5, 13.5, 9, 14], "texture": "#texture"},
				"south": {"uv": [8, 14.5, 9, 15], "texture": "#texture"},
				"west": {"uv": [7.5, 13.5, 9, 14], "texture": "#texture"},
				"up": {"uv": [7.5, 7.5, 8.5, 9], "texture": "#texture"},
				"down": {"uv": [8.5, 9, 7.5, 7.5], "texture": "#texture"}
			}
		},
		{
			"from": [7.5, 0, 7.9375],
			"to": [8.5, 0.5, 9.4375],
			"faces": {
				"north": {"uv": [8.5, 15, 9.5, 15.5], "texture": "#texture"},
				"east": {"uv": [8, 14.5, 9.5, 15], "texture": "#texture"},
				"south": {"uv": [8.5, 15, 9.5, 15.5], "texture": "#texture"},
				"west": {"uv": [8, 14.5, 9.5, 15], "texture": "#texture"},
				"up": {"uv": [7.5, 13, 8.5, 14.5], "texture": "#texture"},
				"down": {"uv": [7.5, 13, 8.5, 14.5], "texture": "#texture"}
			}
		},
		{
			"from": [7.3125, 3.5, 9],
			"to": [8.8125, 4.5, 9.5],
			"faces": {
				"north": {"uv": [7.5, 11.5, 8.5, 12.5], "texture": "#texture"},
				"east": {"uv": [1, 11.5, 1.5, 12.5], "texture": "#texture"},
				"south": {"uv": [7.5, 11.5, 8.5, 12.5], "texture": "#texture"},
				"west": {"uv": [9.5, 11.5, 10, 12.5], "texture": "#texture"},
				"up": {"uv": [7, 11.5, 8.5, 12], "texture": "#texture"},
				"down": {"uv": [2, 10.5, 3.5, 11], "texture": "#texture"}
			}
		},
		{
			"from": [7.4375, 2.9375, 9.5],
			"to": [8.6875, 4, 10],
			"faces": {
				"north": {"uv": [7.5, 12.5, 8.5, 13.5], "texture": "#texture"},
				"east": {"uv": [1, 11.5, 1.5, 12.5], "texture": "#texture"},
				"south": {"uv": [7.5, 12.5, 8.5, 13.5], "texture": "#texture"},
				"west": {"uv": [9.5, 11.5, 10, 12.5], "texture": "#texture"},
				"up": {"uv": [7, 11, 8.5, 11.5], "texture": "#texture"},
				"down": {"uv": [2, 11, 3.5, 11.5], "texture": "#texture"}
			}
		},
		{
			"from": [7.5625, 2.4375, 9],
			"to": [8.5625, 2.9375, 9.5],
			"faces": {
				"north": {"uv": [7.5, 12.5, 8.5, 13], "texture": "#texture"},
				"east": {"uv": [1.5, 12.5, 2, 13], "texture": "#texture"},
				"south": {"uv": [7.5, 12.5, 8.5, 12.5], "texture": "#texture"},
				"west": {"uv": [9, 12.5, 9.5, 13], "texture": "#texture"},
				"up": {"uv": [7.3125, 9, 8.8125, 9.5], "texture": "#texture"},
				"down": {"uv": [8.6875, 9.5, 7.1875, 9], "texture": "#texture"}
			}
		},
		{
			"from": [7.5, 5, 7],
			"to": [8.5, 6, 7.5],
			"faces": {
				"north": {"uv": [7.5, 10, 8.5, 11], "texture": "#texture"},
				"east": {"uv": [8.5, 10, 9, 11], "texture": "#texture"},
				"south": {"uv": [7.5, 10, 8.5, 11], "texture": "#texture"},
				"west": {"uv": [7, 10, 7.5, 11], "texture": "#texture"},
				"up": {"uv": [7.5, 7, 8.5, 7.5], "texture": "#texture"},
				"down": {"uv": [8.5, 7.5, 7.5, 7], "texture": "#texture"}
			}
		},
		{
			"from": [7.5, 5, 7.5],
			"to": [8.5, 6.5, 8],
			"faces": {
				"north": {"uv": [7.5, 9.5, 8.5, 11], "texture": "#texture"},
				"east": {"uv": [8, 9.5, 8.5, 11], "texture": "#texture"},
				"south": {"uv": [7.5, 9.5, 8.5, 11], "texture": "#texture"},
				"west": {"uv": [7.5, 9.5, 8, 11], "texture": "#texture"},
				"up": {"uv": [7.5, 7.5, 8.5, 8], "texture": "#texture"},
				"down": {"uv": [8.5, 8, 7.5, 7.5], "texture": "#texture"}
			}
		},
		{
			"from": [7.5, 5, 8],
			"to": [8.5, 8.5, 9],
			"faces": {
				"north": {"uv": [7.5, 7, 8.5, 10.5], "texture": "#texture"},
				"east": {"uv": [2, 7, 3, 10.5], "texture": "#texture"},
				"south": {"uv": [2, 7, 3, 10.5], "texture": "#texture"},
				"west": {"uv": [8, 7, 9, 10.5], "texture": "#texture"},
				"up": {"uv": [7.5, 8, 8.5, 9], "texture": "#texture"},
				"down": {"uv": [7.5, 8, 8.5, 9], "texture": "#texture"}
			}
		},
		{
			"from": [7.5, 6, 9],
			"to": [8.5, 8.5, 9.5],
			"faces": {
				"north": {"uv": [7.5, 7, 8.5, 10], "texture": "#texture"},
				"east": {"uv": [2, 7.5, 2.5, 10.5], "texture": "#texture"},
				"south": {"uv": [7.5, 7, 8.5, 10], "texture": "#texture"},
				"west": {"uv": [9, 7, 9.5, 10], "texture": "#texture"},
				"up": {"uv": [7.5, 9, 8.5, 9.5], "texture": "#texture"},
				"down": {"uv": [8.5, 9.5, 7.5, 9], "texture": "#texture"}
			}
		},
		{
			"from": [7.5, 7, 9.5],
			"to": [8.5, 9, 10],
			"faces": {
				"north": {"uv": [7.5, 7, 8.5, 9], "texture": "#texture"},
				"east": {"uv": [9, 7, 9.5, 9], "texture": "#texture"},
				"south": {"uv": [7.5, 7, 8.5, 9], "texture": "#texture"},
				"west": {"uv": [9, 7, 9.5, 9], "texture": "#texture"},
				"up": {"uv": [7.5, 9.5, 8.5, 10], "texture": "#texture"},
				"down": {"uv": [7.5, 9.5, 8.5, 10], "texture": "#texture"}
			}
		},
		{
			"from": [7.5, 8.5, 8.5],
			"to": [8.5, 12.5, 9.5],
			"faces": {
				"north": {"uv": [7.5, 3.5, 8.5, 7], "texture": "#texture"},
				"east": {"uv": [2, 4, 3, 7.5], "texture": "#texture"},
				"south": {"uv": [7.5, 3.5, 8.5, 7], "texture": "#texture"},
				"west": {"uv": [8, 3.5, 9, 7], "texture": "#texture"},
				"up": {"uv": [7.5, 8.5, 8.5, 9.5], "texture": "#texture"},
				"down": {"uv": [7.5, 8.5, 8.5, 9.5], "texture": "#texture"}
			}
		},
		{
			"from": [7.5, 14, 7.5],
			"to": [8.5, 15, 8],
			"faces": {
				"north": {"uv": [7.5, 1, 8.5, 2], "texture": "#texture"},
				"east": {"uv": [8, 1, 8.5, 2], "texture": "#texture"},
				"south": {"uv": [7.5, 1, 8.5, 2], "texture": "#texture"},
				"west": {"uv": [7.5, 1, 8, 2], "texture": "#texture"},
				"up": {"uv": [7.5, 7.5, 8.5, 8], "texture": "#texture"},
				"down": {"uv": [8.5, 8, 7.5, 7.5], "texture": "#texture"}
			}
		},
		{
			"from": [7.5, 11.5, 7.5],
			"to": [8.5, 14, 8.5],
			"faces": {
				"north": {"uv": [7.5, 2, 8.5, 4.5], "texture": "#texture"},
				"east": {"uv": [7.5, 1.5, 8.5, 4], "texture": "#texture"},
				"south": {"uv": [7.5, 2, 8.5, 4.5], "texture": "#texture"},
				"west": {"uv": [7.5, 1.5, 8.5, 4], "texture": "#texture"},
				"up": {"uv": [7.5, 7.5, 8.5, 8.5], "texture": "#texture"},
				"down": {"uv": [8.5, 8.5, 7.5, 7.5], "texture": "#texture"}
			}
		},
		{
			"from": [7.5, 10.5, 8],
			"to": [8.5, 11.5, 8.5],
			"faces": {
				"north": {"uv": [7.5, 4.5, 8.5, 5.5], "texture": "#texture"},
				"east": {"uv": [7.5, 4.5, 8, 5.5], "texture": "#texture"},
				"south": {"uv": [7.5, 4.5, 8.5, 5.5], "texture": "#texture"},
				"west": {"uv": [8, 4.5, 8.5, 5.5], "texture": "#texture"},
				"up": {"uv": [7.5, 8, 8.5, 8.5], "texture": "#texture"},
				"down": {"uv": [8.5, 8.5, 7.5, 8], "texture": "#texture"}
			}
		},
		{
			"from": [7.5, 10.5, 7.5],
			"to": [8.5, 11, 8],
			"faces": {
				"north": {"uv": [7.5, 5, 8.5, 5.5], "texture": "#texture"},
				"east": {"uv": [8, 5, 8.5, 5.5], "texture": "#texture"},
				"south": {"uv": [7.5, 5, 8.5, 5.5], "texture": "#texture"},
				"west": {"uv": [7.5, 5, 8, 5.5], "texture": "#texture"},
				"up": {"uv": [7.5, 7.5, 8.5, 8], "texture": "#texture"},
				"down": {"uv": [8.5, 8, 7.5, 7.5], "texture": "#texture"}
			}
		},
		{
			"from": [7.5, 10, 7],
			"to": [8.5, 10.5, 7.5],
			"faces": {
				"north": {"uv": [7.5, 5.5, 8.5, 6], "texture": "#texture"},
				"east": {"uv": [8.5, 5.5, 9, 6], "texture": "#texture"},
				"south": {"uv": [7.5, 5.5, 8.5, 6], "texture": "#texture"},
				"west": {"uv": [7, 5.5, 7.5, 6], "texture": "#texture"},
				"up": {"uv": [7.5, 7, 8.5, 7.5], "texture": "#texture"},
				"down": {"uv": [8.5, 7.5, 7.5, 7], "texture": "#texture"}
			}
		},
		{
			"from": [7.5, 13.5, 7],
			"to": [8.5, 14, 7.5],
			"faces": {
				"north": {"uv": [7.5, 2, 8.5, 2.5], "texture": "#texture"},
				"east": {"uv": [8.5, 2, 9, 2.5], "texture": "#texture"},
				"south": {"uv": [7.5, 2, 8.5, 2.5], "texture": "#texture"},
				"west": {"uv": [7, 2, 7.5, 2.5], "texture": "#texture"},
				"up": {"uv": [7.5, 7, 8.5, 7.5], "texture": "#texture"},
				"down": {"uv": [8.5, 7.5, 7.5, 7], "texture": "#texture"}
			}
		},
		{
			"from": [7.5, 13, 6.6875],
			"to": [8.5, 13.5, 7.1875],
			"faces": {
				"north": {"uv": [7.5, 2.5, 8.5, 3.5], "texture": "#texture"},
				"east": {"uv": [4, 3, 4.5, 4], "texture": "#texture"},
				"south": {"uv": [7.5, 2.5, 8.5, 3.5], "texture": "#texture"},
				"west": {"uv": [6.5, 3, 7, 4], "texture": "#texture"},
				"up": {"uv": [2.5, 5.5, 3.5, 6], "texture": "#texture"},
				"down": {"uv": [7.5, 5.5, 8.5, 6], "texture": "#texture"}
			}
		},
		{
			"from": [7.5, 11.25, 7],
			"to": [8.5, 12, 7.5],
			"faces": {
				"north": {"uv": [7.5, 4, 8.5, 4.75], "texture": "#texture"},
				"east": {"uv": [8.5, 4, 9, 4.75], "texture": "#texture"},
				"south": {"uv": [7.5, 4, 8.5, 4.75], "texture": "#texture"},
				"west": {"uv": [7, 4, 7.5, 4.75], "texture": "#texture"},
				"up": {"uv": [7.5, 7, 8.5, 7.5], "texture": "#texture"},
				"down": {"uv": [8.5, 7.5, 7.5, 7], "texture": "#texture"}
			}
		},
		{
			"from": [7.5, 12.5, 8.5],
			"to": [8.5, 13.5, 9],
			"faces": {
				"north": {"uv": [7.5, 2.5, 8.5, 3.5], "texture": "#texture"},
				"east": {"uv": [3, 2.5, 3.5, 3.5], "texture": "#texture"},
				"south": {"uv": [7.5, 2.5, 8.5, 3.5], "texture": "#texture"},
				"west": {"uv": [8.5, 2.5, 9, 3.5], "texture": "#texture"},
				"up": {"uv": [7.5, 8.5, 8.5, 9], "texture": "#texture"},
				"down": {"uv": [8.5, 9, 7.5, 8.5], "texture": "#texture"}
			}
		},
		{
			"from": [7.75, 15, 8],
			"to": [8.25, 16, 9.5],
			"faces": {
				"north": {"uv": [8.5, 0.5, 9, 1.5], "texture": "#texture"},
				"east": {"uv": [1.5, 1.5, 3, 2.5], "texture": "#texture"},
				"south": {"uv": [9, 1, 9.5, 2], "texture": "#texture"},
				"west": {"uv": [8, 1.5, 9.5, 2.5], "texture": "#texture"},
				"up": {"uv": [9, 2.5, 9.5, 4], "texture": "#texture"},
				"down": {"uv": [9, 2.5, 9.5, 4], "texture": "#texture"}
			}
		},
		{
			"from": [7.75, 16, 7.5],
			"to": [8.25, 16.5, 9],
			"faces": {
				"north": {"uv": [7.75, 0, 8.25, 0.5], "texture": "#texture"},
				"east": {"uv": [2.5, 0.5, 3.5, 1], "texture": "#texture"},
				"south": {"uv": [7.75, 0, 8.25, 0.5], "texture": "#texture"},
				"west": {"uv": [7.5, 0.5, 8.5, 1], "texture": "#texture"},
				"up": {"uv": [9, 2.5, 9.5, 4], "texture": "#texture"},
				"down": {"uv": [9, 2.5, 9.5, 4], "texture": "#texture"}
			}
		},
		{
			"from": [7.75, 16.5, 7.5],
			"to": [8.25, 17, 8.5],
			"faces": {
				"north": {"uv": [8, 0.5, 8.5, 1], "texture": "#texture"},
				"east": {"uv": [3, 0, 4, 0.5], "texture": "#texture"},
				"south": {"uv": [7.75, 0, 8.25, 0.5], "texture": "#texture"},
				"west": {"uv": [7.5, 0.5, 8.5, 1], "texture": "#texture"},
				"up": {"uv": [8.5, 0.5, 9, 1.5], "texture": "#texture"},
				"down": {"uv": [8.5, 0.5, 9, 1.5], "texture": "#texture"}
			}
		},
		{
			"from": [7.75, 17, 7.5],
			"to": [8.25, 18, 8],
			"faces": {
				"north": {"uv": [3, 0, 3.5, 1], "texture": "#texture"},
				"east": {"uv": [3, 0, 3.5, 0.5], "texture": "#texture"},
				"south": {"uv": [3, 0, 3.5, 1], "texture": "#texture"},
				"west": {"uv": [7, 0, 7.5, 0.5], "texture": "#texture"},
				"up": {"uv": [7.5, 0, 8, 0.5], "texture": "#texture"},
				"down": {"uv": [7.5, 0, 8, 0.5], "texture": "#texture"}
			}
		},
		{
			"from": [7.75, 14, 8],
			"to": [8.25, 15, 10],
			"faces": {
				"north": {"uv": [9.5, 1.5, 10, 2.5], "texture": "#texture"},
				"east": {"uv": [1.5, 1.5, 3, 2.5], "texture": "#texture"},
				"south": {"uv": [9.5, 1.5, 10, 2.5], "texture": "#texture"},
				"west": {"uv": [8, 1.5, 9.5, 2.5], "texture": "#texture"},
				"up": {"uv": [10, 3, 10.5, 5], "texture": "#texture"},
				"down": {"uv": [10, 3, 10.5, 5], "texture": "#texture"}
			}
		},
		{
			"from": [7.75, 11.5, 8.5],
			"to": [8.25, 14, 10.5],
			"faces": {
				"north": {"uv": [10, 2.5, 10.5, 5], "texture": "#texture"},
				"east": {"uv": [1, 2, 2.5, 4.5], "texture": "#texture"},
				"south": {"uv": [10, 2.5, 10.5, 5], "texture": "#texture"},
				"west": {"uv": [8.5, 2, 10, 4.5], "texture": "#texture"},
				"up": {"uv": [10, 4, 10.5, 6], "texture": "#texture"},
				"down": {"uv": [10, 4, 10.5, 6], "texture": "#texture"}
			}
		},
		{
			"from": [7.75, 8, 9],
			"to": [8.25, 11.5, 11],
			"faces": {
				"north": {"uv": [10, 4, 10.5, 7.5], "texture": "#texture"},
				"east": {"uv": [0.5, 5, 2.5, 7], "texture": "#texture"},
				"south": {"uv": [10, 4, 10.5, 7.5], "texture": "#texture"},
				"west": {"uv": [8.5, 4.5, 10.5, 6.5], "texture": "#texture"},
				"up": {"uv": [10, 3, 10.5, 5], "texture": "#texture"},
				"down": {"uv": [10, 3, 10.5, 5], "texture": "#texture"}
			}
		},
		{
			"from": [7.75, 5, 9],
			"to": [8.25, 6, 9.5],
			"faces": {
				"north": {"uv": [7.75, 10, 8.25, 11], "texture": "#texture"},
				"east": {"uv": [8.5, 10, 9, 11], "texture": "#texture"},
				"south": {"uv": [7.75, 10, 8.25, 11], "texture": "#texture"},
				"west": {"uv": [8.5, 10, 9, 11], "texture": "#texture"},
				"up": {"uv": [7.75, 9, 8.25, 9.5], "texture": "#texture"},
				"down": {"uv": [8.25, 9.5, 7.75, 9], "texture": "#texture"}
			}
		},
		{
			"from": [7.75, 7, 9],
			"to": [8.25, 8, 11],
			"faces": {
				"north": {"uv": [9.5, 6.5, 10, 7.5], "texture": "#texture"},
				"east": {"uv": [0.5, 8, 2, 9], "texture": "#texture"},
				"south": {"uv": [9.5, 6.5, 10, 7.5], "texture": "#texture"},
				"west": {"uv": [8.5, 8, 10, 9], "texture": "#texture"},
				"up": {"uv": [10, 6, 10.5, 8], "texture": "#texture"},
				"down": {"uv": [10, 6, 10.5, 8], "texture": "#texture"}
			}
		},
		{
			"from": [7.75, 6, 8.5],
			"to": [8.25, 7, 10.5],
			"faces": {
				"north": {"uv": [8.5, 8, 9, 9], "texture": "#texture"},
				"east": {"uv": [1.5, 9, 3.5, 10], "texture": "#texture"},
				"south": {"uv": [8.5, 8, 9, 9], "texture": "#texture"},
				"west": {"uv": [7.5, 9, 9.5, 10], "texture": "#texture"},
				"up": {"uv": [7.75, 8.5, 8.25, 10.5], "texture": "#texture"},
				"down": {"uv": [7.75, 8.5, 8.25, 10.5], "texture": "#texture"}
			}
		},
		{
			"from": [8, -2, 4],
			"to": [8.0625, 18.5, 13],
			"faces": {
				"east": {"uv": [0, 0, 16, 16], "texture": "#diamond_axe_overlay"}
			}
		},
		{
			"from": [7.75, 6.5, 7.5],
			"to": [8.25, 8, 8],
			"faces": {
				"north": {"uv": [7.75, 8, 8.25, 9.5], "texture": "#texture"},
				"east": {"uv": [8, 8, 8.5, 9.5], "texture": "#texture"},
				"south": {"uv": [7.75, 8, 8.25, 9.5], "texture": "#texture"},
				"west": {"uv": [7.5, 8, 8, 9.5], "texture": "#texture"},
				"up": {"uv": [7.75, 7.5, 8.25, 8], "texture": "#texture"},
				"down": {"uv": [8.25, 8, 7.75, 7.5], "texture": "#texture"}
			}
		},
		{
			"from": [7.75, 8.5, 8],
			"to": [8.25, 9.5, 8.5],
			"faces": {
				"north": {"uv": [7.75, 6.5, 8.25, 7.5], "texture": "#texture"},
				"east": {"uv": [7.5, 6.5, 8, 7.5], "texture": "#texture"},
				"south": {"uv": [7.75, 6.5, 8.25, 7.5], "texture": "#texture"},
				"west": {"uv": [8, 6.5, 8.5, 7.5], "texture": "#texture"},
				"up": {"uv": [7.75, 8, 8.25, 8.5], "texture": "#texture"},
				"down": {"uv": [8.25, 8.5, 7.75, 8], "texture": "#texture"}
			}
		},
		{
			"from": [7.75, 13, 7],
			"to": [8.25, 13.5, 7.5],
			"faces": {
				"north": {"uv": [7.75, 2.5, 8.25, 3], "texture": "#texture"},
				"east": {"uv": [8.5, 2.5, 9, 3], "texture": "#texture"},
				"south": {"uv": [7.75, 2.5, 8.25, 3], "texture": "#texture"},
				"west": {"uv": [7, 2.5, 7.5, 3], "texture": "#texture"},
				"up": {"uv": [7.75, 7, 8.25, 7.5], "texture": "#texture"},
				"down": {"uv": [8.25, 7.5, 7.75, 7], "texture": "#texture"}
			}
		},
		{
			"from": [7.75, 10.1875, 7.1875],
			"to": [8.25, 10.6875, 7.6875],
			"faces": {
				"north": {"uv": [7.75, 5.3125, 8.25, 5.8125], "texture": "#texture"},
				"east": {"uv": [8.3125, 5.3125, 8.8125, 5.8125], "texture": "#texture"},
				"south": {"uv": [7.75, 5.3125, 8.25, 5.8125], "texture": "#texture"},
				"west": {"uv": [7.1875, 5.3125, 7.6875, 5.8125], "texture": "#texture"},
				"up": {"uv": [7.75, 7.1875, 8.25, 7.6875], "texture": "#texture"},
				"down": {"uv": [8.25, 7.6875, 7.75, 7.1875], "texture": "#texture"}
			}
		},
		{
			"from": [7.75, 10.25, 7.6875],
			"to": [8.25, 10.75, 8.6875],
			"faces": {
				"north": {"uv": [7.75, 5.25, 8.25, 5.75], "texture": "#texture"},
				"east": {"uv": [7.3125, 5.25, 8.3125, 5.75], "texture": "#texture"},
				"south": {"uv": [7.75, 5.25, 8.25, 5.75], "texture": "#texture"},
				"west": {"uv": [7.6875, 5.25, 8.6875, 5.75], "texture": "#texture"},
				"up": {"uv": [7.75, 7.6875, 8.25, 8.6875], "texture": "#texture"},
				"down": {"uv": [8.25, 8.6875, 7.75, 7.6875], "texture": "#texture"}
			}
		},
		{
			"from": [7.75, 9.625, 7],
			"to": [8.25, 10.125, 7.5],
			"faces": {
				"north": {"uv": [7.75, 5.875, 8.25, 6.375], "texture": "#texture"},
				"east": {"uv": [8.5, 5.875, 9, 6.375], "texture": "#texture"},
				"south": {"uv": [7.75, 5.875, 8.25, 6.375], "texture": "#texture"},
				"west": {"uv": [7, 5.875, 7.5, 6.375], "texture": "#texture"},
				"up": {"uv": [7.75, 7, 8.25, 7.5], "texture": "#texture"},
				"down": {"uv": [8.25, 7.5, 7.75, 7], "texture": "#texture"}
			}
		},
		{
			"from": [7.75, 11.75, 7.25],
			"to": [8.25, 12.25, 7.75],
			"faces": {
				"north": {"uv": [7.75, 3.75, 8.25, 4.25], "texture": "#texture"},
				"east": {"uv": [8.25, 3.75, 8.75, 4.25], "texture": "#texture"},
				"south": {"uv": [7.75, 3.75, 8.25, 4.25], "texture": "#texture"},
				"west": {"uv": [7.25, 3.75, 7.75, 4.25], "texture": "#texture"},
				"up": {"uv": [7.75, 7.25, 8.25, 7.75], "texture": "#texture"},
				"down": {"uv": [8.25, 7.75, 7.75, 7.25], "texture": "#texture"}
			}
		},
		{
			"from": [7.75, 13.6875, 7.1875],
			"to": [8.25, 14.6875, 7.6875],
			"faces": {
				"north": {"uv": [7.75, 1.3125, 8.25, 2.3125], "texture": "#texture"},
				"east": {"uv": [8.3125, 1.3125, 8.8125, 2.3125], "texture": "#texture"},
				"south": {"uv": [7.75, 1.3125, 8.25, 2.3125], "texture": "#texture"},
				"west": {"uv": [7.1875, 1.3125, 7.6875, 2.3125], "texture": "#texture"},
				"up": {"uv": [7.75, 7.1875, 8.25, 7.6875], "texture": "#texture"},
				"down": {"uv": [8.25, 7.6875, 7.75, 7.1875], "texture": "#texture"}
			}
		},
		{
			"from": [7.75, 6, 7],
			"to": [8.25, 6.5, 7.5],
			"faces": {
				"north": {"uv": [7.75, 9.5, 8.25, 10], "texture": "#texture"},
				"east": {"uv": [8.5, 9.5, 9, 10], "texture": "#texture"},
				"south": {"uv": [7.75, 9.5, 8.25, 10], "texture": "#texture"},
				"west": {"uv": [7.5, 9.5, 8, 10], "texture": "#texture"},
				"up": {"uv": [7.75, 7, 8.25, 7.5], "texture": "#texture"},
				"down": {"uv": [8.25, 7.5, 7.75, 7], "texture": "#texture"}
			}
		},
		{
			"from": [7.75, 3.25, 9.375],
			"to": [8.25, 3.75, 9.875],
			"faces": {
				"north": {"uv": [7.75, 12.25, 8.25, 12.75], "texture": "#texture"},
				"east": {"uv": [6.125, 12.25, 6.625, 12.75], "texture": "#texture"},
				"south": {"uv": [7.75, 12.25, 8.25, 12.75], "texture": "#texture"},
				"west": {"uv": [9.375, 12.25, 9.875, 12.75], "texture": "#texture"},
				"up": {"uv": [7.75, 9.375, 8.25, 9.875], "texture": "#texture"},
				"down": {"uv": [8.25, 9.875, 7.75, 9.375], "texture": "#texture"}
			}
		},
		{
			"from": [7.75, 3.875, 9.375],
			"to": [8.25, 4.375, 9.875],
			"faces": {
				"north": {"uv": [7.75, 11.625, 8.25, 12.125], "texture": "#texture"},
				"east": {"uv": [9.375, 11.625, 9.875, 12.125], "texture": "#texture"},
				"south": {"uv": [7.75, 11.625, 8.25, 12.125], "texture": "#texture"},
				"west": {"uv": [9.375, 11.625, 9.875, 12.125], "texture": "#texture"},
				"up": {"uv": [7.75, 9.375, 8.25, 9.875], "texture": "#texture"},
				"down": {"uv": [8.25, 9.875, 7.75, 9.375], "texture": "#texture"}
			}
		},
		{
			"from": [7.75, 2.6875, 9.375],
			"to": [8.25, 3.1875, 9.875],
			"faces": {
				"north": {"uv": [7.75, 12.8125, 8.25, 13.3125], "texture": "#texture"},
				"east": {"uv": [6.125, 12.8125, 6.625, 13.3125], "texture": "#texture"},
				"south": {"uv": [7.75, 12.8125, 8.25, 13.3125], "texture": "#texture"},
				"west": {"uv": [9.375, 12.8125, 9.875, 13.3125], "texture": "#texture"},
				"up": {"uv": [7.75, 9.375, 8.25, 9.875], "texture": "#texture"},
				"down": {"uv": [8.25, 9.875, 7.75, 9.375], "texture": "#texture"}
			}
		},
		{
			"from": [7.75, 11.0625, 6.75],
			"to": [8.25, 11.5625, 7.25],
			"faces": {
				"north": {"uv": [7.75, 4.4375, 8.25, 4.9375], "texture": "#texture"},
				"east": {"uv": [8.75, 4.4375, 9.25, 4.9375], "texture": "#texture"},
				"south": {"uv": [7.75, 4.4375, 8.25, 4.9375], "texture": "#texture"},
				"west": {"uv": [6.75, 4.4375, 7.25, 4.9375], "texture": "#texture"},
				"up": {"uv": [7.75, 6.75, 8.25, 7.25], "texture": "#texture"},
				"down": {"uv": [8.25, 7.25, 7.75, 6.75], "texture": "#texture"}
			}
		},
		{
			"from": [7.75, 12.5625, 6.5],
			"to": [8.25, 13.0625, 7],
			"faces": {
				"north": {"uv": [7.75, 2.9375, 8.25, 3.4375], "texture": "#texture"},
				"east": {"uv": [9, 2.9375, 9.5, 3.4375], "texture": "#texture"},
				"south": {"uv": [7.75, 2.9375, 8.25, 3.4375], "texture": "#texture"},
				"west": {"uv": [6.5, 2.9375, 7, 3.4375], "texture": "#texture"},
				"up": {"uv": [7.75, 6.5, 8.25, 7], "texture": "#texture"},
				"down": {"uv": [8.25, 7, 7.75, 6.5], "texture": "#texture"}
			}
		}
	],
	"overrides": [
		{
			"predicate": {
				"damaged": 1,
				"damage": 0.25
			},
			"model": "alternative/diamond_axe1"
		},
		{
			"predicate": {
				"damaged": 1,
				"damage": 0.5
			},
			"model": "alternative/diamond_axe2"
		},
		{
			"predicate": {
				"damaged": 1,
				"damage": 0.75
			},
			"model": "alternative/diamond_axe3"
		}
	],
	"display": {
		"thirdperson_righthand": {
			"rotation": [0, 180, 0],
			"translation": [0, 5.48, 1.89],
			"scale": [1.2, 1.2, 1.2]
		},
		"firstperson_righthand": {
			"rotation": [4, -163, 0],
			"translation": [1.51, 8.36, 1.13]
		},
		"gui": {
			"rotation": [-90, 137, 90],
			"translation": [-0.94, 0.19, 0.19]
		}
	}
}