{
	"credit": "Made with Blockbench",
	"textures": {
		"texture": "customitem/iron_pickaxe_unwrap"
	},
	"elements": [
		{
			"from": [7, -3, 5.5],
			"to": [9, 6.5, 6.5],
			"faces": {
				"north": {"uv": [16, 8.5, 14, 16], "texture": "#texture", "cullface": "down"},
				"east": {"uv": [15.5, 8.5, 16, 16], "texture": "#texture", "cullface": "down"},
				"south": {"uv": [14, 8.5, 16, 16], "texture": "#texture", "cullface": "down"},
				"west": {"uv": [14, 8.5, 14.5, 16], "texture": "#texture", "cullface": "down"}
			}
		},
		{
			"from": [6.5, -4.5, 5.5],
			"to": [9, -3, 6.5],
			"faces": {
				"north": {"uv": [14.5, 0, 12, 1.5], "texture": "#texture", "cullface": "down"},
				"east": {"uv": [12, 13.5, 13, 15], "texture": "#texture", "cullface": "down"},
				"south": {"uv": [12, 0, 14.5, 1.5], "texture": "#texture", "cullface": "down"},
				"west": {"uv": [12, 13.5, 13, 15], "texture": "#texture", "cullface": "down"},
				"up": {"uv": [12, 0, 14.5, 1], "texture": "#texture", "cullface": "down"},
				"down": {"uv": [12, 0, 14.5, 1], "texture": "#texture", "cullface": "down"}
			}
		},
		{
			"from": [6, -5.5, 5.5],
			"to": [8.5, -4.5, 6.5],
			"faces": {
				"north": {"uv": [14, 1.5, 11.5, 2.5], "texture": "#texture", "cullface": "down"},
				"east": {"uv": [4.25, 10, 4.75, 10.75], "texture": "#texture", "cullface": "down"},
				"south": {"uv": [11.5, 1.5, 14, 2.5], "texture": "#texture", "cullface": "down"},
				"west": {"uv": [4.25, 10, 4.75, 10.75], "texture": "#texture", "cullface": "down"},
				"up": {"uv": [14.5, 1, 12, 0], "texture": "#texture", "cullface": "down"}
			}
		},
		{
			"from": [5, -7.5, 5.5],
			"to": [8, -6.5, 6.5],
			"faces": {
				"north": {"uv": [13.5, 3.5, 10.5, 4.5], "texture": "#texture", "cullface": "down"},
				"east": {"uv": [12.25, 14, 12.75, 14.75], "texture": "#texture", "cullface": "down"},
				"south": {"uv": [10.5, 3.5, 13.5, 4.5], "texture": "#texture", "cullface": "down"},
				"west": {"uv": [12.25, 14, 12.75, 14.75], "texture": "#texture", "cullface": "down"},
				"up": {"uv": [13, 4.75, 13.5, 5.25], "texture": "#texture", "cullface": "down"}
			}
		},
		{
			"from": [5.5, -6.5, 5.5],
			"to": [8.5, -5.5, 6.5],
			"faces": {
				"north": {"uv": [14, 2.5, 11, 3.5], "texture": "#texture", "cullface": "down"},
				"east": {"uv": [4, 9.75, 4.75, 10.75], "texture": "#texture", "cullface": "down"},
				"south": {"uv": [11, 2.5, 14, 3.5], "texture": "#texture", "cullface": "down"},
				"west": {"uv": [4, 9.75, 4.75, 10.75], "texture": "#texture", "cullface": "down"},
				"up": {"uv": [13, 4.25, 13.5, 5], "texture": "#texture", "cullface": "down"},
				"down": {"uv": [13, 4.25, 13.5, 5], "texture": "#texture", "cullface": "down"}
			}
		},
		{
			"from": [5, -6.5, 5.5],
			"to": [5.5, -6, 6.5],
			"faces": {
				"north": {"uv": [5, 13.25, 5.5, 14.25], "texture": "#texture", "cullface": "down"},
				"south": {"uv": [5, 13.25, 5.5, 14.25], "texture": "#texture", "cullface": "down"},
				"west": {"uv": [12, 14, 13, 15], "texture": "#texture", "cullface": "down"},
				"up": {"uv": [12.25, 14, 12.75, 15], "texture": "#texture", "cullface": "down"}
			}
		},
		{
			"from": [5, -9, 5.5],
			"to": [7.5, -8.5, 6.5],
			"faces": {
				"north": {"uv": [13, 5.5, 10.5, 6], "texture": "#texture", "cullface": "down"},
				"east": {"uv": [12, 13.75, 13, 14.25], "texture": "#texture", "cullface": "down"},
				"south": {"uv": [10.5, 5.5, 13, 6], "texture": "#texture", "cullface": "down"},
				"west": {"uv": [12, 13.75, 13, 14.25], "texture": "#texture", "cullface": "down"},
				"down": {"uv": [11.75, 14.25, 12.75, 14.75], "texture": "#texture", "cullface": "down"}
			}
		},
		{
			"from": [4.5, -8.5, 5.5],
			"to": [8, -7.5, 6.5],
			"faces": {
				"north": {"uv": [13.5, 4.5, 10, 5.5], "texture": "#texture", "cullface": "down"},
				"east": {"uv": [4, 9.5, 4.75, 10.25], "texture": "#texture", "cullface": "down"},
				"south": {"uv": [10, 4.5, 13.5, 5.5], "texture": "#texture", "cullface": "down"},
				"west": {"uv": [4, 9.5, 4.75, 10.25], "texture": "#texture", "cullface": "down"},
				"up": {"uv": [12, 14, 12.75, 14.5], "texture": "#texture", "cullface": "down"},
				"down": {"uv": [12, 14, 12.75, 14.5], "texture": "#texture", "cullface": "down"}
			}
		},
		{
			"from": [6, -9.5, 5.5],
			"to": [7.5, -9, 6.5],
			"faces": {
				"north": {"uv": [11.5, 6, 13, 6.5], "texture": "#texture", "cullface": "down"},
				"east": {"uv": [12, 14, 12.75, 14.5], "texture": "#texture", "cullface": "down"},
				"south": {"uv": [11.5, 6, 13, 6.5], "texture": "#texture", "cullface": "down"},
				"west": {"uv": [12, 14, 12.75, 14.5], "texture": "#texture", "cullface": "down"},
				"down": {"uv": [12.25, 14.25, 12.75, 14.75], "texture": "#texture", "cullface": "down"}
			}
		},
		{
			"from": [5, 15.25, 5.5],
			"to": [6, 17, 6.5],
			"faces": {
				"north": {"uv": [2.5, 7.5, 1.5, 9.5], "texture": "#texture", "cullface": "up"},
				"east": {"uv": [2.5, 4, 3.5, 6], "texture": "#texture", "cullface": "up"},
				"south": {"uv": [1.5, 7.5, 2.5, 9.5], "texture": "#texture", "cullface": "up"},
				"west": {"uv": [2.5, 4, 3.5, 6], "texture": "#texture", "cullface": "up"},
				"up": {"uv": [3.5, 5, 4.5, 6], "texture": "#texture", "cullface": "up"}
			}
		},
		{
			"from": [5.5, 11, 5.5],
			"to": [6, 12.5, 6.5],
			"faces": {
				"north": {"uv": [2, 12, 2.5, 13.5], "texture": "#texture"},
				"east": {"uv": [5, 3.5, 6, 5], "texture": "#texture"},
				"south": {"uv": [2, 12, 2.5, 13.5], "texture": "#texture"},
				"west": {"uv": [5, 3.5, 6, 5], "texture": "#texture"},
				"up": {"uv": [11, 8.5, 11.5, 7.5], "texture": "#texture"}
			}
		},
		{
			"from": [6, 11.5, 5.5],
			"to": [8.5, 14, 6.5],
			"faces": {
				"north": {"uv": [5, 10.5, 2.5, 13], "texture": "#texture"},
				"east": {"uv": [4, 9.5, 5, 10.75], "texture": "#texture"},
				"south": {"uv": [2.5, 10.5, 5, 13], "texture": "#texture"},
				"west": {"uv": [4, 9.5, 5, 10.75], "texture": "#texture"},
				"up": {"uv": [2.5, 12.5, 5, 13.5], "texture": "#texture"}
			}
		},
		{
			"from": [5.5, 10.5, 5.5],
			"to": [6, 11, 6.5],
			"faces": {
				"north": {"uv": [2, 13.5, 2.5, 14], "texture": "#texture"},
				"south": {"uv": [2, 13.5, 2.5, 14], "texture": "#texture"},
				"west": {"uv": [10, 7.5, 11, 8], "texture": "#texture"},
				"down": {"uv": [10, 7.5, 10.5, 8.5], "texture": "#texture"}
			}
		},
		{
			"from": [4, 16, 5.5],
			"to": [4.5, 17, 6.5],
			"faces": {
				"north": {"uv": [0.5, 7.5, 1, 8.5], "texture": "#texture", "cullface": "up"},
				"south": {"uv": [0.5, 7.5, 1, 8.5], "texture": "#texture", "cullface": "up"},
				"west": {"uv": [9.5, 8, 10, 8.5], "texture": "#texture", "cullface": "up"},
				"down": {"uv": [3.25, 2.75, 4, 3.25], "texture": "#texture", "cullface": "up"}
			}
		},
		{
			"from": [4.5, 15.5, 5.5],
			"to": [5, 16, 6.5],
			"faces": {
				"north": {"uv": [1, 8.5, 1.5, 9], "texture": "#texture"},
				"south": {"uv": [1, 8.5, 1.5, 9], "texture": "#texture"},
				"west": {"uv": [7, 9.5, 8, 10], "texture": "#texture"},
				"down": {"uv": [7, 9, 7.5, 10], "texture": "#texture"}
			}
		},
		{
			"from": [8.5, 14.5, 5.5],
			"to": [9, 16.5, 6.5],
			"faces": {
				"north": {"uv": [5, 8, 5.5, 10], "texture": "#texture", "cullface": "up"},
				"east": {"uv": [4.5, 8, 5.5, 10], "texture": "#texture", "cullface": "up"},
				"south": {"uv": [5, 8, 5.5, 10], "texture": "#texture", "cullface": "up"},
				"west": {"uv": [4.5, 8, 5.5, 10], "texture": "#texture", "cullface": "up"},
				"up": {"uv": [15, 11.5, 16, 12], "texture": "#texture", "cullface": "up"},
				"down": {"uv": [12, 14.5, 13, 15], "texture": "#texture", "cullface": "up"}
			}
		},
		{
			"from": [8.5, 21, 5.5],
			"to": [9, 21.5, 6.5],
			"faces": {
				"north": {"uv": [5, 3, 5.5, 3.5], "texture": "#texture", "cullface": "up"},
				"south": {"uv": [5, 3, 5.5, 3.5], "texture": "#texture", "cullface": "up"},
				"west": {"uv": [5, 3, 5.5, 3.5], "texture": "#texture", "cullface": "up"},
				"up": {"uv": [5, 3, 5.5, 3.5], "texture": "#texture", "cullface": "up"},
				"down": {"uv": [5, 3, 5.5, 3.5], "texture": "#texture", "cullface": "up"}
			}
		},
		{
			"from": [9.5, 20, 5.5],
			"to": [10, 20.5, 6.5],
			"faces": {
				"north": {"uv": [6, 4, 6.5, 4.5], "texture": "#texture", "cullface": "up"},
				"east": {"uv": [6.5, 4, 6, 4.5], "texture": "#texture", "cullface": "up"},
				"south": {"uv": [6, 4, 6.5, 4.5], "texture": "#texture", "cullface": "up"},
				"up": {"uv": [10.5, 7.5, 11, 8.5], "texture": "#texture", "cullface": "up"}
			}
		},
		{
			"from": [9.5, 18, 5.5],
			"to": [9.75, 19.5, 6.5],
			"faces": {
				"north": {"uv": [6, 6, 6.5, 6.5], "texture": "#texture", "cullface": "up"},
				"south": {"uv": [6, 6, 6.5, 6.5], "texture": "#texture", "cullface": "up"}
			}
		},
		{
			"from": [9.5, 20.5, 5.75],
			"to": [10, 21.5, 6.25],
			"faces": {
				"north": {"uv": [6, 3, 6.5, 4], "texture": "#texture", "cullface": "up"},
				"east": {"uv": [10, 7.5, 10.5, 8.5], "texture": "#texture", "cullface": "up"},
				"south": {"uv": [6, 3, 6.5, 4], "texture": "#texture", "cullface": "up"},
				"up": {"uv": [11, 7.5, 11.5, 8], "texture": "#texture", "cullface": "up"}
			}
		},
		{
			"from": [6.5, 22.5, 5.5],
			"to": [8, 23.5, 6.5],
			"faces": {
				"north": {"uv": [4.5, 1, 3, 2], "texture": "#texture", "cullface": "up"},
				"east": {"uv": [10.5, 7.5, 11.5, 8.5], "texture": "#texture", "cullface": "up"},
				"south": {"uv": [3, 1, 4.5, 2], "texture": "#texture", "cullface": "up"},
				"up": {"uv": [2, 1, 3.5, 2], "texture": "#texture", "cullface": "up"}
			}
		},
		{
			"from": [6, 24, 5.75],
			"to": [7, 25, 6.25],
			"faces": {
				"north": {"uv": [11, 7.5, 10, 8.5], "texture": "#texture", "cullface": "up"},
				"east": {"uv": [3, 1, 3.5, 2], "texture": "#texture", "cullface": "up"},
				"south": {"uv": [10, 7.5, 11, 8.5], "texture": "#texture", "cullface": "up"},
				"up": {"uv": [10.25, 7.5, 11.25, 8], "texture": "#texture", "cullface": "up"}
			}
		},
		{
			"from": [5.5, 23.5, 5.5],
			"to": [7.5, 24, 6.5],
			"faces": {
				"north": {"uv": [4, 0.5, 2, 1], "texture": "#texture", "cullface": "up"},
				"east": {"uv": [10.5, 7.5, 9.5, 8], "texture": "#texture", "cullface": "up"},
				"south": {"uv": [2, 0.5, 4, 1], "texture": "#texture", "cullface": "up"},
				"up": {"uv": [2.5, 1, 4.5, 2], "texture": "#texture", "cullface": "up"}
			}
		},
		{
			"from": [6, 25, 5.75],
			"to": [6.5, 25.5, 6.25],
			"faces": {
				"north": {"uv": [5.5, 2.5, 6, 3], "texture": "#texture", "cullface": "up"},
				"east": {"uv": [9.5, 6.5, 10, 7], "texture": "#texture", "cullface": "up"},
				"south": {"uv": [5.5, 2.5, 6, 3], "texture": "#texture", "cullface": "up"},
				"west": {"uv": [9.5, 6.5, 10, 7], "texture": "#texture", "cullface": "up"},
				"up": {"uv": [9.5, 6.5, 10, 7], "texture": "#texture", "cullface": "up"}
			}
		},
		{
			"from": [5, 22.5, 5.5],
			"to": [5.5, 23, 6.5],
			"faces": {
				"north": {"uv": [9, 8.5, 8.5, 9], "texture": "#texture", "cullface": "up"},
				"south": {"uv": [8.75, 8.75, 8.25, 9.25], "texture": "#texture", "cullface": "up"}
			}
		},
		{
			"from": [10, 18.5, 5.75],
			"to": [10.5, 20.5, 6.25],
			"faces": {
				"north": {"uv": [6.5, 4, 7, 6], "texture": "#texture", "cullface": "up"},
				"east": {"uv": [11.5, 8, 11, 10], "texture": "#texture", "cullface": "up"},
				"south": {"uv": [6.5, 4, 7, 6], "texture": "#texture", "cullface": "up"},
				"up": {"uv": [6.5, 4, 7, 4.5], "texture": "#texture", "cullface": "up"},
				"down": {"uv": [6.5, 5.5, 7, 6], "texture": "#texture", "cullface": "up"}
			}
		},
		{
			"from": [3.5, 17, 5.75],
			"to": [4, 19, 6.25],
			"faces": {
				"north": {"uv": [0, 5.5, 0.5, 7.5], "texture": "#texture", "cullface": "up"},
				"south": {"uv": [0, 5.5, 0.5, 7.5], "texture": "#texture", "cullface": "up"},
				"west": {"uv": [0, 5.5, 0.5, 7.5], "texture": "#texture", "cullface": "up"},
				"up": {"uv": [0, 5.5, 0.5, 6], "texture": "#texture", "cullface": "up"},
				"down": {"uv": [0, 7, 0.5, 7.5], "texture": "#texture", "cullface": "up"}
			}
		},
		{
			"from": [5, 21.5, 5.25],
			"to": [5.5, 22.5, 6.75],
			"faces": {
				"north": {"uv": [2.5, 1.75, 1.75, 2.75], "texture": "#texture", "cullface": "up"},
				"south": {"uv": [2.5, 1.75, 1.75, 2.75], "texture": "#texture", "cullface": "up"},
				"up": {"uv": [8, 8.5, 9.5, 9.5], "texture": "#texture", "cullface": "up"}
			}
		},
		{
			"from": [6.5, 19.5, 5.25],
			"to": [7, 20.5, 7],
			"faces": {
				"north": {"uv": [8.5, 8.25, 9, 9.25], "texture": "#texture", "cullface": "up"},
				"east": {"uv": [8.75, 8.75, 9.25, 9.75], "texture": "#texture", "cullface": "up"},
				"south": {"uv": [8.25, 8.25, 8.75, 9.25], "texture": "#texture", "cullface": "up"}
			}
		},
		{
			"from": [5.5, 21.5, 5],
			"to": [6, 23.5, 7],
			"faces": {
				"north": {"uv": [9, 8.25, 8.25, 9.25], "texture": "#texture", "cullface": "up"},
				"east": {"uv": [8.75, 8.25, 9.5, 9.25], "texture": "#texture", "cullface": "up"},
				"south": {"uv": [9, 8.25, 8.25, 9.25], "texture": "#texture", "cullface": "up"},
				"west": {"uv": [8.75, 8.25, 9.5, 9.25], "texture": "#texture", "cullface": "up"},
				"up": {"uv": [8, 8.5, 9.5, 9.5], "texture": "#texture", "cullface": "up"}
			}
		},
		{
			"from": [6, 21, 5],
			"to": [6.5, 22, 7],
			"faces": {
				"north": {"uv": [9.25, 8.25, 8.25, 9], "texture": "#texture", "cullface": "up"},
				"east": {"uv": [8.25, 8.25, 9, 9.25], "texture": "#texture", "cullface": "up"},
				"south": {"uv": [9.25, 8.25, 8.25, 9], "texture": "#texture", "cullface": "up"},
				"west": {"uv": [8.25, 8.25, 9, 9.25], "texture": "#texture", "cullface": "up"},
				"up": {"uv": [8, 8.5, 9.5, 9.5], "texture": "#texture", "cullface": "up"}
			}
		},
		{
			"from": [5, 20, 4.75],
			"to": [6, 21, 7.25],
			"faces": {
				"north": {"uv": [2, 3.5, 2.5, 4.25], "texture": "#texture", "cullface": "up"},
				"south": {"uv": [2, 3.5, 2.5, 4.25], "texture": "#texture", "cullface": "up"},
				"down": {"uv": [1.75, 3.5, 2.5, 4.5], "texture": "#texture", "cullface": "up"}
			}
		},
		{
			"from": [4.5, 20.5, 4.75],
			"to": [5, 22, 7.25],
			"faces": {
				"north": {"uv": [1, 2.5, 1.5, 4], "texture": "#texture", "cullface": "up"},
				"east": {"uv": [1, 2.5, 1.5, 4], "texture": "#texture", "cullface": "up"},
				"south": {"uv": [1, 2.5, 1.5, 4], "texture": "#texture", "cullface": "up"},
				"west": {"uv": [1, 2.5, 1.5, 4], "texture": "#texture", "cullface": "up"},
				"up": {"uv": [1, 2.5, 1.5, 3.25], "texture": "#texture", "cullface": "up"},
				"down": {"uv": [1, 3.5, 1.5, 4], "texture": "#texture", "cullface": "up"}
			}
		},
		{
			"from": [5, 19.5, 5],
			"to": [5.5, 20, 7],
			"faces": {
				"north": {"uv": [9.5, 10.75, 10, 11.5], "texture": "#texture", "cullface": "up"},
				"south": {"uv": [9.75, 10.75, 10.25, 11.5], "texture": "#texture", "cullface": "up"}
			}
		},
		{
			"from": [4.5, 19.5, 5],
			"to": [5, 20.5, 7],
			"faces": {
				"north": {"uv": [2.5, 4.75, 3, 5.5], "texture": "#texture", "cullface": "up"},
				"east": {"uv": [9.5, 10.75, 10.25, 11.75], "texture": "#texture", "cullface": "up"},
				"south": {"uv": [9.75, 10.75, 10.25, 11.5], "texture": "#texture", "cullface": "up"},
				"west": {"uv": [9.5, 10.75, 10.25, 11.75], "texture": "#texture", "cullface": "up"},
				"down": {"uv": [9.75, 10.75, 10.5, 11.75], "texture": "#texture", "cullface": "up"}
			}
		},
		{
			"from": [5, 18.5, 5],
			"to": [6.5, 19.5, 7],
			"faces": {
				"north": {"uv": [2.5, 4.75, 3, 5.5], "texture": "#texture", "cullface": "up"},
				"south": {"uv": [9.75, 10.75, 10.25, 11.5], "texture": "#texture", "cullface": "up"},
				"west": {"uv": [9.5, 10.75, 10.25, 11.75], "texture": "#texture", "cullface": "up"},
				"down": {"uv": [9.75, 10.75, 10.5, 11.75], "texture": "#texture", "cullface": "up"}
			}
		},
		{
			"from": [6.5, 18.5, 5],
			"to": [7, 19.5, 7],
			"faces": {
				"north": {"uv": [2.5, 4.75, 3, 5.5], "texture": "#texture", "cullface": "up"},
				"east": {"uv": [9.5, 10.75, 10.25, 11.75], "texture": "#texture", "cullface": "up"},
				"south": {"uv": [9.75, 10.75, 10.25, 11.5], "texture": "#texture", "cullface": "up"},
				"up": {"uv": [9.75, 10.75, 10.5, 11.75], "texture": "#texture", "cullface": "up"},
				"down": {"uv": [9.75, 10.75, 10.5, 11.75], "texture": "#texture", "cullface": "up"}
			}
		},
		{
			"from": [6.5, 16, 5.75],
			"to": [7, 18.5, 6.25],
			"faces": {
				"north": {"uv": [3, 5.5, 3.5, 8.5], "texture": "#texture", "cullface": "up"},
				"east": {"uv": [9.5, 10.75, 10.25, 11.75], "texture": "#texture", "cullface": "up"},
				"south": {"uv": [9.75, 10.75, 10.25, 11.5], "texture": "#texture", "cullface": "up"},
				"west": {"uv": [9.5, 10.75, 10.25, 11.75], "texture": "#texture", "cullface": "up"}
			}
		},
		{
			"from": [5.5, 24, 5.25],
			"to": [6, 25, 6.75],
			"faces": {
				"north": {"uv": [2, 0, 2.5, 1], "texture": "#texture", "cullface": "up"},
				"east": {"uv": [10.5, 9, 11.25, 9.5], "texture": "#texture", "cullface": "up"},
				"south": {"uv": [2, 0, 2.5, 1], "texture": "#texture", "cullface": "up"},
				"west": {"uv": [10.5, 9, 11.25, 9.5], "texture": "#texture", "cullface": "up"},
				"up": {"uv": [10.75, 7.5, 11.25, 8], "texture": "#texture", "cullface": "up"},
				"down": {"uv": [2, 0, 2.5, 1], "texture": "#texture", "cullface": "up"}
			}
		},
		{
			"from": [5, 23, 5.25],
			"to": [5.5, 24, 6.75],
			"faces": {
				"north": {"uv": [2, 0, 2.5, 1], "texture": "#texture", "cullface": "up"},
				"east": {"uv": [2, 0, 2.5, 0.75], "texture": "#texture", "cullface": "up"},
				"south": {"uv": [2, 0, 2.5, 1], "texture": "#texture", "cullface": "up"},
				"west": {"uv": [2, 0, 2.5, 0.75], "texture": "#texture", "cullface": "up"},
				"up": {"uv": [2, 0, 2.5, 1], "texture": "#texture", "cullface": "up"},
				"down": {"uv": [2, 0, 2.5, 1], "texture": "#texture", "cullface": "up"}
			}
		},
		{
			"from": [4.5, 22, 5.25],
			"to": [5, 23, 6.75],
			"faces": {
				"north": {"uv": [2, 0, 2.5, 1], "texture": "#texture", "cullface": "up"},
				"east": {"uv": [2, 0, 2.5, 0.75], "texture": "#texture", "cullface": "up"},
				"south": {"uv": [2, 0, 2.5, 1], "texture": "#texture", "cullface": "up"},
				"west": {"uv": [2, 0, 2.5, 0.75], "texture": "#texture", "cullface": "up"},
				"up": {"uv": [2, 0, 2.5, 1], "texture": "#texture", "cullface": "up"}
			}
		},
		{
			"from": [4, 20.5, 5.25],
			"to": [4.5, 22, 6.75],
			"faces": {
				"north": {"uv": [0.5, 2.5, 1, 4], "texture": "#texture", "cullface": "up"},
				"south": {"uv": [0.5, 2.5, 1, 4], "texture": "#texture", "cullface": "up"},
				"west": {"uv": [0.5, 2.5, 1, 4], "texture": "#texture", "cullface": "up"},
				"up": {"uv": [0.5, 2.5, 1, 3], "texture": "#texture", "cullface": "up"},
				"down": {"uv": [0.5, 3.5, 1, 4], "texture": "#texture", "cullface": "up"}
			}
		},
		{
			"from": [7, 21.5, 5.25],
			"to": [7.5, 22.5, 6.75],
			"faces": {
				"north": {"uv": [3.5, 2, 4, 3], "texture": "#texture", "cullface": "up"},
				"south": {"uv": [3.5, 2, 4, 3], "texture": "#texture", "cullface": "up"},
				"up": {"uv": [2, 0, 2.5, 1], "texture": "#texture", "cullface": "up"},
				"down": {"uv": [2, 0, 2.5, 1], "texture": "#texture", "cullface": "up"}
			}
		},
		{
			"from": [7.5, 21.5, 5.25],
			"to": [8, 22.5, 6.75],
			"faces": {
				"north": {"uv": [2, 0, 2.5, 1], "texture": "#texture", "cullface": "up"},
				"east": {"uv": [2, 0, 2.5, 0.75], "texture": "#texture", "cullface": "up"},
				"south": {"uv": [2, 0, 2.5, 1], "texture": "#texture", "cullface": "up"},
				"up": {"uv": [2, 0, 2.5, 1], "texture": "#texture", "cullface": "up"},
				"down": {"uv": [2, 0, 2.5, 1], "texture": "#texture", "cullface": "up"}
			}
		},
		{
			"from": [6, 22, 5.25],
			"to": [6.5, 23.5, 6.75],
			"faces": {
				"north": {"uv": [2, 0, 2.5, 1], "texture": "#texture", "cullface": "up"},
				"east": {"uv": [2, 0, 2.5, 0.75], "texture": "#texture", "cullface": "up"},
				"south": {"uv": [2, 0, 2.5, 1], "texture": "#texture", "cullface": "up"},
				"up": {"uv": [2, 0, 2.5, 1], "texture": "#texture", "cullface": "up"}
			}
		},
		{
			"from": [4, 18, 5.25],
			"to": [5, 19, 6.75],
			"faces": {
				"north": {"uv": [2, 0, 2.5, 1], "texture": "#texture", "cullface": "up"},
				"east": {"uv": [0, 5.75, 0.5, 6.5], "texture": "#texture", "cullface": "up"},
				"south": {"uv": [2, 0, 2.5, 1], "texture": "#texture", "cullface": "up"},
				"west": {"uv": [0, 5.75, 0.5, 6.5], "texture": "#texture", "cullface": "up"},
				"up": {"uv": [2, 0, 2.5, 1], "texture": "#texture", "cullface": "up"}
			}
		},
		{
			"from": [4, 17.5, 5.25],
			"to": [5, 18, 6.75],
			"faces": {
				"north": {"uv": [2, 0, 2.5, 1], "texture": "#texture", "cullface": "up"},
				"south": {"uv": [2, 0, 2.5, 1], "texture": "#texture", "cullface": "up"},
				"west": {"uv": [2, 0, 2.5, 0.75], "texture": "#texture", "cullface": "up"}
			}
		},
		{
			"from": [4, 17, 5],
			"to": [5, 17.5, 7],
			"faces": {
				"north": {"uv": [2, 3.5, 2.5, 4.25], "texture": "#texture", "cullface": "up"},
				"east": {"uv": [1.75, 3.5, 2.5, 4.25], "texture": "#texture", "cullface": "up"},
				"south": {"uv": [2, 3.5, 2.5, 4.25], "texture": "#texture", "cullface": "up"},
				"west": {"uv": [1.75, 3.5, 2.5, 4.5], "texture": "#texture", "cullface": "up"},
				"up": {"uv": [1.75, 3.5, 2.5, 4.5], "texture": "#texture", "cullface": "up"},
				"down": {"uv": [1.75, 3.5, 2.5, 4.5], "texture": "#texture", "cullface": "up"}
			}
		},
		{
			"from": [4.5, 16, 5.25],
			"to": [5, 17, 6.75],
			"faces": {
				"north": {"uv": [2, 3.5, 2.5, 4.25], "texture": "#texture", "cullface": "up"},
				"south": {"uv": [2, 3.5, 2.5, 4.25], "texture": "#texture", "cullface": "up"},
				"west": {"uv": [1.75, 3.5, 2.5, 4.5], "texture": "#texture", "cullface": "up"},
				"down": {"uv": [1.75, 3.5, 2.5, 4.5], "texture": "#texture", "cullface": "up"}
			}
		},
		{
			"from": [5, 16, 5.25],
			"to": [5.5, 17.5, 6.75],
			"faces": {
				"north": {"uv": [1.5, 7, 2, 8], "texture": "#texture", "cullface": "up"},
				"east": {"uv": [1.75, 3.5, 2.5, 4.25], "texture": "#texture", "cullface": "up"},
				"south": {"uv": [1.5, 7, 2, 8], "texture": "#texture", "cullface": "up"},
				"west": {"uv": [1.75, 3.5, 2.5, 4.5], "texture": "#texture", "cullface": "up"},
				"down": {"uv": [1.75, 3.5, 2.5, 4.5], "texture": "#texture", "cullface": "up"}
			}
		},
		{
			"from": [5.5, 16.5, 5.25],
			"to": [6, 17.5, 6.75],
			"faces": {
				"north": {"uv": [2, 3.5, 2.5, 4.25], "texture": "#texture", "cullface": "up"},
				"east": {"uv": [1.75, 3.5, 2.5, 4.25], "texture": "#texture", "cullface": "up"},
				"south": {"uv": [2, 3.5, 2.5, 4.25], "texture": "#texture", "cullface": "up"},
				"down": {"uv": [1.75, 3.5, 2.5, 4.5], "texture": "#texture", "cullface": "up"}
			}
		},
		{
			"from": [6, 17, 5.75],
			"to": [6.5, 18, 6.25],
			"faces": {
				"north": {"uv": [3, 5.5, 3.5, 8.5], "texture": "#texture", "cullface": "up"},
				"south": {"uv": [9.75, 10.75, 10.25, 11.5], "texture": "#texture", "cullface": "up"},
				"west": {"uv": [9.5, 10.75, 10.25, 11.75], "texture": "#texture", "cullface": "up"}
			}
		},
		{
			"from": [6, 16, 5.75],
			"to": [6.5, 16.5, 6.25],
			"faces": {
				"north": {"uv": [3, 5.5, 3.5, 8.5], "texture": "#texture", "cullface": "up"},
				"south": {"uv": [9.75, 10.75, 10.25, 11.5], "texture": "#texture", "cullface": "up"}
			}
		},
		{
			"from": [6, 15, 5.75],
			"to": [6.5, 16, 6.25],
			"faces": {
				"north": {"uv": [3, 5.5, 3.5, 8.5], "texture": "#texture"},
				"south": {"uv": [9.75, 10.75, 10.25, 11.5], "texture": "#texture"}
			}
		},
		{
			"from": [5, 18, 5.75],
			"to": [6.5, 18.5, 6.25],
			"faces": {
				"north": {"uv": [2.5, 6, 3, 6.5], "texture": "#texture", "cullface": "up"},
				"south": {"uv": [2.5, 6, 3, 6.5], "texture": "#texture", "cullface": "up"}
			}
		},
		{
			"from": [6, 16.5, 5.5],
			"to": [6.5, 17, 6.5],
			"faces": {
				"north": {"uv": [2.5, 7.5, 3, 8], "texture": "#texture", "cullface": "up"},
				"east": {"uv": [2.5, 7.5, 3, 8], "texture": "#texture", "cullface": "up"},
				"south": {"uv": [2.5, 7.5, 3, 8], "texture": "#texture", "cullface": "up"},
				"up": {"uv": [2.5, 7.25, 3, 7.75], "texture": "#texture", "cullface": "up"},
				"down": {"uv": [2.5, 7.25, 3, 7.75], "texture": "#texture", "cullface": "up"}
			}
		},
		{
			"from": [6.5, 21, 5.25],
			"to": [7, 22.5, 6.75],
			"faces": {
				"north": {"uv": [3.5, 2, 4, 3.5], "texture": "#texture", "cullface": "up"},
				"east": {"uv": [2, 0, 2.5, 0.75], "texture": "#texture", "cullface": "up"},
				"south": {"uv": [3.5, 2, 4, 3.5], "texture": "#texture", "cullface": "up"},
				"up": {"uv": [4, 1, 4.5, 2], "texture": "#texture", "cullface": "up"}
			}
		},
		{
			"from": [8.5, 18, 5.25],
			"to": [9, 18.5, 6.75],
			"faces": {
				"north": {"uv": [2, 0, 2.5, 1], "texture": "#texture", "cullface": "up"},
				"south": {"uv": [2, 0, 2.5, 1], "texture": "#texture", "cullface": "up"}
			}
		},
		{
			"from": [9, 18, 5.25],
			"to": [9.5, 19, 6.75],
			"faces": {
				"north": {"uv": [2, 0, 2.5, 1], "texture": "#texture", "cullface": "up"},
				"east": {"uv": [2, 0, 2.5, 0.75], "texture": "#texture", "cullface": "up"},
				"south": {"uv": [2, 0, 2.5, 1], "texture": "#texture", "cullface": "up"},
				"west": {"uv": [2, 0, 2.5, 0.75], "texture": "#texture", "cullface": "up"}
			}
		},
		{
			"from": [6.5, 20.5, 5],
			"to": [7, 21, 7],
			"faces": {
				"north": {"uv": [2.5, 3, 3, 3.5], "texture": "#texture", "cullface": "up"},
				"east": {"uv": [8.75, 9.75, 9.25, 10.25], "texture": "#texture", "cullface": "up"},
				"south": {"uv": [2.5, 3, 3, 3.5], "texture": "#texture", "cullface": "up"},
				"up": {"uv": [8.25, 10, 9.25, 10.5], "texture": "#texture", "cullface": "up"},
				"down": {"uv": [2.75, 3, 3.75, 3.5], "texture": "#texture", "cullface": "up"}
			}
		},
		{
			"from": [8.5, 20, 5.75],
			"to": [9, 21, 6.25],
			"faces": {
				"north": {"uv": [2.5, 1.75, 1.75, 2.75], "texture": "#texture", "cullface": "up"},
				"south": {"uv": [2.5, 1.75, 1.75, 2.75], "texture": "#texture", "cullface": "up"}
			}
		},
		{
			"from": [9, 19, 5.25],
			"to": [9.5, 21, 6.75],
			"faces": {
				"north": {"uv": [2.5, 1.75, 1.75, 2.75], "texture": "#texture", "cullface": "up"},
				"east": {"uv": [1.75, 1.5, 2.75, 3], "texture": "#texture", "cullface": "up"},
				"south": {"uv": [2.5, 1.75, 1.75, 2.75], "texture": "#texture", "cullface": "up"},
				"west": {"uv": [1.75, 1.5, 2.75, 3], "texture": "#texture", "cullface": "up"},
				"up": {"uv": [8, 8.5, 9.5, 9.5], "texture": "#texture", "cullface": "up"}
			}
		},
		{
			"from": [9.5, 19.5, 5.25],
			"to": [10, 20, 6.75],
			"faces": {
				"north": {"uv": [2.5, 1.75, 1.75, 2.75], "texture": "#texture", "cullface": "up"},
				"east": {"uv": [1.75, 1.5, 2.75, 3], "texture": "#texture", "cullface": "up"},
				"south": {"uv": [2.5, 1.75, 1.75, 2.75], "texture": "#texture", "cullface": "up"},
				"up": {"uv": [8, 8.5, 9.5, 9.5], "texture": "#texture", "cullface": "up"},
				"down": {"uv": [8, 8.5, 9.5, 9.5], "texture": "#texture", "cullface": "up"}
			}
		},
		{
			"from": [6.5, 14, 5.25],
			"to": [7, 16, 6.75],
			"faces": {
				"north": {"uv": [3, 8.5, 3.5, 10.5], "texture": "#texture"},
				"east": {"uv": [4, 7, 5.5, 9], "texture": "#texture"},
				"south": {"uv": [3, 8.5, 3.5, 10.5], "texture": "#texture"},
				"west": {"uv": [4, 7, 5.5, 9], "rotation": 90, "texture": "#texture"},
				"up": {"uv": [4.5, 7, 5, 8.5], "texture": "#texture", "cullface": "up"},
				"down": {"uv": [4.5, 7, 5, 8.5], "texture": "#texture"}
			}
		},
		{
			"from": [6, 14, 5.25],
			"to": [6.5, 15, 6.75],
			"faces": {
				"north": {"uv": [2.5, 9.5, 3, 10.5], "texture": "#texture"},
				"south": {"uv": [2.5, 9.5, 3, 10.5], "texture": "#texture"},
				"west": {"uv": [10.5, 13, 11.75, 14], "texture": "#texture"},
				"up": {"uv": [4.25, 7, 5, 6.5], "texture": "#texture"},
				"down": {"uv": [4.25, 6.5, 4.75, 7], "texture": "#texture"}
			}
		},
		{
			"from": [7, 15, 5.25],
			"to": [7.5, 17.5, 6.75],
			"faces": {
				"north": {"uv": [3.5, 7, 4, 9.5], "texture": "#texture", "cullface": "up"},
				"south": {"uv": [3.5, 7, 4, 9.5], "texture": "#texture", "cullface": "up"},
				"west": {"uv": [10.75, 12, 12, 14.5], "texture": "#texture", "cullface": "up"},
				"up": {"uv": [4, 6.5, 4.5, 8], "texture": "#texture", "cullface": "up"},
				"down": {"uv": [4, 6.5, 4.5, 8], "texture": "#texture", "cullface": "up"}
			}
		},
		{
			"from": [7.5, 15, 5.25],
			"to": [8, 18, 6.75],
			"faces": {
				"north": {"uv": [4, 6.5, 4.5, 9.5], "texture": "#texture", "cullface": "up"},
				"east": {"uv": [4, 9, 4.5, 9.5], "texture": "#texture", "cullface": "up"},
				"south": {"uv": [4, 6.5, 4.5, 9.5], "texture": "#texture", "cullface": "up"},
				"west": {"uv": [4, 9, 4.5, 9.5], "texture": "#texture", "cullface": "up"},
				"up": {"uv": [4.25, 6.5, 4.75, 7], "texture": "#texture", "cullface": "up"},
				"down": {"uv": [4.5, 8.5, 5, 9], "texture": "#texture", "cullface": "up"}
			}
		},
		{
			"from": [8, 15.5, 5.25],
			"to": [8.5, 18, 6.75],
			"faces": {
				"north": {"uv": [4.5, 6.5, 5, 9], "texture": "#texture", "cullface": "up"},
				"south": {"uv": [4.5, 6.5, 5, 9], "texture": "#texture", "cullface": "up"},
				"down": {"uv": [4.5, 8.5, 5, 9], "texture": "#texture", "cullface": "up"}
			}
		},
		{
			"from": [8.5, 15.5, 5.25],
			"to": [9, 18, 6.75],
			"faces": {
				"north": {"uv": [5, 6.5, 5.5, 9], "texture": "#texture", "cullface": "up"},
				"east": {"uv": [4, 7.75, 4.5, 8.25], "texture": "#texture", "cullface": "up"},
				"south": {"uv": [5, 6.5, 5.5, 9], "texture": "#texture", "cullface": "up"},
				"down": {"uv": [5, 8.5, 5.5, 9], "texture": "#texture", "cullface": "up"}
			}
		},
		{
			"from": [9, 16.5, 5.25],
			"to": [9.75, 17.5, 6.75],
			"faces": {
				"north": {"uv": [5, 7, 6, 8], "texture": "#texture", "cullface": "up"},
				"east": {"uv": [14, 7, 15.5, 8], "texture": "#texture", "cullface": "up"},
				"south": {"uv": [5, 7, 6, 8], "texture": "#texture", "cullface": "up"},
				"up": {"uv": [4.5, 6.5, 5, 7], "texture": "#texture", "cullface": "up"},
				"down": {"uv": [4.5, 6.5, 5, 7], "texture": "#texture", "cullface": "up"}
			}
		},
		{
			"from": [5.75, 14.5, 5.25],
			"to": [6, 15, 6.75],
			"faces": {
				"north": {"uv": [4.5, 8, 5, 8.5], "texture": "#texture"},
				"south": {"uv": [2, 9.5, 2.5, 10], "texture": "#texture"},
				"west": {"uv": [4.25, 7, 4.75, 7.5], "texture": "#texture"},
				"up": {"uv": [14.5, 9, 15, 10], "texture": "#texture"},
				"down": {"uv": [14.75, 9.25, 15.25, 10.25], "texture": "#texture"}
			}
		},
		{
			"from": [8.5, 18.5, 5.25],
			"to": [9, 20, 6.75],
			"faces": {
				"north": {"uv": [2, 3.5, 2.5, 4.25], "texture": "#texture", "cullface": "up"},
				"east": {"uv": [1.75, 3.5, 2.5, 4.25], "texture": "#texture", "cullface": "up"},
				"south": {"uv": [2, 3.5, 2.5, 4.25], "texture": "#texture", "cullface": "up"},
				"up": {"uv": [1.75, 3.5, 2.5, 4.5], "texture": "#texture", "cullface": "up"}
			}
		},
		{
			"from": [8, 19, 5.25],
			"to": [8.5, 20, 6.75],
			"faces": {
				"north": {"uv": [2, 3.5, 2.5, 4.25], "texture": "#texture", "cullface": "up"},
				"south": {"uv": [2, 3.5, 2.5, 4.25], "texture": "#texture", "cullface": "up"},
				"west": {"uv": [1.75, 3.5, 2.5, 4.5], "texture": "#texture", "cullface": "up"},
				"up": {"uv": [1.75, 3.5, 2.5, 4.5], "texture": "#texture", "cullface": "up"}
			}
		},
		{
			"from": [8, 18, 5.25],
			"to": [8.5, 19, 6.75],
			"faces": {
				"north": {"uv": [2, 3.5, 2.5, 4.25], "texture": "#texture", "cullface": "up"},
				"east": {"uv": [1.75, 3.5, 2.5, 4.25], "texture": "#texture", "cullface": "up"},
				"south": {"uv": [2, 3.5, 2.5, 4.25], "texture": "#texture", "cullface": "up"},
				"west": {"uv": [1.75, 3.5, 2.5, 4.5], "texture": "#texture", "cullface": "up"}
			}
		},
		{
			"from": [7, 18, 5.25],
			"to": [7.5, 19.5, 6.75],
			"faces": {
				"north": {"uv": [3.5, 5.5, 4, 6.5], "texture": "#texture", "cullface": "up"},
				"east": {"uv": [3.5, 5.25, 4, 6], "texture": "#texture", "cullface": "up"},
				"south": {"uv": [3.5, 5.5, 4, 6.5], "texture": "#texture", "cullface": "up"},
				"up": {"uv": [3.5, 5.25, 4, 6.25], "texture": "#texture", "cullface": "up"},
				"down": {"uv": [3.5, 5.25, 4, 6.25], "texture": "#texture", "cullface": "up"}
			}
		},
		{
			"from": [6, 10, 5.25],
			"to": [6.5, 11.5, 6.75],
			"faces": {
				"north": {"uv": [2.5, 13, 3, 14.5], "rotation": 180, "texture": "#texture"},
				"east": {"uv": [7.5, 11.5, 9, 13], "texture": "#texture"},
				"south": {"uv": [2.5, 13, 3, 14.5], "texture": "#texture"},
				"west": {"uv": [7.5, 11.5, 9, 13], "rotation": 270, "texture": "#texture"},
				"up": {"uv": [2.5, 7.25, 3, 7.75], "texture": "#texture"},
				"down": {"uv": [2.5, 7.25, 3, 7.75], "texture": "#texture"}
			}
		},
		{
			"from": [7, 6.5, 5.5],
			"to": [9, 11.5, 6.5],
			"faces": {
				"north": {"uv": [16, 3, 14.5, 8.5], "texture": "#texture"},
				"east": {"uv": [15.25, 3, 16, 8.5], "texture": "#texture"},
				"south": {"uv": [14.5, 3, 16, 8.5], "texture": "#texture"},
				"west": {"uv": [14, 3, 14.75, 8.5], "texture": "#texture"},
				"up": {"uv": [12.25, 14.25, 12.75, 14.75], "texture": "#texture"}
			}
		},
		{
			"from": [5, 11, 5.75],
			"to": [5.5, 12.5, 6.25],
			"faces": {
				"north": {"uv": [0, 5.5, 0.5, 7], "texture": "#texture"},
				"south": {"uv": [0, 5.5, 0.5, 7], "texture": "#texture"},
				"west": {"uv": [0, 5.5, 0.5, 7], "texture": "#texture"},
				"up": {"uv": [0, 5.5, 0.5, 6], "texture": "#texture"},
				"down": {"uv": [0, 5.5, 0.5, 6], "texture": "#texture"}
			}
		},
		{
			"from": [9, 15.5, 5.25],
			"to": [9.25, 16.5, 6.75],
			"faces": {
				"north": {"uv": [10.75, 12.25, 11, 13], "texture": "#texture", "cullface": "up"},
				"east": {"uv": [4, 7, 5.5, 8], "texture": "#texture", "cullface": "up"},
				"south": {"uv": [10.75, 12.25, 11, 13], "texture": "#texture", "cullface": "up"},
				"down": {"uv": [4.5, 7.5, 5, 8], "texture": "#texture", "cullface": "up"}
			}
		},
		{
			"from": [9, 21.5, 5.5],
			"to": [9.5, 22, 6.5],
			"faces": {
				"north": {"uv": [5.5, 2.5, 6, 3], "texture": "#texture", "cullface": "up"},
				"east": {"uv": [5.5, 2.5, 6, 3], "texture": "#texture", "cullface": "up"},
				"south": {"uv": [5.5, 2.5, 6, 3], "texture": "#texture", "cullface": "up"},
				"west": {"uv": [5.5, 2.5, 6, 3], "texture": "#texture", "cullface": "up"},
				"up": {"uv": [5.5, 2.5, 6, 3], "texture": "#texture", "cullface": "up"}
			}
		},
		{
			"from": [7, 17.5, 5.75],
			"to": [7.5, 18, 6.25],
			"faces": {
				"north": {"uv": [3, 5.5, 3.5, 8.5], "texture": "#texture", "cullface": "up"},
				"south": {"uv": [9.75, 10.75, 10.25, 11.5], "texture": "#texture", "cullface": "up"}
			}
		},
		{
			"from": [7, 14, 5.5],
			"to": [8.5, 15, 6.5],
			"faces": {
				"north": {"uv": [5, 9.5, 3.5, 10.5], "texture": "#texture"},
				"east": {"uv": [4, 9.5, 5, 10.75], "texture": "#texture"},
				"south": {"uv": [3.5, 9.5, 5, 10.5], "texture": "#texture"},
				"up": {"uv": [2.5, 12.5, 5, 13.5], "texture": "#texture"}
			}
		},
		{
			"from": [8, 15, 5.5],
			"to": [8.5, 15.5, 6.5],
			"faces": {
				"north": {"uv": [12, 13.5, 12.75, 14.25], "texture": "#texture"},
				"south": {"uv": [12, 13.5, 12.75, 14.25], "texture": "#texture"}
			}
		},
		{
			"from": [6.5, 10, 5.5],
			"to": [7, 11.5, 6.5],
			"faces": {
				"north": {"uv": [3, 13, 3.5, 14.5], "texture": "#texture"},
				"south": {"uv": [3, 13, 3.5, 14.5], "texture": "#texture"},
				"down": {"uv": [2.5, 7.25, 3, 7.75], "texture": "#texture"}
			}
		},
		{
			"from": [7.5, 18, 5.5],
			"to": [8, 18.5, 6.5],
			"faces": {
				"north": {"uv": [9.5, 10.75, 10, 11.25], "texture": "#texture", "cullface": "up"},
				"south": {"uv": [9.5, 10.75, 10, 11.25], "texture": "#texture", "cullface": "up"}
			}
		},
		{
			"from": [7, 19.5, 5.75],
			"to": [8, 21.5, 6.25],
			"faces": {
				"north": {"uv": [4.5, 3, 3.5, 5], "rotation": 270, "texture": "#texture", "cullface": "up"},
				"south": {"uv": [3.5, 3, 4.5, 5], "texture": "#texture", "cullface": "up"}
			}
		},
		{
			"from": [7.5, 18.5, 5.25],
			"to": [8, 19.5, 6.75],
			"faces": {
				"north": {"uv": [3.5, 5.5, 4, 6.5], "texture": "#texture", "cullface": "up"},
				"south": {"uv": [3.5, 5.5, 4, 6.5], "texture": "#texture", "cullface": "up"},
				"up": {"uv": [3.5, 5.25, 4, 6.25], "texture": "#texture", "cullface": "up"},
				"down": {"uv": [3.5, 5.25, 4, 6.25], "texture": "#texture", "cullface": "up"}
			}
		},
		{
			"from": [8, 21.5, 5.75],
			"to": [8.5, 22.5, 6.25],
			"faces": {
				"north": {"uv": [4.5, 2, 5, 3], "texture": "#texture", "cullface": "up"},
				"east": {"uv": [3.5, 5.25, 4, 6], "texture": "#texture", "cullface": "up"},
				"south": {"uv": [4.5, 2, 5, 3], "texture": "#texture", "cullface": "up"},
				"up": {"uv": [3.5, 5.25, 4, 6.25], "texture": "#texture", "cullface": "up"}
			}
		},
		{
			"from": [8, 20, 5.75],
			"to": [8.5, 21.5, 6.25],
			"faces": {
				"north": {"uv": [4.5, 3, 5, 4], "texture": "#texture", "cullface": "up"},
				"south": {"uv": [4.5, 3, 5, 4], "texture": "#texture", "cullface": "up"}
			}
		},
		{
			"from": [6, 20, 4.75],
			"to": [6.5, 21, 7.25],
			"faces": {
				"north": {"uv": [2, 3.5, 2.5, 4.25], "texture": "#texture", "cullface": "up"},
				"east": {"uv": [1.75, 3.5, 2.5, 4.25], "texture": "#texture", "cullface": "up"},
				"south": {"uv": [2, 3.5, 2.5, 4.25], "texture": "#texture", "cullface": "up"},
				"up": {"uv": [1.75, 3.5, 2.5, 4.5], "texture": "#texture", "cullface": "up"},
				"down": {"uv": [1.75, 3.5, 2.5, 4.5], "texture": "#texture", "cullface": "up"}
			}
		},
		{
			"from": [5.5, 19.5, 4.75],
			"to": [6, 20, 7.25],
			"faces": {
				"north": {"uv": [2, 3.5, 2.5, 4.25], "texture": "#texture", "cullface": "up"},
				"east": {"uv": [1.75, 3.5, 2.5, 4.25], "texture": "#texture", "cullface": "up"},
				"south": {"uv": [2, 3.5, 2.5, 4.25], "texture": "#texture", "cullface": "up"},
				"down": {"uv": [1.75, 3.5, 2.5, 4.5], "texture": "#texture", "cullface": "up"}
			}
		},
		{
			"from": [6, 19.5, 5],
			"to": [6.5, 20, 7],
			"faces": {
				"north": {"uv": [2.5, 4.75, 3, 5.5], "texture": "#texture", "cullface": "up"},
				"south": {"uv": [9.75, 10.75, 10.25, 11.5], "texture": "#texture", "cullface": "up"}
			}
		},
		{
			"from": [5, 17.5, 5.25],
			"to": [6, 18, 6.75],
			"faces": {
				"north": {"uv": [2, 0, 2.5, 1], "texture": "#texture", "cullface": "up"},
				"east": {"uv": [2, 0, 2.5, 0.75], "texture": "#texture", "cullface": "up"},
				"south": {"uv": [2, 0, 2.5, 1], "texture": "#texture", "cullface": "up"},
				"up": {"uv": [2, 0, 2.5, 1], "texture": "#texture", "cullface": "up"},
				"down": {"uv": [2, 0, 2.5, 1], "texture": "#texture", "cullface": "up"}
			}
		},
		{
			"from": [9.75, 18, 5.5],
			"to": [10, 19.5, 6.5],
			"faces": {
				"north": {"uv": [6, 6, 6.5, 6.5], "texture": "#texture", "cullface": "up"},
				"east": {"uv": [10, 9, 11, 9.5], "texture": "#texture", "cullface": "up"},
				"south": {"uv": [6, 6, 6.5, 6.5], "texture": "#texture", "cullface": "up"},
				"down": {"uv": [11.5, 8.5, 12, 9.5], "texture": "#texture", "cullface": "up"}
			}
		},
		{
			"from": [5, 15, 5.5],
			"to": [5.75, 15.25, 6.5],
			"faces": {
				"north": {"uv": [9.75, 10.75, 9, 11.25], "texture": "#texture"},
				"east": {"uv": [2.25, 5, 3.25, 5.5], "texture": "#texture"},
				"south": {"uv": [9.75, 10.75, 9, 11.25], "texture": "#texture"},
				"west": {"uv": [6.75, 8, 7.5, 8.5], "texture": "#texture"},
				"down": {"uv": [9, 10.75, 9.75, 11.25], "texture": "#texture"}
			}
		},
		{
			"from": [9, 21, 5.5],
			"to": [9.5, 21.5, 6.5],
			"faces": {
				"north": {"uv": [5, 3, 5.5, 3.5], "texture": "#texture", "cullface": "up"},
				"east": {"uv": [5, 3, 5.5, 3.5], "texture": "#texture", "cullface": "up"},
				"south": {"uv": [5, 3, 5.5, 3.5], "texture": "#texture", "cullface": "up"}
			}
		},
		{
			"from": [5, 21, 4.75],
			"to": [6, 21.5, 7.25],
			"faces": {
				"north": {"uv": [2, 3.5, 2.5, 4.25], "texture": "#texture", "cullface": "up"},
				"east": {"uv": [1.75, 3.5, 2.5, 4.25], "texture": "#texture", "cullface": "up"},
				"south": {"uv": [2, 3.5, 2.5, 4.25], "texture": "#texture", "cullface": "up"},
				"up": {"uv": [1.75, 3.5, 2.5, 4.5], "texture": "#texture", "cullface": "up"}
			}
		},
		{
			"from": [9, 17.5, 5.25],
			"to": [9.5, 18, 6.75],
			"faces": {
				"north": {"uv": [5.25, 7.5, 5.75, 8], "texture": "#texture", "cullface": "up"},
				"east": {"uv": [14, 7, 15.5, 7.5], "texture": "#texture", "cullface": "up"},
				"south": {"uv": [5.25, 7.5, 5.75, 8], "texture": "#texture", "cullface": "up"}
			}
		}
	],
	"display": {
		"thirdperson_righthand": {
			"rotation": [62, -90, 0],
			"translation": [-2.8, 2.76, 6.05],
			"scale": [1.5, 1.5, 1.5]
		},
		"thirdperson_lefthand": {
			"rotation": [62, 90, 0],
			"translation": [1.7, 1.51, 6.05],
			"scale": [1.5, 1.5, 1.5]
		},
		"firstperson_righthand": {
			"rotation": [0, -90, 0],
			"translation": [2.63, -0.12, -7.34],
			"scale": [1.6, 1.6, 1.6]
		},
		"firstperson_lefthand": {
			"rotation": [0, 90, 0],
			"translation": [4.54, -1.13, -5.09],
			"scale": [1.6, 1.6, 1.6]
		},
		"ground": {
			"translation": [0, 13.42, 0]
		},
		"gui": {
			"rotation": [0, 0, 45],
			"scale": [0.8, 0.8, 0.8]
		}
	}
}