{"textures":{"0":"modelengine:entity/unk1nown"},"elements":[{"name":"bone17","from":[5.9774,4.769096,6.723704],"to":[9.7826,10.308295,10.419704],"rotation":{"angle":0.0,"axis":"x","origin":[7.97,9.1286955,8.676704]},"faces":{"down":{"uv":[3.90625,6.78125,3.71875,6.96875],"rotation":0,"texture":"#0","tintindex":0},"east":{"uv":[6.21875,6.46875,6.40625,6.75],"rotation":0,"texture":"#0","tintindex":0},"north":{"uv":[6.46875,3.625,6.65625,3.90625],"rotation":0,"texture":"#0","tintindex":0},"south":{"uv":[6.4375,6.46875,6.625,6.75],"rotation":0,"texture":"#0","tintindex":0},"up":{"uv":[2.8125,6.96875,2.625,6.78125],"rotation":0,"texture":"#0","tintindex":0},"west":{"uv":[4.25,6.5,4.4375,6.78125],"rotation":0,"texture":"#0","tintindex":0}}}],"display":{"head":{"translation":[0.0,-6.4,0.0],"rotation":[0.0,0.0,0.0],"scale":[3.8095,3.8095,3.8095]}}}