{"textures":{"0":"modelengine:entity/unk1nown"},"elements":[{"name":"bone18","from":[6.6373997,7.3303995,10.802],"to":[9.482601,9.9896,13.417999],"rotation":{"angle":0.0,"axis":"x","origin":[8.0,8.0,8.0]},"faces":{"down":{"uv":[4.03125,7.09375,3.875,7.21875],"rotation":0,"texture":"#0","tintindex":0},"east":{"uv":[7.15625,2.3125,7.28125,2.4375],"rotation":0,"texture":"#0","tintindex":0},"north":{"uv":[7.0625,1.75,7.21875,1.875],"rotation":0,"texture":"#0","tintindex":0},"south":{"uv":[7.0625,2.90625,7.21875,3.03125],"rotation":0,"texture":"#0","tintindex":0},"up":{"uv":[7.25,3.5,7.09375,3.375],"rotation":0,"texture":"#0","tintindex":0},"west":{"uv":[7.15625,2.65625,7.28125,2.78125],"rotation":0,"texture":"#0","tintindex":0}}},{"name":"bone18","from":[6.5174,6.9104,6.0619993],"to":[9.6626,10.409599,10.898001],"rotation":{"angle":0.0,"axis":"x","origin":[8.0,8.0,8.0]},"faces":{"down":{"uv":[5.125,6.75,4.96875,7.0],"rotation":0,"texture":"#0","tintindex":0},"east":{"uv":[6.5625,2.375,6.8125,2.5625],"rotation":0,"texture":"#0","tintindex":0},"north":{"uv":[6.9375,3.90625,7.09375,4.09375],"rotation":0,"texture":"#0","tintindex":0},"south":{"uv":[6.9375,4.125,7.09375,4.3125],"rotation":0,"texture":"#0","tintindex":0},"up":{"uv":[6.0625,6.96875,5.90625,6.71875],"rotation":0,"texture":"#0","tintindex":0},"west":{"uv":[3.21875,6.5625,3.46875,6.75],"rotation":0,"texture":"#0","tintindex":0}}}],"display":{"head":{"translation":[0.0,-6.4,0.0],"rotation":[0.0,0.0,0.0],"scale":[3.8095,3.8095,3.8095]}}}