{"textures":{"0":"modelengine:entity/unk1nown"},"elements":[{"name":"bone20","from":[6.2173996,4.169097,6.123704],"to":[10.0226,9.708296,9.819704],"rotation":{"angle":0.0,"axis":"x","origin":[8.030001,8.528696,8.076704]},"faces":{"down":{"uv":[3.71875,6.78125,3.90625,6.96875],"rotation":0,"texture":"#0","tintindex":0},"east":{"uv":[4.4375,6.5,4.25,6.78125],"rotation":0,"texture":"#0","tintindex":0},"north":{"uv":[6.65625,3.625,6.46875,3.90625],"rotation":0,"texture":"#0","tintindex":0},"south":{"uv":[6.625,6.46875,6.4375,6.75],"rotation":0,"texture":"#0","tintindex":0},"up":{"uv":[2.625,6.96875,2.8125,6.78125],"rotation":0,"texture":"#0","tintindex":0},"west":{"uv":[6.40625,6.46875,6.21875,6.75],"rotation":0,"texture":"#0","tintindex":0}}}],"display":{"head":{"translation":[0.0,-6.4,0.0],"rotation":[0.0,0.0,0.0],"scale":[3.8095,3.8095,3.8095]}}}