{"textures":{"0":"modelengine:entity/unk1nown"},"elements":[{"name":"bone31","from":[-8.661515,7.4356985,7.8437],"to":[2.7636857,8.714899,9.679701],"rotation":{"angle":0.0,"axis":"y","origin":[7.206086,8.1203,8.7767]},"faces":{"down":{"uv":[6.96875,0.9375,6.375,1.03125],"rotation":0,"texture":"#0","tintindex":0},"east":{"uv":[7.15625,7.28125,7.25,7.34375],"rotation":0,"texture":"#0","tintindex":0},"north":{"uv":[6.71875,0.1875,7.3125,0.25],"rotation":0,"texture":"#0","tintindex":0},"south":{"uv":[6.78125,3.125,7.375,3.1875],"rotation":0,"texture":"#0","tintindex":0},"up":{"uv":[6.96875,0.90625,6.375,0.8125],"rotation":0,"texture":"#0","tintindex":0},"west":{"uv":[7.28125,7.21875,7.375,7.28125],"rotation":0,"texture":"#0","tintindex":0}}},{"name":"bone31","from":[2.7384858,7.1956997,7.4837],"to":[7.983686,9.134899,10.279699],"rotation":{"angle":0.0,"axis":"y","origin":[7.206086,8.1203,8.7767]},"faces":{"down":{"uv":[7.0,0.0,6.71875,0.15625],"rotation":0,"texture":"#0","tintindex":0},"east":{"uv":[0.65625,7.1875,0.8125,7.28125],"rotation":0,"texture":"#0","tintindex":0},"north":{"uv":[7.03125,4.6875,7.3125,4.78125],"rotation":0,"texture":"#0","tintindex":0},"south":{"uv":[4.9375,7.03125,5.21875,7.125],"rotation":0,"texture":"#0","tintindex":0},"up":{"uv":[6.96875,5.59375,6.6875,5.4375],"rotation":0,"texture":"#0","tintindex":0},"west":{"uv":[7.1875,1.375,7.34375,1.46875],"rotation":0,"texture":"#0","tintindex":0}}},{"name":"bone31","from":[-9.861516,8.3957,9.6437],"to":[7.203686,8.3957,27.9197],"rotation":{"angle":0.0,"axis":"y","origin":[7.206086,8.1203,8.7767]},"faces":{"down":{"uv":[4.0625,0.96875,3.1875,1.90625],"rotation":0,"texture":"#0","tintindex":0},"east":{"uv":[7.3125,4.59375,8.25,4.59375],"rotation":0,"texture":"#0","tintindex":0},"north":{"uv":[7.3125,4.5625,8.1875,4.5625],"rotation":0,"texture":"#0","tintindex":0},"south":{"uv":[7.3125,5.65625,8.1875,5.65625],"rotation":0,"texture":"#0","tintindex":0},"up":{"uv":[4.0625,0.9375,3.1875,0.0],"rotation":0,"texture":"#0","tintindex":0},"west":{"uv":[7.3125,5.6875,8.25,5.6875],"rotation":0,"texture":"#0","tintindex":0}}}],"display":{"head":{"translation":[0.0,-6.4,0.0],"rotation":[0.0,0.0,0.0],"scale":[3.8095,3.8095,3.8095]}}}