{"textures":{"0":"modelengine:entity/unk1nown"},"elements":[{"name":"bone15","from":[6.556334,7.6967545,8.8159275],"to":[9.369872,9.8404045,20.273174],"rotation":{"angle":0.0,"axis":"x","origin":[8.0,-12.803147,-32.280773]},"faces":{"down":{"uv":[0.46875,5.65625,0.3125,6.25],"rotation":0,"texture":"#0","tintindex":0},"east":{"uv":[5.84375,2.15625,6.4375,2.28125],"rotation":0,"texture":"#0","tintindex":0},"north":{"uv":[7.09375,4.34375,7.25,4.46875],"rotation":0,"texture":"#0","tintindex":0},"south":{"uv":[7.09375,5.84375,7.25,5.96875],"rotation":0,"texture":"#0","tintindex":0},"up":{"uv":[3.59375,6.21875,3.4375,5.625],"rotation":0,"texture":"#0","tintindex":0},"west":{"uv":[5.875,2.5,6.46875,2.625],"rotation":0,"texture":"#0","tintindex":0}}},{"name":"bone15","from":[6.971108,6.701505,8.835775],"to":[8.955968,8.686364,20.253326],"rotation":{"angle":45.0,"axis":"z","origin":[7.963538,7.6939344,6.5284405]},"faces":{"down":{"uv":[4.21875,6.21875,4.125,6.8125],"rotation":0,"texture":"#0","tintindex":0},"east":{"uv":[6.34375,6.21875,6.9375,6.3125],"rotation":0,"texture":"#0","tintindex":0},"north":{"uv":[1.34375,7.28125,1.4375,7.375],"rotation":0,"texture":"#0","tintindex":0},"south":{"uv":[7.28125,1.875,7.375,1.96875],"rotation":0,"texture":"#0","tintindex":0},"up":{"uv":[5.6875,6.75,5.59375,6.15625],"rotation":0,"texture":"#0","tintindex":0},"west":{"uv":[6.34375,6.34375,6.9375,6.4375],"rotation":0,"texture":"#0","tintindex":0}}},{"name":"bone15","from":[8.059862,7.744886,6.7036223],"to":[8.059862,13.284087,15.439621],"rotation":{"angle":0.0,"axis":"x","origin":[8.0,-12.803147,-32.280773]},"faces":{"down":{"uv":[0.15625,7.40625,0.15625,7.875],"rotation":0,"texture":"#0","tintindex":0},"east":{"uv":[5.0,1.25,5.46875,1.53125],"rotation":0,"texture":"#0","tintindex":0},"north":{"uv":[7.25,7.375,7.25,7.65625],"rotation":0,"texture":"#0","tintindex":0},"south":{"uv":[7.375,7.3125,7.375,7.59375],"rotation":0,"texture":"#0","tintindex":0},"up":{"uv":[0.125,7.875,0.125,7.40625],"rotation":0,"texture":"#0","tintindex":0},"west":{"uv":[5.0,1.5625,5.46875,1.84375],"rotation":0,"texture":"#0","tintindex":0}}},{"name":"bone15","from":[8.059862,7.744886,10.903623],"to":[8.059862,13.284087,19.639622],"rotation":{"angle":0.0,"axis":"x","origin":[8.0,-12.803147,-32.280773]},"faces":{"down":{"uv":[0.28125,7.40625,0.28125,7.875],"rotation":0,"texture":"#0","tintindex":0},"east":{"uv":[5.0,1.875,5.46875,2.15625],"rotation":0,"texture":"#0","tintindex":0},"north":{"uv":[0.1875,7.40625,0.1875,7.6875],"rotation":0,"texture":"#0","tintindex":0},"south":{"uv":[0.21875,7.40625,0.21875,7.6875],"rotation":0,"texture":"#0","tintindex":0},"up":{"uv":[0.25,7.875,0.25,7.40625],"rotation":0,"texture":"#0","tintindex":0},"west":{"uv":[4.71875,5.0,5.1875,5.28125],"rotation":0,"texture":"#0","tintindex":0}}},{"name":"bone15","from":[8.059862,7.3248854,15.103622],"to":[8.059862,12.864087,23.839622],"rotation":{"angle":0.0,"axis":"x","origin":[8.0,-12.803147,-32.280773]},"faces":{"down":{"uv":[0.46875,7.40625,0.46875,7.875],"rotation":0,"texture":"#0","tintindex":0},"east":{"uv":[0.5,5.03125,0.96875,5.3125],"rotation":0,"texture":"#0","tintindex":0},"north":{"uv":[0.3125,7.40625,0.3125,7.6875],"rotation":0,"texture":"#0","tintindex":0},"south":{"uv":[0.34375,7.40625,0.34375,7.6875],"rotation":0,"texture":"#0","tintindex":0},"up":{"uv":[0.4375,7.875,0.4375,7.40625],"rotation":0,"texture":"#0","tintindex":0},"west":{"uv":[1.0,5.03125,1.46875,5.3125],"rotation":0,"texture":"#0","tintindex":0}}}],"display":{"head":{"translation":[0.0,-6.4,0.0],"rotation":[0.0,0.0,0.0],"scale":[3.8095,3.8095,3.8095]}}}