{"textures":{"0":"modelengine:entity/unk1nown"},"elements":[{"name":"bone3","from":[5.8414702,5.5496187,4.861856],"to":[9.88667,11.088818,9.757856],"rotation":{"angle":0.0,"axis":"x","origin":[7.83407,6.7592177,7.309856]},"faces":{"down":{"uv":[1.875,6.375,1.65625,6.625],"rotation":0,"texture":"#0","tintindex":0},"east":{"uv":[4.3125,5.875,4.5625,6.15625],"rotation":0,"texture":"#0","tintindex":0},"north":{"uv":[4.25,6.1875,4.46875,6.46875],"rotation":0,"texture":"#0","tintindex":0},"south":{"uv":[6.21875,3.65625,6.4375,3.9375],"rotation":0,"texture":"#0","tintindex":0},"up":{"uv":[5.9375,6.59375,5.71875,6.34375],"rotation":0,"texture":"#0","tintindex":0},"west":{"uv":[5.875,4.84375,6.125,5.125],"rotation":0,"texture":"#0","tintindex":0}}},{"name":"bone3","from":[5.90147,0.5096185,5.2218556],"to":[9.706671,7.968817,9.337856],"rotation":{"angle":0.0,"axis":"x","origin":[7.83407,6.7592177,7.309856]},"faces":{"down":{"uv":[3.6875,6.6875,3.5,6.90625],"rotation":0,"texture":"#0","tintindex":0},"east":{"uv":[4.78125,5.71875,5.0,6.09375],"rotation":0,"texture":"#0","tintindex":0},"north":{"uv":[0.0,5.9375,0.1875,6.3125],"rotation":0,"texture":"#0","tintindex":0},"south":{"uv":[3.0625,5.9375,3.25,6.3125],"rotation":0,"texture":"#0","tintindex":0},"up":{"uv":[0.1875,6.90625,0.0,6.6875],"rotation":0,"texture":"#0","tintindex":0},"west":{"uv":[5.5,5.75,5.71875,6.125],"rotation":0,"texture":"#0","tintindex":0}}}],"display":{"head":{"translation":[0.0,-6.4,0.0],"rotation":[0.0,0.0,0.0],"scale":[3.8095,3.8095,3.8095]}}}