{"textures":{"0":"modelengine:entity/unk1nown"},"elements":[{"name":"bone32","from":[-11.181605,7.6134253,7.384088],"to":[7.8635955,8.772625,9.190088],"rotation":{"angle":0.0,"axis":"y","origin":[7.130995,8.253024,8.287087]},"faces":{"down":{"uv":[6.65625,2.9375,5.65625,3.03125],"rotation":0,"texture":"#0","tintindex":0},"east":{"uv":[0.125,7.3125,0.21875,7.375],"rotation":0,"texture":"#0","tintindex":0},"north":{"uv":[6.15625,5.0625,7.15625,5.125],"rotation":0,"texture":"#0","tintindex":0},"south":{"uv":[6.15625,5.75,7.15625,5.8125],"rotation":0,"texture":"#0","tintindex":0},"up":{"uv":[6.5625,5.40625,5.5625,5.3125],"rotation":0,"texture":"#0","tintindex":0},"west":{"uv":[0.25,7.3125,0.34375,7.375],"rotation":0,"texture":"#0","tintindex":0}}},{"name":"bone32","from":[-9.926836,5.430776,2.6521094],"to":[8.638363,5.430776,30.25811],"rotation":{"angle":0.0,"axis":"y","origin":[-3.9442382,5.430776,17.65511]},"faces":{"down":{"uv":[1.96875,2.75,1.0,4.1875],"rotation":0,"texture":"#0","tintindex":0},"east":{"uv":[7.375,1.4375,8.8125,1.4375],"rotation":0,"texture":"#0","tintindex":0},"north":{"uv":[7.34375,4.78125,8.3125,4.78125],"rotation":0,"texture":"#0","tintindex":0},"south":{"uv":[7.375,1.46875,8.34375,1.46875],"rotation":0,"texture":"#0","tintindex":0},"up":{"uv":[0.96875,4.1875,0.0,2.75],"rotation":0,"texture":"#0","tintindex":0},"west":{"uv":[7.375,2.28125,8.8125,2.28125],"rotation":0,"texture":"#0","tintindex":0}}},{"name":"bone32","from":[-11.592137,3.9038115,1.5699857],"to":[-7.426938,5.063011,3.4359856],"rotation":{"angle":0.0,"axis":"x","origin":[-9.269538,5.083411,3.1929858]},"faces":{"down":{"uv":[7.21875,7.03125,7.0,7.125],"rotation":0,"texture":"#0","tintindex":0},"east":{"uv":[0.5625,7.3125,0.65625,7.375],"rotation":0,"texture":"#0","tintindex":0},"north":{"uv":[7.03125,4.8125,7.25,4.875],"rotation":0,"texture":"#0","tintindex":0},"south":{"uv":[7.03125,5.15625,7.25,5.21875],"rotation":0,"texture":"#0","tintindex":0},"up":{"uv":[7.25,6.96875,7.03125,6.875],"rotation":0,"texture":"#0","tintindex":0},"west":{"uv":[0.6875,7.3125,0.78125,7.375],"rotation":0,"texture":"#0","tintindex":0}}},{"name":"bone32","from":[-12.800807,4.5417852,0.24595356],"to":[-10.3756075,5.580984,1.6319531],"rotation":{"angle":0.0,"axis":"x","origin":[-11.768207,5.061386,0.57895374]},"faces":{"down":{"uv":[5.375,7.28125,5.25,7.34375],"rotation":0,"texture":"#0","tintindex":0},"east":{"uv":[2.65625,7.34375,2.71875,7.40625],"rotation":0,"texture":"#0","tintindex":0},"north":{"uv":[4.625,7.28125,4.75,7.34375],"rotation":0,"texture":"#0","tintindex":0},"south":{"uv":[7.28125,4.8125,7.40625,4.875],"rotation":0,"texture":"#0","tintindex":0},"up":{"uv":[7.40625,5.1875,7.28125,5.125],"rotation":0,"texture":"#0","tintindex":0},"west":{"uv":[4.0,7.34375,4.0625,7.40625],"rotation":0,"texture":"#0","tintindex":0}}},{"name":"bone32","from":[-14.263192,4.8059173,0.18391395],"to":[-12.557996,5.725116,1.2099134],"rotation":{"angle":0.0,"axis":"x","origin":[-13.410594,5.2655163,0.45691395]},"faces":{"down":{"uv":[1.71875,7.3125,1.625,7.375],"rotation":0,"texture":"#0","tintindex":0},"east":{"uv":[4.09375,7.34375,4.15625,7.40625],"rotation":0,"texture":"#0","tintindex":0},"north":{"uv":[7.3125,0.75,7.40625,0.8125],"rotation":0,"texture":"#0","tintindex":0},"south":{"uv":[7.3125,0.84375,7.40625,0.90625],"rotation":0,"texture":"#0","tintindex":0},"up":{"uv":[7.40625,1.0,7.3125,0.9375],"rotation":0,"texture":"#0","tintindex":0},"west":{"uv":[7.34375,4.6875,7.40625,4.75],"rotation":0,"texture":"#0","tintindex":0}}}],"display":{"head":{"translation":[0.0,-6.4,0.0],"rotation":[0.0,0.0,0.0],"scale":[3.8095,3.8095,3.8095]}}}