{"textures":{"0":"modelengine:entity/unk1nown"},"elements":[{"name":"bone16","from":[8.059862,2.4326231,14.599998],"to":[8.059862,14.047429,32.0],"rotation":{"angle":0.0,"axis":"x","origin":[8.0,-13.617967,-47.79051]},"faces":{"down":{"uv":[1.0,7.40625,1.0,8.21875],"rotation":0,"texture":"#0","tintindex":0},"east":{"uv":[3.1875,1.9375,4.0,2.53125],"rotation":0,"texture":"#0","tintindex":0},"north":{"uv":[0.75,7.40625,0.75,8.0],"rotation":0,"texture":"#0","tintindex":0},"south":{"uv":[0.78125,7.40625,0.78125,8.0],"rotation":0,"texture":"#0","tintindex":0},"up":{"uv":[0.96875,8.21875,0.96875,7.40625],"rotation":0,"texture":"#0","tintindex":0},"west":{"uv":[3.8125,2.5625,4.625,3.15625],"rotation":0,"texture":"#0","tintindex":0}}},{"name":"bone16","from":[7.067534,7.232623,4.638212],"to":[8.924468,8.6474285,14.599993],"rotation":{"angle":0.0,"axis":"x","origin":[8.0,-13.617967,-47.79051]},"faces":{"down":{"uv":[4.9375,6.34375,4.84375,6.875],"rotation":0,"texture":"#0","tintindex":0},"east":{"uv":[6.84375,2.46875,7.375,2.53125],"rotation":0,"texture":"#0","tintindex":0},"north":{"uv":[7.03125,7.28125,7.125,7.34375],"rotation":0,"texture":"#0","tintindex":0},"south":{"uv":[7.28125,7.125,7.375,7.1875],"rotation":0,"texture":"#0","tintindex":0},"up":{"uv":[0.96875,6.84375,0.875,6.3125],"rotation":0,"texture":"#0","tintindex":0},"west":{"uv":[6.84375,3.28125,7.375,3.34375],"rotation":0,"texture":"#0","tintindex":0}}},{"name":"bone16","from":[7.3412843,6.575755,4.651314],"to":[8.651295,7.885765,14.586895],"rotation":{"angle":45.0,"axis":"z","origin":[7.996292,7.2307577,3.1284714]},"faces":{"down":{"uv":[5.6875,6.78125,5.625,7.3125],"rotation":0,"texture":"#0","tintindex":0},"east":{"uv":[6.875,0.28125,7.40625,0.34375],"rotation":0,"texture":"#0","tintindex":0},"north":{"uv":[1.9375,7.34375,2.0,7.40625],"rotation":0,"texture":"#0","tintindex":0},"south":{"uv":[2.28125,7.34375,2.34375,7.40625],"rotation":0,"texture":"#0","tintindex":0},"up":{"uv":[5.59375,7.3125,5.53125,6.78125],"rotation":0,"texture":"#0","tintindex":0},"west":{"uv":[6.875,0.375,7.40625,0.4375],"rotation":0,"texture":"#0","tintindex":0}}},{"name":"bone16","from":[8.059862,6.810066,3.7938857],"to":[8.059862,12.349268,12.529884],"rotation":{"angle":0.0,"axis":"x","origin":[8.0,-13.617967,-47.79051]},"faces":{"down":{"uv":[0.59375,7.40625,0.59375,7.875],"rotation":0,"texture":"#0","tintindex":0},"east":{"uv":[2.0,5.03125,2.46875,5.3125],"rotation":0,"texture":"#0","tintindex":0},"north":{"uv":[0.5,7.40625,0.5,7.6875],"rotation":0,"texture":"#0","tintindex":0},"south":{"uv":[0.53125,7.40625,0.53125,7.6875],"rotation":0,"texture":"#0","tintindex":0},"up":{"uv":[0.5625,7.875,0.5625,7.40625],"rotation":0,"texture":"#0","tintindex":0},"west":{"uv":[5.03125,2.1875,5.5,2.46875],"rotation":0,"texture":"#0","tintindex":0}}},{"name":"bone16","from":[8.059862,6.7500668,9.553885],"to":[8.059862,11.089266,14.689884],"rotation":{"angle":0.0,"axis":"x","origin":[8.0,-13.617967,-47.79051]},"faces":{"down":{"uv":[0.71875,7.40625,0.71875,7.6875],"rotation":0,"texture":"#0","tintindex":0},"east":{"uv":[4.96875,6.28125,5.25,6.5],"rotation":0,"texture":"#0","tintindex":0},"north":{"uv":[0.625,7.40625,0.625,7.625],"rotation":0,"texture":"#0","tintindex":0},"south":{"uv":[0.65625,7.40625,0.65625,7.625],"rotation":0,"texture":"#0","tintindex":0},"up":{"uv":[0.6875,7.6875,0.6875,7.40625],"rotation":0,"texture":"#0","tintindex":0},"west":{"uv":[0.21875,6.3125,0.5,6.53125],"rotation":0,"texture":"#0","tintindex":0}}}],"display":{"head":{"translation":[0.0,-6.4,15.395585],"rotation":[0.0,0.0,0.0],"scale":[3.8095,3.8095,3.8095]}}}