{"textures":{"0":"modelengine:entity/mso_lava_lord"},"elements":[{"name":"overlay","from":[-6.3999996,-7.5999975,0.79999995],"to":[8.000002,2.0,17.599998],"rotation":{"angle":0.0,"axis":"x","origin":[9.200001,-5.2000017,8.0]},"faces":{"down":{"uv":[7.25,6.0,6.5,6.875],"rotation":0,"texture":"#0","tintindex":0},"east":{"uv":[7.25,6.875,8.125,7.375],"rotation":0,"texture":"#0","tintindex":0},"north":{"uv":[6.5,6.875,7.25,7.375],"rotation":0,"texture":"#0","tintindex":0},"south":{"uv":[6.5,6.875,7.25,7.375],"rotation":0,"texture":"#0","tintindex":0},"up":{"uv":[7.25,6.875,6.5,6.0],"rotation":0,"texture":"#0","tintindex":0},"west":{"uv":[7.25,6.875,8.125,7.375],"rotation":0,"texture":"#0","tintindex":0}}},{"name":"cube","from":[-7.5999975,3.2000012,-0.40000057],"to":[9.200001,20.0,16.4],"rotation":{"angle":0.0,"axis":"x","origin":[9.200001,11.600004,8.0]},"faces":{"down":{"uv":[2.625,4.75,1.75,5.625],"rotation":0,"texture":"#0","tintindex":0},"east":{"uv":[0.0,5.625,0.875,6.5],"rotation":0,"texture":"#0","tintindex":0},"north":{"uv":[0.875,5.625,1.75,6.5],"rotation":0,"texture":"#0","tintindex":0},"south":{"uv":[2.625,5.625,3.5,6.5],"rotation":0,"texture":"#0","tintindex":0},"up":{"uv":[1.75,5.625,0.875,4.75],"rotation":0,"texture":"#0","tintindex":0},"west":{"uv":[1.75,5.625,2.625,6.5],"rotation":0,"texture":"#0","tintindex":0}}},{"name":"cube","from":[-2.7999988,4.4000025,-1.6000004],"to":[4.4000025,21.200003,17.599998],"rotation":{"angle":0.0,"axis":"x","origin":[9.200001,12.799999,8.0]},"faces":{"down":{"uv":[8.875,2.875,8.5,3.875],"rotation":0,"texture":"#0","tintindex":0},"east":{"uv":[7.125,3.875,8.125,4.75],"rotation":0,"texture":"#0","tintindex":0},"north":{"uv":[8.125,3.875,8.5,4.75],"rotation":0,"texture":"#0","tintindex":0},"south":{"uv":[8.5,3.875,8.125,4.75],"rotation":0,"texture":"#0","tintindex":0},"up":{"uv":[1.375,7.5,1.0,6.5],"rotation":0,"texture":"#0","tintindex":0},"west":{"uv":[8.5,3.875,9.5,4.75],"rotation":0,"texture":"#0","tintindex":0}}},{"name":"cube","from":[-12.4,4.4000025,-1.6000004],"to":[-5.199998,21.200003,17.599998],"rotation":{"angle":0.0,"axis":"x","origin":[-0.39999962,12.799999,8.0]},"faces":{"down":{"uv":[1.375,6.5,1.0,7.5],"rotation":0,"texture":"#0","tintindex":0},"east":{"uv":[0.0,7.5,1.0,8.375],"rotation":0,"texture":"#0","tintindex":0},"north":{"uv":[1.0,7.5,1.375,8.375],"rotation":0,"texture":"#0","tintindex":0},"south":{"uv":[1.375,7.5,1.0,8.375],"rotation":0,"texture":"#0","tintindex":0},"up":{"uv":[1.375,7.5,1.0,6.5],"rotation":0,"texture":"#0","tintindex":0},"west":{"uv":[1.375,7.5,2.375,8.375],"rotation":0,"texture":"#0","tintindex":0}}},{"name":"cube","from":[-16.0,8.0,-4.0],"to":[3.2000012,12.799999,-1.6000004],"rotation":{"angle":-22.5,"axis":"z","origin":[3.2000012,8.0,-1.6000004]},"faces":{"down":{"uv":[11.0,3.375,10.0,3.5],"rotation":0,"texture":"#0","tintindex":0},"east":{"uv":[8.875,3.5,9.0,3.75],"rotation":0,"texture":"#0","tintindex":0},"north":{"uv":[9.0,3.5,10.0,3.75],"rotation":0,"texture":"#0","tintindex":0},"south":{"uv":[9.0,3.5,10.0,3.75],"rotation":0,"texture":"#0","tintindex":0},"up":{"uv":[10.0,3.5,9.0,3.375],"rotation":0,"texture":"#0","tintindex":0},"west":{"uv":[10.0,3.5,10.125,3.75],"rotation":0,"texture":"#0","tintindex":0}}},{"name":"cube","from":[-16.0,20.0,-2.8000007],"to":[3.2000012,24.8,-0.40000057],"rotation":{"angle":45.0,"axis":"z","origin":[3.2000012,20.0,-0.40000057]},"faces":{"down":{"uv":[5.125,8.875,4.125,9.0],"rotation":0,"texture":"#0","tintindex":0},"east":{"uv":[3.0,9.0,3.125,9.25],"rotation":0,"texture":"#0","tintindex":0},"north":{"uv":[3.125,9.0,4.125,9.25],"rotation":0,"texture":"#0","tintindex":0},"south":{"uv":[3.125,9.0,4.125,9.25],"rotation":0,"texture":"#0","tintindex":0},"up":{"uv":[4.125,9.0,3.125,8.875],"rotation":0,"texture":"#0","tintindex":0},"west":{"uv":[4.125,9.0,4.25,9.25],"rotation":0,"texture":"#0","tintindex":0}}},{"name":"cube","from":[-16.0,20.0,16.4],"to":[3.2000012,24.8,18.8],"rotation":{"angle":45.0,"axis":"z","origin":[3.2000012,20.0,16.4]},"faces":{"down":{"uv":[5.125,8.875,4.125,9.0],"rotation":0,"texture":"#0","tintindex":0},"east":{"uv":[3.0,9.0,3.125,9.25],"rotation":0,"texture":"#0","tintindex":0},"north":{"uv":[3.125,9.0,4.125,9.25],"rotation":0,"texture":"#0","tintindex":0},"south":{"uv":[3.125,9.0,4.125,9.25],"rotation":0,"texture":"#0","tintindex":0},"up":{"uv":[4.125,9.0,3.125,8.875],"rotation":0,"texture":"#0","tintindex":0},"west":{"uv":[4.125,9.0,4.25,9.25],"rotation":0,"texture":"#0","tintindex":0}}},{"name":"cube","from":[-16.0,8.0,17.599998],"to":[3.2000012,12.799999,20.0],"rotation":{"angle":-22.5,"axis":"z","origin":[3.2000012,8.0,17.599998]},"faces":{"down":{"uv":[11.0,3.375,10.0,3.5],"rotation":0,"texture":"#0","tintindex":0},"east":{"uv":[8.875,3.5,9.0,3.75],"rotation":0,"texture":"#0","tintindex":0},"north":{"uv":[9.0,3.5,10.0,3.75],"rotation":0,"texture":"#0","tintindex":0},"south":{"uv":[9.0,3.5,10.0,3.75],"rotation":0,"texture":"#0","tintindex":0},"up":{"uv":[10.0,3.5,9.0,3.375],"rotation":0,"texture":"#0","tintindex":0},"west":{"uv":[10.0,3.5,10.125,3.75],"rotation":0,"texture":"#0","tintindex":0}}},{"name":"cube","from":[-5.199998,-8.799999,1.9999998],"to":[6.800002,3.2000012,16.4],"rotation":{"angle":0.0,"axis":"x","origin":[9.200001,-5.2000017,8.0]},"faces":{"down":{"uv":[10.0,1.125,9.375,1.875],"rotation":0,"texture":"#0","tintindex":0},"east":{"uv":[8.0,1.875,8.75,2.5],"rotation":0,"texture":"#0","tintindex":0},"north":{"uv":[8.75,1.875,9.375,2.5],"rotation":0,"texture":"#0","tintindex":0},"south":{"uv":[10.125,1.875,10.75,2.5],"rotation":0,"texture":"#0","tintindex":0},"up":{"uv":[9.375,1.875,8.75,1.125],"rotation":0,"texture":"#0","tintindex":0},"west":{"uv":[9.375,1.875,10.125,2.5],"rotation":0,"texture":"#0","tintindex":0}}},{"name":"cube","from":[-4.0,-16.0,1.9999998],"to":[5.6000004,-8.799999,14.0],"rotation":{"angle":0.0,"axis":"x","origin":[0.80000186,-8.799999,8.0]},"faces":{"down":{"uv":[9.375,9.0,8.875,9.625],"rotation":0,"texture":"#0","tintindex":0},"east":{"uv":[7.75,9.625,8.375,10.0],"rotation":0,"texture":"#0","tintindex":0},"north":{"uv":[8.375,9.625,8.875,10.0],"rotation":0,"texture":"#0","tintindex":0},"south":{"uv":[9.5,9.625,10.0,10.0],"rotation":0,"texture":"#0","tintindex":0},"up":{"uv":[8.875,9.625,8.375,9.0],"rotation":0,"texture":"#0","tintindex":0},"west":{"uv":[8.875,9.625,9.5,10.0],"rotation":0,"texture":"#0","tintindex":0}}}],"display":{"head":{"translation":[-7.1207683E-6,-19.840015,0.0],"rotation":[0.0,0.0,0.0],"scale":[3.7333333,3.7333333,3.7333333]}}}