{"textures":{"0":"modelengine:entity/mso_lava_lord"},"elements":[{"name":"cube","from":[1.2800004,-2.08,1.2799999],"to":[14.72,8.0,14.72],"rotation":{"angle":0.0,"axis":"x","origin":[8.0,8.0,8.0]},"faces":{"down":{"uv":[8.125,4.75,8.625,5.25],"rotation":0,"texture":"#0","tintindex":0},"east":{"uv":[8.625,5.25,8.125,5.625],"rotation":0,"texture":"#0","tintindex":0},"north":{"uv":[8.125,5.25,7.625,5.625],"rotation":0,"texture":"#0","tintindex":0},"south":{"uv":[8.625,5.25,8.125,5.625],"rotation":0,"texture":"#0","tintindex":0},"up":{"uv":[7.625,5.25,8.125,4.75],"rotation":0,"texture":"#0","tintindex":0},"west":{"uv":[8.625,5.25,8.125,5.625],"rotation":0,"texture":"#0","tintindex":0}}},{"name":"cube","from":[1.2800004,-2.08,-5.4400005],"to":[14.72,2.96,1.2799999],"rotation":{"angle":0.0,"axis":"x","origin":[8.0,8.0,8.0]},"faces":{"down":{"uv":[11.5,2.75,12.0,3.0],"rotation":0,"texture":"#0","tintindex":0},"east":{"uv":[11.75,3.0,11.5,3.125],"rotation":0,"texture":"#0","tintindex":0},"north":{"uv":[11.5,3.0,11.0,3.125],"rotation":0,"texture":"#0","tintindex":0},"south":{"uv":[12.25,3.0,11.75,3.125],"rotation":0,"texture":"#0","tintindex":0},"up":{"uv":[11.0,3.0,11.5,2.75],"rotation":0,"texture":"#0","tintindex":0},"west":{"uv":[11.0,3.0,10.75,3.125],"rotation":0,"texture":"#0","tintindex":0}}},{"name":"cube","from":[3.8000004,-2.9199996,-7.120001],"to":[7.16,7.16,-2.08],"rotation":{"angle":0.0,"axis":"x","origin":[7.16,3.8000004,-2.08]},"faces":{"down":{"uv":[0.25,2.375,0.375,2.5],"rotation":0,"texture":"#0","tintindex":0},"east":{"uv":[0.375,2.5,0.25,2.875],"rotation":0,"texture":"#0","tintindex":0},"north":{"uv":[0.25,2.5,0.125,2.875],"rotation":0,"texture":"#0","tintindex":0},"south":{"uv":[0.5,2.5,0.375,2.875],"rotation":0,"texture":"#0","tintindex":0},"up":{"uv":[0.125,2.5,0.25,2.375],"rotation":0,"texture":"#0","tintindex":0},"west":{"uv":[0.125,2.5,0.0,2.875],"rotation":0,"texture":"#0","tintindex":0}}},{"name":"cube","from":[0.44000006,-2.9199996,-7.120001],"to":[3.8000004,5.4800005,-2.08],"rotation":{"angle":22.5,"axis":"y","origin":[3.8000004,3.8000004,-2.08]},"faces":{"down":{"uv":[2.625,2.375,2.75,2.5],"rotation":0,"texture":"#0","tintindex":0},"east":{"uv":[2.75,2.5,2.625,2.75],"rotation":0,"texture":"#0","tintindex":0},"north":{"uv":[2.625,2.5,2.5,2.75],"rotation":0,"texture":"#0","tintindex":0},"south":{"uv":[2.875,2.5,2.75,2.75],"rotation":0,"texture":"#0","tintindex":0},"up":{"uv":[2.5,2.5,2.625,2.375],"rotation":0,"texture":"#0","tintindex":0},"west":{"uv":[2.5,2.5,2.375,2.75],"rotation":0,"texture":"#0","tintindex":0}}},{"name":"cube","from":[8.840001,-2.9199996,-7.120001],"to":[12.2,5.4800005,-2.08],"rotation":{"angle":0.0,"axis":"x","origin":[8.840001,3.8000004,-2.08]},"faces":{"down":{"uv":[0.875,0.0,1.0,0.125],"rotation":0,"texture":"#0","tintindex":0},"east":{"uv":[1.0,0.125,0.875,0.375],"rotation":0,"texture":"#0","tintindex":0},"north":{"uv":[0.875,0.125,0.75,0.375],"rotation":0,"texture":"#0","tintindex":0},"south":{"uv":[1.125,0.125,1.0,0.375],"rotation":0,"texture":"#0","tintindex":0},"up":{"uv":[0.75,0.125,0.875,0.0],"rotation":0,"texture":"#0","tintindex":0},"west":{"uv":[0.75,0.125,0.625,0.375],"rotation":0,"texture":"#0","tintindex":0}}},{"name":"cube","from":[12.2,-2.9199996,-7.120001],"to":[15.56,3.8000004,-2.08],"rotation":{"angle":-22.5,"axis":"y","origin":[12.2,3.8000004,-2.08]},"faces":{"down":{"uv":[1.0,2.375,1.125,2.5],"rotation":0,"texture":"#0","tintindex":0},"east":{"uv":[1.125,2.5,1.0,2.75],"rotation":0,"texture":"#0","tintindex":0},"north":{"uv":[1.0,2.5,0.875,2.75],"rotation":0,"texture":"#0","tintindex":0},"south":{"uv":[1.25,2.5,1.125,2.75],"rotation":0,"texture":"#0","tintindex":0},"up":{"uv":[0.875,2.5,1.0,2.375],"rotation":0,"texture":"#0","tintindex":0},"west":{"uv":[0.875,2.5,0.75,2.75],"rotation":0,"texture":"#0","tintindex":0}}}],"display":{"head":{"translation":[0.0,-6.4,0.0],"rotation":[0.0,0.0,0.0],"scale":[3.8095,3.8095,3.8095]}}}