{"textures":{"0":"modelengine:entity/mso_lava_lord"},"elements":[{"name":"cube","from":[13.040001,2.9599988,2.96],"to":[16.400002,9.679997,13.04],"rotation":{"angle":-22.5,"axis":"z","origin":[16.400002,2.9599988,8.0]},"faces":{"down":{"uv":[8.0,11.125,8.125,11.5],"rotation":0,"texture":"#0","tintindex":0},"east":{"uv":[8.375,11.5,8.0,11.75],"rotation":0,"texture":"#0","tintindex":0},"north":{"uv":[6.75,10.5,6.625,10.75],"rotation":0,"texture":"#0","tintindex":0},"south":{"uv":[6.75,10.5,6.625,10.75],"rotation":0,"texture":"#0","tintindex":0},"up":{"uv":[7.875,11.5,8.0,11.125],"rotation":0,"texture":"#0","tintindex":0},"west":{"uv":[7.875,11.5,7.5,11.75],"rotation":0,"texture":"#0","tintindex":0}}},{"name":"cube","from":[13.040001,-7.1200037,2.96],"to":[16.400002,-0.40000272,13.04],"rotation":{"angle":-22.5,"axis":"z","origin":[16.400002,-7.1200037,8.0]},"faces":{"down":{"uv":[11.625,6.625,11.75,7.0],"rotation":0,"texture":"#0","tintindex":0},"east":{"uv":[12.0,7.0,11.625,7.25],"rotation":0,"texture":"#0","tintindex":0},"north":{"uv":[6.75,10.5,6.625,10.75],"rotation":0,"texture":"#0","tintindex":0},"south":{"uv":[6.75,10.5,6.625,10.75],"rotation":0,"texture":"#0","tintindex":0},"up":{"uv":[11.5,7.0,11.625,6.625],"rotation":0,"texture":"#0","tintindex":0},"west":{"uv":[11.5,7.0,11.125,7.25],"rotation":0,"texture":"#0","tintindex":0}}},{"name":"cube","from":[14.72,-1.2400012,4.64],"to":[18.08,5.479997,11.360001],"rotation":{"angle":-22.5,"axis":"z","origin":[18.08,-1.2400012,8.0]},"faces":{"down":{"uv":[3.375,11.75,3.5,12.0],"rotation":0,"texture":"#0","tintindex":0},"east":{"uv":[3.625,12.0,3.375,12.25],"rotation":0,"texture":"#0","tintindex":0},"north":{"uv":[6.0,10.5,5.875,10.75],"rotation":0,"texture":"#0","tintindex":0},"south":{"uv":[6.75,10.5,6.625,10.75],"rotation":0,"texture":"#0","tintindex":0},"up":{"uv":[5.875,10.75,6.0,10.5],"rotation":0,"texture":"#0","tintindex":0},"west":{"uv":[3.25,12.0,3.0,12.25],"rotation":0,"texture":"#0","tintindex":0}}},{"name":"cube","from":[4.64,-12.160002,3.7999997],"to":[14.72,8.0,12.2],"rotation":{"angle":0.0,"axis":"x","origin":[8.0,8.0,8.0]},"faces":{"down":{"uv":[11.25,5.625,11.625,5.875],"rotation":0,"texture":"#0","tintindex":0},"east":{"uv":[11.5,5.875,11.25,6.625],"rotation":0,"texture":"#0","tintindex":0},"north":{"uv":[11.25,5.875,10.875,6.625],"rotation":0,"texture":"#0","tintindex":0},"south":{"uv":[11.875,5.875,11.5,6.625],"rotation":0,"texture":"#0","tintindex":0},"up":{"uv":[10.875,5.875,11.25,5.625],"rotation":0,"texture":"#0","tintindex":0},"west":{"uv":[10.875,5.875,10.625,6.625],"rotation":0,"texture":"#0","tintindex":0}}},{"name":"cube","from":[9.68,-0.40000272,1.2799999],"to":[16.400002,6.319998,14.72],"rotation":{"angle":0.0,"axis":"x","origin":[16.400002,8.0,8.0]},"faces":{"down":{"uv":[3.75,10.5,4.0,11.0],"rotation":0,"texture":"#0","tintindex":0},"east":{"uv":[4.25,11.0,3.75,11.25],"rotation":0,"texture":"#0","tintindex":0},"north":{"uv":[5.375,12.0,5.125,12.25],"rotation":0,"texture":"#0","tintindex":0},"south":{"uv":[5.375,12.0,5.125,12.25],"rotation":0,"texture":"#0","tintindex":0},"up":{"uv":[3.5,11.0,3.75,10.5],"rotation":0,"texture":"#0","tintindex":0},"west":{"uv":[3.5,11.0,3.0,11.25],"rotation":0,"texture":"#0","tintindex":0}}},{"name":"cube","from":[10.52,-7.1200037,2.1199996],"to":[15.559999,-0.40000272,13.88],"rotation":{"angle":0.0,"axis":"x","origin":[17.240002,1.279997,8.0]},"faces":{"down":{"uv":[2.0,8.375,2.125,8.75],"rotation":0,"texture":"#0","tintindex":0},"east":{"uv":[2.375,8.75,2.0,9.0],"rotation":0,"texture":"#0","tintindex":0},"north":{"uv":[2.0,8.75,1.875,9.0],"rotation":0,"texture":"#0","tintindex":0},"south":{"uv":[2.0,8.75,1.875,9.0],"rotation":0,"texture":"#0","tintindex":0},"up":{"uv":[1.875,8.75,2.0,8.375],"rotation":0,"texture":"#0","tintindex":0},"west":{"uv":[1.875,8.75,1.5,9.0],"rotation":0,"texture":"#0","tintindex":0}}},{"name":"cube","from":[3.7999997,-7.1200037,2.1199996],"to":[8.84,2.9599988,13.88],"rotation":{"angle":0.0,"axis":"x","origin":[10.52,1.279997,8.0]},"faces":{"down":{"uv":[0.5,8.375,0.625,8.75],"rotation":0,"texture":"#0","tintindex":0},"east":{"uv":[0.875,8.75,0.5,9.125],"rotation":0,"texture":"#0","tintindex":0},"north":{"uv":[0.875,10.5,0.75,10.875],"rotation":0,"texture":"#0","tintindex":0},"south":{"uv":[0.875,10.5,0.75,10.875],"rotation":0,"texture":"#0","tintindex":0},"up":{"uv":[0.375,8.75,0.5,8.375],"rotation":0,"texture":"#0","tintindex":0},"west":{"uv":[6.0,11.5,5.625,11.875],"rotation":0,"texture":"#0","tintindex":0}}}],"display":{"head":{"translation":[0.0,-6.4,0.0],"rotation":[0.0,0.0,0.0],"scale":[3.8095,3.8095,3.8095]}}}