{
	"credit": "Made with Blockbench",
	"textures": {
		"particle": "customitem/diamond_sword",
		"texture": "customitem/diamond_sword",
		"diamond_sword_overlay": "customitem/diamond_sword_overlay"
	},
	"elements": [
		{
			"from": [6.5, 0, 7],
			"to": [8.5, 2.5, 9],
			"faces": {
				"north": {"uv": [7.5, 13.5, 9.5, 16], "texture": "#texture"},
				"east": {"uv": [7, 13.5, 9, 16], "texture": "#texture"},
				"south": {"uv": [6.5, 13.5, 8.5, 16], "texture": "#texture"},
				"west": {"uv": [7, 13.5, 9, 16], "texture": "#texture"}
			}
		},
		{
			"from": [6, -1, 6.5],
			"to": [9, 0, 9.5],
			"faces": {
				"north": {"uv": [9.5, 15, 12.5, 16], "texture": "#texture"},
				"east": {"uv": [9.5, 15, 12.5, 16], "texture": "#texture"},
				"south": {"uv": [9.5, 15, 12.5, 16], "texture": "#texture"},
				"west": {"uv": [9.5, 15, 12.5, 16], "texture": "#texture"},
				"up": {"uv": [9.5, 12, 12.5, 15], "texture": "#texture"},
				"down": {"uv": [9.5, 12, 12.5, 15], "texture": "#texture"}
			}
		},
		{
			"from": [6.625, -1.5, 7],
			"to": [8.625, -1, 9],
			"faces": {
				"north": {"uv": [9.5, 12, 11.5, 12.5], "texture": "#texture"},
				"east": {"uv": [9.5, 12, 11.5, 12.5], "texture": "#texture"},
				"south": {"uv": [9.5, 12, 11.5, 12.5], "texture": "#texture"},
				"west": {"uv": [9.5, 12, 11.5, 12.5], "texture": "#texture"},
				"down": {"uv": [6.625, 9, 8.625, 7], "texture": "#texture"}
			}
		},
		{
			"from": [6.0625, 2.5, 6.5],
			"to": [9.0625, 3, 9.5],
			"faces": {
				"north": {"uv": [3.5, 12, 6.5, 12.5], "texture": "#texture"},
				"east": {"uv": [3.5, 12, 6.5, 12.5], "texture": "#texture"},
				"south": {"uv": [3.5, 12, 6.5, 12.5], "texture": "#texture"},
				"west": {"uv": [3.5, 12, 6.5, 12.5], "texture": "#texture"},
				"up": {"uv": [3.5, 12, 6.5, 15], "texture": "#texture"},
				"down": {"uv": [3.5, 12, 6.5, 15], "texture": "#texture"}
			}
		},
		{
			"from": [6.375, 3, 6.75],
			"to": [8.875, 3.5, 9.25],
			"faces": {
				"north": {"uv": [6.5, 12, 9, 12.5], "texture": "#texture"},
				"east": {"uv": [6.5, 12, 9, 12.5], "texture": "#texture"},
				"south": {"uv": [6.5, 12, 9, 12.5], "texture": "#texture"},
				"west": {"uv": [6.5, 12, 9, 12.5], "texture": "#texture"}
			}
		},
		{
			"from": [6, 3.5, 6.5],
			"to": [9, 4, 9.5],
			"faces": {
				"north": {"uv": [3.5, 12, 6.5, 12.5], "texture": "#texture"},
				"east": {"uv": [3.5, 12, 6.5, 12.5], "texture": "#texture"},
				"south": {"uv": [3.5, 12, 6.5, 12.5], "texture": "#texture"},
				"west": {"uv": [3.5, 12, 6.5, 12.5], "texture": "#texture"},
				"up": {"uv": [3.5, 12, 6.5, 15], "texture": "#texture"},
				"down": {"uv": [3.5, 12, 6.5, 15], "texture": "#texture"}
			}
		},
		{
			"from": [7.5, 4, 7],
			"to": [8, 4.5, 9],
			"faces": {
				"north": {"uv": [8, 11.5, 8.5, 12], "texture": "#texture"},
				"east": {"uv": [7, 11.5, 9, 12], "texture": "#texture"},
				"south": {"uv": [7.5, 11.5, 8, 12], "texture": "#texture"},
				"west": {"uv": [7, 11.5, 9, 12], "texture": "#texture"}
			}
		},
		{
			"from": [7.5, 4.5, 6],
			"to": [8, 5, 9.5],
			"faces": {
				"north": {"uv": [8, 11, 8.5, 11.5], "texture": "#texture"},
				"east": {"uv": [6.5, 11, 10, 11.5], "texture": "#texture"},
				"south": {"uv": [7.5, 11, 8, 11.5], "texture": "#texture"},
				"west": {"uv": [6, 11, 9.5, 11.5], "texture": "#texture"},
				"down": {"uv": [8.5, 9.5, 8, 6], "texture": "#texture"}
			}
		},
		{
			"from": [7.5, 5, 5.5],
			"to": [8, 5.5, 10.5],
			"faces": {
				"north": {"uv": [8, 10.5, 8.5, 11], "texture": "#texture"},
				"east": {"uv": [5.5, 10.5, 10.5, 11], "texture": "#texture"},
				"south": {"uv": [7.5, 10.5, 8, 11], "texture": "#texture"},
				"west": {"uv": [5.5, 10.5, 10.5, 11], "texture": "#texture"},
				"down": {"uv": [8.5, 10.5, 8, 5.5], "texture": "#texture"}
			}
		},
		{
			"from": [7.5, 5.5, 5.5],
			"to": [8, 6, 11.5],
			"faces": {
				"north": {"uv": [8, 10, 8.5, 10.5], "texture": "#texture"},
				"east": {"uv": [4.5, 10, 10.5, 10.5], "texture": "#texture"},
				"west": {"uv": [5.5, 10, 11.5, 10.5], "texture": "#texture"},
				"up": {"uv": [7.5, 5.5, 8, 11.5], "texture": "#texture"},
				"down": {"uv": [8.5, 11.5, 8, 5.5], "texture": "#texture"}
			}
		},
		{
			"from": [7.5, 6, 8],
			"to": [8, 7.5, 11.5],
			"faces": {
				"north": {"uv": [8, 8.5, 8.5, 10], "texture": "#texture"},
				"east": {"uv": [4.5, 8.5, 8, 10], "texture": "#texture"},
				"west": {"uv": [8, 8.5, 11.5, 10], "texture": "#texture"},
				"up": {"uv": [7.5, 8, 8, 11.5], "texture": "#texture"}
			}
		},
		{
			"from": [7.5, 6, 6],
			"to": [8, 7, 8],
			"faces": {
				"north": {"uv": [8, 9, 8.5, 10], "texture": "#texture"},
				"east": {"uv": [8, 9, 10, 10], "texture": "#texture"},
				"west": {"uv": [6, 9, 8, 10], "texture": "#texture"},
				"up": {"uv": [7.5, 6, 8, 8], "texture": "#texture"}
			}
		},
		{
			"from": [7.5, 7, 6.5],
			"to": [8, 16, 8],
			"faces": {
				"north": {"uv": [8, 0, 8.5, 9], "texture": "#texture"},
				"east": {"uv": [8, 0, 9.5, 9], "texture": "#texture"},
				"south": {"uv": [7.5, 0, 8, 9], "texture": "#texture"},
				"west": {"uv": [6.5, 0, 8, 9], "texture": "#texture"},
				"up": {"uv": [7.5, 6.5, 8, 8], "texture": "#texture"}
			}
		},
		{
			"from": [7.5, 7.5, 10.5],
			"to": [8, 12.5, 11.5],
			"faces": {
				"east": {"uv": [4.5, 3.5, 5.5, 8.5], "texture": "#texture"},
				"south": {"uv": [7.5, 3.5, 8, 8.5], "texture": "#texture"},
				"west": {"uv": [10.5, 3.5, 11.5, 8.5], "texture": "#texture"},
				"up": {"uv": [7.5, 10.5, 8, 11.5], "texture": "#texture"}
			}
		},
		{
			"from": [7.5, 5, 11.5],
			"to": [8, 6, 12.5],
			"faces": {
				"north": {"uv": [8, 10, 8.5, 11], "texture": "#texture"},
				"east": {"uv": [3.5, 10, 4.5, 11], "texture": "#texture"},
				"south": {"uv": [7.5, 10, 8, 11], "texture": "#texture"},
				"west": {"uv": [11.5, 10, 12.5, 11], "texture": "#texture"},
				"up": {"uv": [7.5, 10, 8, 11], "texture": "#texture"},
				"down": {"uv": [7.5, 10, 8, 11], "texture": "#texture"}
			}
		},
		{
			"from": [7.5, 6, 11.5],
			"to": [8, 7.5, 12],
			"faces": {
				"east": {"uv": [4, 8.5, 4.5, 10], "texture": "#texture"},
				"south": {"uv": [7.5, 8.5, 8, 10], "texture": "#texture"},
				"west": {"uv": [11.5, 8.5, 12, 10], "texture": "#texture"},
				"up": {"uv": [7.5, 11.5, 8, 12], "texture": "#texture"}
			}
		},
		{
			"from": [7.5, 7.5, 9],
			"to": [8, 20.5, 10.5],
			"faces": {
				"north": {"uv": [8, 0, 8.5, 8.5], "texture": "#texture"},
				"east": {"uv": [5.5, 0, 7, 8.5], "texture": "#texture"},
				"south": {"uv": [7.5, 0, 8, 8.5], "texture": "#texture"},
				"west": {"uv": [9, 0, 10.5, 8.5], "texture": "#texture"},
				"up": {"uv": [7.5, 9, 8, 10.5], "texture": "#texture"}
			}
		},
		{
			"from": [7.5, 7, 6],
			"to": [8, 9.5, 6.5],
			"faces": {
				"north": {"uv": [8, 6.5, 8.5, 9], "texture": "#texture"},
				"east": {"uv": [9.5, 6.5, 10, 9], "texture": "#texture"},
				"west": {"uv": [6, 6.5, 6.5, 9], "texture": "#texture"},
				"up": {"uv": [7.5, 6, 8, 6.5], "texture": "#texture"}
			}
		},
		{
			"from": [7.5, 16, 7.5],
			"to": [8, 18, 8],
			"faces": {
				"north": {"uv": [8, 0, 8.5, 0], "texture": "#texture"},
				"east": {"uv": [8, 0, 8.5, 0], "texture": "#texture"},
				"south": {"uv": [7.5, 0, 8, 0], "texture": "#texture"},
				"west": {"uv": [7.5, 0, 8, 0], "texture": "#texture"},
				"up": {"uv": [7.5, 7.5, 8, 8], "texture": "#texture"}
			}
		},
		{
			"from": [7.5, 16, 7],
			"to": [8, 17.5, 7.5],
			"faces": {
				"north": {"uv": [8, 0, 8.5, 0], "texture": "#texture"},
				"east": {"uv": [8.5, 0, 9, 0], "texture": "#texture"},
				"west": {"uv": [7, 0, 7.5, 0], "texture": "#texture"},
				"up": {"uv": [7.5, 7, 8, 7.5], "texture": "#texture"}
			}
		},
		{
			"from": [7.5, 16, 6.5],
			"to": [8, 16.5, 7],
			"faces": {
				"north": {"uv": [8, 0, 8.5, 0], "texture": "#texture"},
				"east": {"uv": [9, 0, 9.5, 0], "texture": "#texture"},
				"west": {"uv": [6.5, 0, 7, 0], "texture": "#texture"},
				"up": {"uv": [7.5, 6.5, 8, 7], "texture": "#texture"}
			}
		},
		{
			"from": [7.5, 12.5, 10.5],
			"to": [8, 17.5, 11],
			"faces": {
				"east": {"uv": [5, 0, 5.5, 3.5], "texture": "#texture"},
				"south": {"uv": [7.5, 0, 8, 3.5], "texture": "#texture"},
				"west": {"uv": [10.5, 0, 11, 3.5], "texture": "#texture"},
				"up": {"uv": [7.5, 10.5, 8, 11], "texture": "#texture"}
			}
		},
		{
			"from": [7.5, 7.5, 8.5],
			"to": [8, 13.5, 9],
			"faces": {
				"north": {"uv": [8, 2.5, 8.5, 8.5], "texture": "#texture"},
				"east": {"uv": [7, 2.5, 7.5, 8.5], "texture": "#texture"},
				"west": {"uv": [8.5, 2.5, 9, 8.5], "texture": "#texture"},
				"up": {"uv": [7.5, 8.5, 8, 9], "texture": "#texture"}
			}
		},
		{
			"from": [7.5, 19, 8.5],
			"to": [8, 20.5, 9],
			"faces": {
				"north": {"uv": [8, 0, 8.5, 0], "texture": "#texture"},
				"east": {"uv": [7, 0, 7.5, 0], "texture": "#texture"},
				"west": {"uv": [8.5, 0, 9, 0], "texture": "#texture"},
				"down": {"uv": [8.5, 9, 8, 8.5], "texture": "#texture"}
			}
		},
		{
			"from": [7.5, 20.5, 8],
			"to": [8, 21, 10],
			"faces": {
				"north": {"uv": [8, 0, 8.5, 0], "texture": "#texture"},
				"east": {"uv": [6, 0, 8, 0], "texture": "#texture"},
				"south": {"uv": [7.5, 0, 8, 0], "texture": "#texture"},
				"west": {"uv": [8, 0, 10, 0], "texture": "#texture"},
				"up": {"uv": [7.5, 8, 8, 10], "texture": "#texture"},
				"down": {"uv": [8.5, 10, 8, 8], "texture": "#texture"}
			}
		},
		{
			"from": [7.5, 21, 7.5],
			"to": [8, 21.5, 9.5],
			"faces": {
				"north": {"uv": [8, 0, 8.5, 0], "texture": "#texture"},
				"east": {"uv": [6.5, 0, 8.5, 0], "texture": "#texture"},
				"south": {"uv": [7.5, 0, 8, 0], "texture": "#texture"},
				"west": {"uv": [7.5, 0, 9.5, 0], "texture": "#texture"},
				"up": {"uv": [7.5, 7.5, 8, 9.5], "texture": "#texture"},
				"down": {"uv": [8.5, 9.5, 8, 7.5], "texture": "#texture"}
			}
		},
		{
			"from": [7, 5, 6],
			"to": [8.5, 6, 9.5],
			"faces": {
				"north": {"uv": [7.5, 10, 9, 11], "texture": "#texture"},
				"east": {"uv": [6.5, 10, 10, 11], "texture": "#texture"},
				"south": {"uv": [7, 10, 8.5, 11], "texture": "#texture"},
				"west": {"uv": [6, 10, 9.5, 11], "texture": "#texture"},
				"up": {"uv": [7, 6, 8.5, 9.5], "texture": "#texture"},
				"down": {"uv": [9, 9.5, 7.5, 6], "texture": "#texture"}
			}
		},
		{
			"from": [7, 4.5, 6.5],
			"to": [8.5, 5, 9],
			"faces": {
				"north": {"uv": [7.5, 11, 9, 11.5], "texture": "#texture"},
				"east": {"uv": [7, 11, 9.5, 11.5], "texture": "#texture"},
				"south": {"uv": [7, 11, 8.5, 11.5], "texture": "#texture"},
				"west": {"uv": [6.5, 11, 9, 11.5], "texture": "#texture"},
				"down": {"uv": [9, 9, 7.5, 6.5], "texture": "#texture"}
			}
		},
		{
			"from": [7, 6, 6.5],
			"to": [8.5, 7, 11.5],
			"faces": {
				"north": {"uv": [7.5, 9, 9, 10], "texture": "#texture"},
				"east": {"uv": [4.5, 9, 9.5, 10], "texture": "#texture"},
				"south": {"uv": [7, 9, 8.5, 10], "texture": "#texture"},
				"west": {"uv": [6.5, 9, 11.5, 10], "texture": "#texture"},
				"up": {"uv": [7, 6.5, 8.5, 11.5], "texture": "#texture"},
				"down": {"uv": [9, 11.5, 7.5, 6.5], "texture": "#texture"}
			}
		},
		{
			"from": [7, 5.5, 9.5],
			"to": [8.5, 6, 10.5],
			"faces": {
				"east": {"uv": [5.5, 10, 6.5, 10.5], "texture": "#texture"},
				"south": {"uv": [7, 10, 8.5, 10.5], "texture": "#texture"},
				"west": {"uv": [9.5, 10, 10.5, 10.5], "texture": "#texture"},
				"down": {"uv": [9, 10.5, 7.5, 9.5], "texture": "#texture"}
			}
		},
		{
			"from": [7, 7, 6.5],
			"to": [8.5, 9.5, 7.5],
			"faces": {
				"north": {"uv": [7.5, 6.5, 9, 9], "texture": "#texture"},
				"east": {"uv": [8.5, 6.5, 9.5, 9], "texture": "#texture"},
				"south": {"uv": [7, 6.5, 8.5, 9], "texture": "#texture"},
				"west": {"uv": [6.5, 6.5, 7.5, 9], "texture": "#texture"},
				"up": {"uv": [7, 6.5, 8.5, 7.5], "texture": "#texture"}
			}
		},
		{
			"from": [7, 9.5, 7],
			"to": [8.5, 16.5, 7.5],
			"faces": {
				"north": {"uv": [7.5, 0, 9, 6.5], "texture": "#texture"},
				"east": {"uv": [8.5, 0, 9, 6.5], "texture": "#texture"},
				"south": {"uv": [7, 0, 8.5, 6.5], "texture": "#texture"},
				"west": {"uv": [7, 0, 7.5, 6.5], "texture": "#texture"},
				"up": {"uv": [7, 7, 8.5, 7.5], "texture": "#texture"}
			}
		},
		{
			"from": [7, 7, 9],
			"to": [8.5, 13, 10.5],
			"faces": {
				"north": {"uv": [7.5, 3, 9, 9], "texture": "#texture"},
				"east": {"uv": [5.5, 3, 7, 9], "texture": "#texture"},
				"south": {"uv": [7, 3, 8.5, 9], "texture": "#texture"},
				"west": {"uv": [9, 3, 10.5, 9], "texture": "#texture"},
				"up": {"uv": [7, 9, 8.5, 10.5], "texture": "#texture"}
			}
		},
		{
			"from": [7, 7, 10.5],
			"to": [8.5, 11.5, 11],
			"faces": {
				"east": {"uv": [5, 4.5, 5.5, 9], "texture": "#texture"},
				"south": {"uv": [7, 4.5, 8.5, 9], "texture": "#texture"},
				"west": {"uv": [10.5, 4.5, 11, 9], "texture": "#texture"},
				"up": {"uv": [7, 10.5, 8.5, 11], "texture": "#texture"}
			}
		},
		{
			"from": [7, 13, 9.5],
			"to": [8.5, 19, 10],
			"faces": {
				"north": {"uv": [7.5, 0, 9, 3], "texture": "#texture"},
				"east": {"uv": [6, 0, 6.5, 3], "texture": "#texture"},
				"south": {"uv": [7, 0, 8.5, 3], "texture": "#texture"},
				"west": {"uv": [9.5, 0, 10, 3], "texture": "#texture"}
			}
		},
		{
			"from": [7, 13, 10],
			"to": [8.5, 17, 10.5],
			"faces": {
				"east": {"uv": [5.5, 0, 6, 3], "texture": "#texture"},
				"south": {"uv": [7, 0, 8.5, 3], "texture": "#texture"},
				"west": {"uv": [10, 0, 10.5, 3], "texture": "#texture"},
				"up": {"uv": [7, 10, 8.5, 10.5], "texture": "#texture"}
			}
		},
		{
			"from": [7, 19, 9],
			"to": [8.5, 21, 9.5],
			"faces": {
				"north": {"uv": [7.5, 0, 9, 0], "texture": "#texture"},
				"east": {"uv": [6.5, 0, 7, 0], "texture": "#texture"},
				"south": {"uv": [7, 0, 8.5, 0], "texture": "#texture"},
				"west": {"uv": [9, 0, 9.5, 0], "texture": "#texture"},
				"up": {"uv": [7, 9, 8.5, 9.5], "texture": "#texture"},
				"down": {"uv": [9, 9.5, 7.5, 9], "texture": "#texture"}
			}
		},
		{
			"from": [7, 19, 9.5],
			"to": [8.5, 20.5, 10],
			"faces": {
				"east": {"uv": [6, 0, 6.5, 0], "texture": "#texture"},
				"south": {"uv": [7, 0, 8.5, 0], "texture": "#texture"},
				"west": {"uv": [9.5, 0, 10, 0], "texture": "#texture"},
				"up": {"uv": [7, 9.5, 8.5, 10], "texture": "#texture"}
			}
		},
		{
			"from": [7, 20.5, 8.5],
			"to": [8.5, 21, 9],
			"faces": {
				"north": {"uv": [7.5, 0, 9, 0], "texture": "#texture"},
				"east": {"uv": [7, 0, 7.5, 0], "texture": "#texture"},
				"west": {"uv": [8.5, 0, 9, 0], "texture": "#texture"},
				"up": {"uv": [7, 8.5, 8.5, 9], "texture": "#texture"},
				"down": {"uv": [9, 9, 7.5, 8.5], "texture": "#texture"}
			}
		},
		{
			"from": [6.75, 5, 7],
			"to": [8.75, 6.5, 8.5],
			"faces": {
				"north": {"uv": [7.25, 9.5, 9.25, 11], "texture": "#texture"},
				"east": {"uv": [7.5, 9.5, 9, 11], "texture": "#texture"},
				"south": {"uv": [6.75, 9.5, 8.75, 11], "texture": "#texture"},
				"west": {"uv": [7, 9.5, 8.5, 11], "texture": "#texture"},
				"up": {"uv": [6.75, 7, 8.75, 8.5], "texture": "#texture"},
				"down": {"uv": [9.25, 8.5, 7.25, 7], "texture": "#texture"}
			}
		},
		{
			"from": [6.75, 6, 8.5],
			"to": [8.75, 7, 10.5],
			"faces": {
				"north": {"uv": [7.25, 9, 9.25, 10], "texture": "#texture"},
				"east": {"uv": [5.5, 9, 7.5, 10], "texture": "#texture"},
				"south": {"uv": [6.75, 9, 8.75, 10], "texture": "#texture"},
				"west": {"uv": [8.5, 9, 10.5, 10], "texture": "#texture"},
				"up": {"uv": [6.75, 8.5, 8.75, 10.5], "texture": "#texture"},
				"down": {"uv": [9.25, 10.5, 7.25, 8.5], "texture": "#texture"}
			}
		},
		{
			"from": [7, 7, 8.5],
			"to": [8.5, 7.5, 9],
			"faces": {
				"north": {"uv": [7.5, 8.5, 9, 9], "texture": "#texture"},
				"east": {"uv": [7, 8.5, 7.5, 9], "texture": "#texture"},
				"west": {"uv": [8.5, 8.5, 9, 9], "texture": "#texture"},
				"up": {"uv": [7, 8.5, 8.5, 9], "texture": "#texture"}
			}
		},
		{
			"from": [6.75, 5, 8.5],
			"to": [8.75, 6, 9],
			"faces": {
				"east": {"uv": [7, 10, 7.5, 11], "texture": "#texture"},
				"south": {"uv": [6.75, 10, 8.75, 11], "texture": "#texture"},
				"west": {"uv": [8.5, 10, 9, 11], "texture": "#texture"},
				"down": {"uv": [9.25, 9, 7.25, 8.5], "texture": "#texture"}
			}
		},
		{
			"from": [6.75, 5.5, 9],
			"to": [8.75, 6, 9.5],
			"faces": {
				"east": {"uv": [6.5, 10, 7, 10.5], "texture": "#texture"},
				"south": {"uv": [6.75, 10, 8.75, 10.5], "texture": "#texture"},
				"west": {"uv": [9, 10, 9.5, 10.5], "texture": "#texture"},
				"down": {"uv": [9.25, 9.5, 7.25, 9], "texture": "#texture"}
			}
		},
		{
			"from": [6.75, 5, 6.5],
			"to": [8.75, 6, 7],
			"faces": {
				"north": {"uv": [7.25, 10, 9.25, 11], "texture": "#texture"},
				"east": {"uv": [9, 10, 9.5, 11], "texture": "#texture"},
				"west": {"uv": [6.5, 10, 7, 11], "texture": "#texture"},
				"up": {"uv": [6.75, 6.5, 8.75, 7], "texture": "#texture"},
				"down": {"uv": [9.25, 7, 7.25, 6.5], "texture": "#texture"}
			}
		},
		{
			"from": [6.75, 7, 9.5],
			"to": [8.75, 11.5, 10.5],
			"faces": {
				"north": {"uv": [7.25, 4.5, 9.25, 9], "texture": "#texture"},
				"east": {"uv": [5.5, 4.5, 6.5, 9], "texture": "#texture"},
				"south": {"uv": [6.75, 4.5, 8.75, 9], "texture": "#texture"},
				"west": {"uv": [9.5, 4.5, 10.5, 9], "texture": "#texture"},
				"up": {"uv": [6.75, 9.5, 8.75, 10.5], "texture": "#texture"}
			}
		},
		{
			"from": [6.75, 11.5, 9.75],
			"to": [8.75, 13, 10.25],
			"faces": {
				"north": {"uv": [7.25, 3, 9.25, 4.5], "texture": "#texture"},
				"east": {"uv": [5.75, 3, 6.25, 4.5], "texture": "#texture"},
				"south": {"uv": [6.75, 3, 8.75, 4.5], "texture": "#texture"},
				"west": {"uv": [9.75, 3, 10.25, 4.5], "texture": "#texture"},
				"up": {"uv": [6.75, 9.75, 8.75, 10.25], "texture": "#texture"}
			}
		},
		{
			"from": [7, 4, 7],
			"to": [8.5, 4.5, 9],
			"faces": {
				"north": {"uv": [7.5, 11.5, 9, 12], "texture": "#texture"},
				"east": {"uv": [7, 11.5, 9, 12], "texture": "#texture"},
				"south": {"uv": [7, 11.5, 8.5, 12], "texture": "#texture"},
				"west": {"uv": [7, 11.5, 9, 12], "texture": "#texture"}
			}
		},
		{
			"from": [7, -1.9375, 7.4375],
			"to": [8.25, -1.4375, 8.75],
			"faces": {
				"north": {"uv": [9.5, 15.5, 10.75, 16], "texture": "#texture"},
				"east": {"uv": [9.5, 15.5, 11, 16], "texture": "#texture"},
				"south": {"uv": [9.5, 15.5, 10.75, 16], "texture": "#texture"},
				"west": {"uv": [9.5, 15.5, 11, 16], "texture": "#texture"},
				"up": {"uv": [9.5, 14.6875, 10.75, 16], "texture": "#texture"},
				"down": {"uv": [9.5, 14.6875, 10.75, 16], "texture": "#texture"}
			}
		},
		{
			"from": [7.6875, 2.5, 3],
			"to": [7.75, 23, 13],
			"faces": {
				"east": {"uv": [3.5, 0, 13.5, 16], "texture": "#diamond_sword_overlay"}
			}
		}
	],
	"overrides": [
		{
			"predicate": {
				"damaged": 1,
				"damage": 0.25
			},
			"model": "alternative/diamond_sword1"
		},
		{
			"predicate": {
				"damaged": 1,
				"damage": 0.5
			},
			"model": "alternative/diamond_sword2"
		},
		{
			"predicate": {
				"damaged": 1,
				"damage": 0.75
			},
			"model": "alternative/diamond_sword3"
		}
	],
	"display": {
		"thirdperson_righthand": {
			"rotation": [0, -180, 0],
			"translation": [-0.57, 4.54, 1.7]
		},
		"firstperson_righthand": {
			"rotation": [16, -169, 0],
			"translation": [3.59, 1.89, -3.02],
			"scale": [1.1, 1.1, 1.1]
		},
		"gui": {
			"rotation": [-90, -45, -90],
			"translation": [-0.76, -1.32, 0],
			"scale": [0.8, 0.8, 0.8]
		}
	}
}