{
	"credit": "Made with Blockbench",
	"textures": {
		"up": "customitem/baked_potato_side",
		"north": "customitem/baked_potato_left",
		"south": "customitem/baked_potato_right",
		"handle": "customitem/baked_potato_handle"
	},
	"elements": [
		{
			"from": [4, 25, 4],
			"to": [6.5, 26, 9],
			"faces": {
				"north": {"uv": [9.5, 0, 12, 1], "texture": "#north"},
				"east": {"uv": [0.5, 7.5, 3.5, 8], "texture": "#up"},
				"south": {"uv": [4, 0, 6.5, 1], "texture": "#south"},
				"west": {"uv": [0.5, 8.5, 3.5, 9], "texture": "#up"},
				"up": {"uv": [0.5, 5, 3, 10], "texture": "#up"}
			}
		},
		{
			"from": [4, 24.5, 3.5],
			"to": [6.5, 25, 9.5],
			"faces": {
				"north": {"uv": [9.5, 1, 12, 1.5], "texture": "#north"},
				"east": {"uv": [9, 8.5, 13.5, 9], "texture": "#up"},
				"south": {"uv": [4, 1, 6.5, 1.5], "texture": "#south"},
				"west": {"uv": [8.5, 2, 14.5, 2.5], "texture": "#up"},
				"up": {"uv": [9, 0.5, 9.5, 3.5], "texture": "#up"}
			}
		},
		{
			"from": [3.5, 24.5, 4],
			"to": [4, 25.5, 9],
			"faces": {
				"north": {"uv": [12, 0.5, 12.5, 1.5], "texture": "#north"},
				"east": {"uv": [9.5, 2, 13.5, 2.5], "texture": "#up"},
				"south": {"uv": [3.5, 0.5, 4, 1.5], "texture": "#south"},
				"west": {"uv": [9.5, 2, 13.5, 2.5], "texture": "#up"},
				"up": {"uv": [3, 5, 3.5, 10], "texture": "#up"}
			}
		},
		{
			"from": [3, 24, 4],
			"to": [3.5, 25, 9],
			"faces": {
				"north": {"uv": [12.5, 1, 13, 2], "texture": "#north"},
				"east": {"uv": [9.5, 2, 13.5, 2.5], "texture": "#up"},
				"south": {"uv": [3, 1, 3.5, 2], "texture": "#south"},
				"west": {"uv": [9.5, 2, 13.5, 2.5], "texture": "#up"},
				"up": {"uv": [3, 5, 3.5, 10], "texture": "#up"}
			}
		},
		{
			"from": [2.5, 23.5, 4],
			"to": [3, 24.5, 9],
			"faces": {
				"north": {"uv": [13, 1.5, 13.5, 2.5], "texture": "#north"},
				"east": {"uv": [9.5, 2, 13.5, 2.5], "texture": "#up"},
				"south": {"uv": [2.5, 1.5, 3, 2.5], "texture": "#south"},
				"west": {"uv": [9.5, 4.5, 13.5, 3.5], "texture": "#up"},
				"up": {"uv": [2.5, 5, 3, 10], "texture": "#up"}
			}
		},
		{
			"from": [3.5, 24, 3.5],
			"to": [6.5, 24.5, 9.5],
			"faces": {
				"north": {"uv": [9.5, 1.5, 12.5, 2], "texture": "#north"},
				"east": {"uv": [9, 8.5, 13.5, 9], "texture": "#up"},
				"south": {"uv": [3.5, 1.5, 6.5, 2], "texture": "#south"},
				"west": {"uv": [8.5, 2, 14.5, 2.5], "texture": "#up"},
				"up": {"uv": [9, 0.5, 9.5, 3.5], "texture": "#up"},
				"down": {"uv": [9.5, 3.5, 9, 1.5], "texture": "#up"}
			}
		},
		{
			"from": [3, 23.5, 3.5],
			"to": [6, 24, 9.5],
			"faces": {
				"north": {"uv": [10, 2, 13, 2.5], "texture": "#north"},
				"east": {"uv": [9, 8.5, 13.5, 9], "texture": "#up"},
				"south": {"uv": [3, 2, 6, 2.5], "texture": "#south"},
				"west": {"uv": [8.5, 2, 14.5, 2.5], "texture": "#up"},
				"up": {"uv": [8.5, 1.5, 9.5, 3.5], "texture": "#up"}
			}
		},
		{
			"from": [4, 21.5, 3.5],
			"to": [5, 22.5, 9.5],
			"faces": {
				"north": {"uv": [11, 3.5, 12, 4.5], "texture": "#north"},
				"east": {"uv": [9, 8.5, 13.5, 9], "texture": "#up"},
				"south": {"uv": [4, 3.5, 5, 4.5], "texture": "#south"},
				"west": {"uv": [8.5, 2, 14.5, 2.5], "texture": "#up"},
				"down": {"uv": [14.5, 9, 14, 3.5], "texture": "#up"}
			}
		},
		{
			"from": [3.5, 22.5, 3.5],
			"to": [5.5, 23, 9.5],
			"faces": {
				"north": {"uv": [10.5, 3, 12.5, 3.5], "texture": "#north"},
				"east": {"uv": [9, 8.5, 13.5, 9], "texture": "#up"},
				"south": {"uv": [3.5, 3, 5.5, 3.5], "texture": "#south"},
				"west": {"uv": [8.5, 2, 14.5, 2.5], "texture": "#up"},
				"down": {"uv": [9.5, 3.5, 8.5, 1], "texture": "#up"}
			}
		},
		{
			"from": [3, 23, 3.5],
			"to": [6, 23.5, 9.5],
			"faces": {
				"north": {"uv": [10, 2.5, 13, 3], "texture": "#north"},
				"east": {"uv": [9, 8.5, 13.5, 9], "texture": "#up"},
				"south": {"uv": [3, 2.5, 6, 3], "texture": "#south"},
				"west": {"uv": [8.5, 2, 14.5, 2.5], "texture": "#up"},
				"down": {"uv": [9.5, 3.5, 9, 1.5], "texture": "#up"}
			}
		},
		{
			"from": [1, 21, 3.5],
			"to": [4.5, 21.5, 9.5],
			"faces": {
				"north": {"uv": [11.5, 4.5, 15, 5], "texture": "#north"},
				"east": {"uv": [9, 8.5, 13.5, 9], "texture": "#up"},
				"south": {"uv": [1, 4.5, 4.5, 5], "texture": "#south"},
				"west": {"uv": [8.5, 2, 14.5, 2.5], "texture": "#up"},
				"up": {"uv": [8.5, 1, 9.5, 3.5], "texture": "#up"},
				"down": {"uv": [9.5, 3.5, 8.5, 1.5], "texture": "#up"}
			}
		},
		{
			"from": [1, 21.5, 3.5],
			"to": [3, 22, 9.5],
			"faces": {
				"east": {"uv": [9, 8.5, 13.5, 9], "texture": "#up"},
				"south": {"uv": [1, 4, 3, 4.5], "texture": "#south"},
				"west": {"uv": [8.5, 2, 14.5, 2.5], "texture": "#up"},
				"up": {"uv": [9, 1, 9.5, 3.5], "texture": "#up"}
			}
		},
		{
			"from": [1.5, 22, 3.5],
			"to": [2.5, 22.5, 9.5],
			"faces": {
				"north": {"uv": [13.5, 3.5, 14.5, 4], "texture": "#north"},
				"east": {"uv": [9, 8.5, 13.5, 9], "texture": "#up"},
				"south": {"uv": [1.5, 3.5, 2.5, 4], "texture": "#south"},
				"west": {"uv": [8.5, 2, 14.5, 2.5], "texture": "#up"},
				"up": {"uv": [9, 0.5, 9.5, 3], "texture": "#up"}
			}
		},
		{
			"from": [0.5, 18.5, 4],
			"to": [1, 22.5, 9],
			"faces": {
				"north": {"uv": [15, 3.5, 15.5, 7.5], "texture": "#north"},
				"east": {"uv": [9.5, 4, 13.5, 8], "texture": "#up"},
				"south": {"uv": [0.5, 3.5, 1, 7.5], "texture": "#south"},
				"west": {"uv": [9.5, 4, 13.5, 8], "texture": "#up"},
				"up": {"uv": [2, 5, 2.5, 10], "texture": "#up"},
				"down": {"uv": [15, 9, 14.5, 4], "texture": "#up"}
			}
		},
		{
			"from": [0, 19, 4.5],
			"to": [0.5, 22, 8.5],
			"faces": {
				"north": {"uv": [15.5, 4, 16, 7], "texture": "#north"},
				"south": {"uv": [0, 4, 0.5, 7], "texture": "#south"},
				"west": {"uv": [9.5, 0.5, 13.5, 3.5], "texture": "#up"},
				"up": {"uv": [1, 5, 1.5, 9], "texture": "#up"},
				"down": {"uv": [3, 9, 2.5, 5], "texture": "#up"}
			}
		},
		{
			"from": [1, 22, 4],
			"to": [1.5, 23, 9],
			"faces": {
				"north": {"uv": [14.5, 3, 15, 4], "texture": "#north"},
				"east": {"uv": [9.5, 2, 13.5, 2.5], "texture": "#up"},
				"south": {"uv": [1, 3, 1.5, 4], "texture": "#south"},
				"west": {"uv": [9.5, 2, 13.5, 2.5], "texture": "#up"},
				"up": {"uv": [1, 5, 1.5, 10], "texture": "#up"}
			}
		},
		{
			"from": [1.5, 22.5, 4],
			"to": [2, 23.5, 9],
			"faces": {
				"north": {"uv": [14.5, 3, 15, 4], "texture": "#north"},
				"south": {"uv": [1, 3, 1.5, 4], "texture": "#south"},
				"west": {"uv": [9.5, 2, 13.5, 2.5], "texture": "#up"},
				"up": {"uv": [3, 5, 3.5, 10], "texture": "#up"}
			}
		},
		{
			"from": [1, 20, 3.5],
			"to": [3.5, 21, 9.5],
			"faces": {
				"north": {"uv": [12.5, 5, 15, 6], "texture": "#north"},
				"east": {"uv": [9, 8.5, 13.5, 9], "texture": "#up"},
				"south": {"uv": [1, 5, 3.5, 6], "texture": "#south"},
				"west": {"uv": [8.5, 2, 14.5, 2.5], "texture": "#up"},
				"down": {"uv": [9.5, 3.5, 9, 1.5], "texture": "#up"}
			}
		},
		{
			"from": [1, 18.5, 3.5],
			"to": [3, 20, 9.5],
			"faces": {
				"north": {"uv": [13, 6.5, 15, 8], "texture": "#north"},
				"east": {"uv": [9, 11.5, 14, 12], "texture": "#up"},
				"south": {"uv": [1, 5.5, 3, 7], "texture": "#south"},
				"west": {"uv": [9, 11.5, 14, 12], "texture": "#up"},
				"down": {"uv": [9.5, 3, 9, 1], "texture": "#up"}
			}
		},
		{
			"from": [7, 25, 4],
			"to": [12, 26, 9],
			"faces": {
				"north": {"uv": [4, 0, 9, 1], "texture": "#north"},
				"east": {"uv": [9.5, 2, 13.5, 2.5], "texture": "#up"},
				"south": {"uv": [7, 0, 12, 1], "texture": "#south"},
				"west": {"uv": [9.5, 2, 13.5, 2.5], "texture": "#up"},
				"up": {"uv": [0.5, 5, 3, 7.5], "texture": "#up"},
				"down": {"uv": [3, 8, 0.5, 5.5], "texture": "#up"}
			}
		},
		{
			"from": [8.5, 22, 3.5],
			"to": [12, 25, 9.5],
			"faces": {
				"north": {"uv": [4, 1, 7.5, 4], "texture": "#north"},
				"east": {"uv": [9.25, 8.5, 13.25, 9], "texture": "#up"},
				"south": {"uv": [8.5, 1, 12, 4], "texture": "#south"},
				"west": {"uv": [9, 8.5, 13.5, 9], "texture": "#up"},
				"up": {"uv": [9.5, 0.5, 13, 4], "rotation": 90, "texture": "#up"},
				"down": {"uv": [9.5, 2, 8.5, 1.5], "texture": "#up"}
			}
		},
		{
			"from": [6.5, 22, 3.5],
			"to": [7, 23, 9.5],
			"faces": {
				"north": {"uv": [9, 3, 9.5, 4], "texture": "#north"},
				"east": {"uv": [8.5, 2, 14.5, 2.5], "texture": "#up"},
				"south": {"uv": [7.5, 5.5, 8, 6.5], "texture": "#south"},
				"west": {"uv": [8.5, 2, 14.5, 2.5], "texture": "#up"},
				"up": {"uv": [9, 0.5, 9.5, 3], "texture": "#up"},
				"down": {"uv": [9.5, 3.5, 9, 0.5], "texture": "#up"}
			}
		},
		{
			"from": [6, 22, 3.5],
			"to": [6.5, 22.5, 9.5],
			"faces": {
				"north": {"uv": [9.5, 4, 10, 4.5], "texture": "#north"},
				"south": {"uv": [6.5, 3.5, 7, 4], "texture": "#south"},
				"west": {"uv": [8.5, 2, 14.5, 2.5], "texture": "#up"},
				"up": {"uv": [9, 1, 9.5, 2.5], "texture": "#up"}
			}
		},
		{
			"from": [5.5, 21, 3.5],
			"to": [6.5, 22, 9.5],
			"faces": {
				"north": {"uv": [9.5, 4, 10.5, 5], "texture": "#north"},
				"east": {"uv": [8.5, 2, 14.5, 2.5], "texture": "#up"},
				"south": {"uv": [6, 4, 7, 5], "texture": "#south"},
				"west": {"uv": [9, 8.5, 13.5, 9], "texture": "#up"},
				"up": {"uv": [8.5, 1.5, 9.5, 3.5], "texture": "#up"}
			}
		},
		{
			"from": [5.5, 20.5, 3.5],
			"to": [6.5, 21, 9.5],
			"faces": {
				"north": {"uv": [9.5, 5, 10.5, 5.5], "texture": "#north"},
				"east": {"uv": [8.5, 2, 14.5, 2.5], "texture": "#up"},
				"south": {"uv": [6, 5, 7, 5.5], "texture": "#south"},
				"west": {"uv": [9, 8.5, 13.5, 9], "texture": "#up"},
				"down": {"uv": [9.5, 3, 8.5, 1.5], "texture": "#up"}
			}
		},
		{
			"from": [6, 20, 3.5],
			"to": [8.5, 20.5, 9.5],
			"faces": {
				"north": {"uv": [7.5, 5.5, 10, 6], "texture": "#north"},
				"east": {"uv": [8.5, 2, 14.5, 2.5], "texture": "#up"},
				"south": {"uv": [6.5, 5.5, 9, 6], "texture": "#south"},
				"west": {"uv": [9, 8.5, 13.5, 9], "texture": "#up"},
				"up": {"uv": [9, 1, 9.5, 3.5], "texture": "#up"},
				"down": {"uv": [9.5, 3, 9, 1], "texture": "#up"}
			}
		},
		{
			"from": [6.5, 19, 3.5],
			"to": [9, 20, 9.5],
			"faces": {
				"north": {"uv": [6.5, 6, 9, 7], "texture": "#north"},
				"east": {"uv": [8.5, 2, 14.5, 2.5], "texture": "#up"},
				"south": {"uv": [7, 6, 9.5, 7], "texture": "#south"},
				"west": {"uv": [9, 8.5, 13.5, 9], "texture": "#up"},
				"up": {"uv": [8.5, 1.5, 9.5, 3], "texture": "#up"},
				"down": {"uv": [9.5, 3.5, 9, 1.5], "texture": "#up"}
			}
		},
		{
			"from": [7, 18.5, 3.5],
			"to": [10, 19, 9.5],
			"faces": {
				"north": {"uv": [5.5, 7, 8.5, 7.5], "texture": "#north"},
				"east": {"uv": [8.5, 2, 14.5, 2.5], "texture": "#up"},
				"south": {"uv": [7, 6.5, 10, 7], "texture": "#south"},
				"west": {"uv": [9, 8.5, 13.5, 9], "texture": "#up"},
				"up": {"uv": [8.5, 1.5, 9.5, 3.5], "texture": "#up"}
			}
		},
		{
			"from": [7.5, 17.5, 3.5],
			"to": [11.5, 18, 9.5],
			"faces": {
				"north": {"uv": [5, 7.5, 9, 8], "texture": "#north"},
				"east": {"uv": [8.5, 2, 14.5, 2.5], "texture": "#up"},
				"south": {"uv": [8, 8, 12, 8.5], "texture": "#south"},
				"west": {"uv": [9, 8.5, 13.5, 9], "texture": "#up"},
				"up": {"uv": [8.5, 1.5, 9.5, 3.5], "texture": "#up"}
			}
		},
		{
			"from": [7.5, 16, 3.5],
			"to": [12.5, 17.5, 9.5],
			"faces": {
				"north": {"uv": [3.5, 8.5, 8.5, 10], "texture": "#north"},
				"east": {"uv": [8.5, 2, 14.5, 2.5], "texture": "#up"},
				"south": {"uv": [8, 6.5, 13, 8], "texture": "#south"},
				"west": {"uv": [9, 8.5, 13.5, 9], "texture": "#up"},
				"up": {"uv": [8.5, 1, 9.5, 3.5], "texture": "#up"},
				"down": {"uv": [9.5, 3, 8.5, 1], "texture": "#up"}
			}
		},
		{
			"from": [7, 13.5, 3.5],
			"to": [10, 16, 9.5],
			"faces": {
				"north": {"uv": [6, 10, 9, 12.5], "texture": "#north"},
				"south": {"uv": [7.5, 10, 10.5, 12.5], "texture": "#south"},
				"west": {"uv": [8.5, 2, 14.5, 3.5], "texture": "#up"},
				"up": {"uv": [8.5, 1, 9.5, 3.5], "texture": "#up"},
				"down": {"uv": [9.5, 3.5, 8.5, 1.5], "texture": "#up"}
			}
		},
		{
			"from": [4.5, 14.5, 3.5],
			"to": [7, 17, 9.5],
			"faces": {
				"north": {"uv": [9, 9, 11.5, 11.5], "texture": "#north"},
				"east": {"uv": [9, 11.5, 13.5, 12], "texture": "#up"},
				"south": {"uv": [5, 9, 7.5, 11.5], "texture": "#south"},
				"west": {"uv": [9, 11.5, 14, 12], "texture": "#up"},
				"up": {"uv": [9, 1.5, 9.5, 3.5], "texture": "#up"}
			}
		},
		{
			"from": [2.5, 13.5, 3.5],
			"to": [7, 14.5, 9.5],
			"faces": {
				"north": {"uv": [9, 11.5, 13.5, 12.5], "texture": "#north"},
				"south": {"uv": [2.5, 11.5, 7, 12.5], "texture": "#south"},
				"west": {"uv": [8.5, 11.5, 14.5, 12.5], "texture": "#up"},
				"up": {"uv": [11, 11.5, 12, 12.5], "texture": "#up"},
				"down": {"uv": [12, 13, 10, 11.5], "texture": "#up"}
			}
		},
		{
			"from": [4.5, 17, 3.5],
			"to": [6.5, 18.5, 9.5],
			"faces": {
				"north": {"uv": [9, 8.5, 11, 10], "texture": "#north"},
				"east": {"uv": [9, 11.5, 14, 12], "texture": "#up"},
				"south": {"uv": [5, 7.5, 7, 9], "texture": "#south"},
				"west": {"uv": [9, 11.5, 14, 12], "texture": "#up"},
				"up": {"uv": [9, 1.5, 9.5, 3.5], "texture": "#up"}
			}
		},
		{
			"from": [3.5, 18.5, 3.5],
			"to": [6, 19, 9.5],
			"faces": {
				"north": {"uv": [9.5, 7.5, 12, 8], "texture": "#north"},
				"east": {"uv": [9, 8.5, 13.5, 9], "texture": "#up"},
				"south": {"uv": [4, 7, 6.5, 7.5], "texture": "#south"},
				"west": {"uv": [9, 8.5, 13.5, 9], "texture": "#up"},
				"up": {"uv": [9, 1, 9.5, 3.5], "texture": "#up"},
				"down": {"uv": [9.5, 10.5, 9, 8], "texture": "#up"}
			}
		},
		{
			"from": [3.5, 19, 3.5],
			"to": [5.5, 19.5, 9.5],
			"faces": {
				"north": {"uv": [9.5, 8.5, 11.5, 9], "texture": "#north"},
				"east": {"uv": [9.5, 2, 13.5, 2.5], "texture": "#up"},
				"south": {"uv": [4, 6.5, 6, 7], "texture": "#south"},
				"west": {"uv": [9, 8.5, 13.5, 9], "texture": "#up"},
				"up": {"uv": [9, 1, 9.5, 3], "texture": "#up"}
			}
		},
		{
			"from": [4, 20, 3.5],
			"to": [5, 20.5, 9.5],
			"faces": {
				"east": {"uv": [9.5, 2, 14, 2.5], "texture": "#up"},
				"south": {"uv": [4.5, 5.5, 5.5, 6], "texture": "#south"},
				"west": {"uv": [9.5, 2, 14, 2.5], "texture": "#up"},
				"up": {"uv": [8.5, 1, 9.5, 3.5], "texture": "#up"}
			}
		},
		{
			"from": [3.5, 19.5, 3.5],
			"to": [5, 20, 9.5],
			"faces": {
				"north": {"uv": [10.5, 7, 12, 7.5], "texture": "#north"},
				"east": {"uv": [10.25, 2, 12.5, 2.5], "texture": "#up"},
				"south": {"uv": [4, 6, 5.5, 6.5], "texture": "#south"},
				"west": {"uv": [8.5, 2, 14.5, 2.5], "texture": "#up"},
				"up": {"uv": [8.5, 1, 9.5, 3.5], "texture": "#up"}
			}
		},
		{
			"from": [3, 16, 3.5],
			"to": [4, 18.5, 9.5],
			"faces": {
				"north": {"uv": [12, 7.5, 13, 10], "texture": "#north"},
				"east": {"uv": [8.5, 2, 14.5, 2.5], "texture": "#up"},
				"south": {"uv": [3.5, 7.5, 4.5, 10], "texture": "#south"},
				"west": {"uv": [8.5, 2, 14.5, 2.5], "texture": "#up"},
				"up": {"uv": [8.5, 1, 9.5, 3.5], "texture": "#up"},
				"down": {"uv": [9.5, 3.5, 8.5, 1], "texture": "#up"}
			}
		},
		{
			"from": [2.5, 16, 3.5],
			"to": [3, 18, 9.5],
			"faces": {
				"north": {"uv": [13, 7.5, 13.5, 9.5], "texture": "#north"},
				"south": {"uv": [3, 8, 3.5, 10], "texture": "#south"},
				"west": {"uv": [8.5, 11, 14.5, 13], "texture": "#up"},
				"up": {"uv": [9, 0.5, 9.5, 3.5], "texture": "#up"}
			}
		},
		{
			"from": [1.5, 15, 3.5],
			"to": [3.5, 16, 9.5],
			"faces": {
				"north": {"uv": [13, 10, 15, 11], "texture": "#north"},
				"east": {"uv": [8.5, 10, 14.5, 11], "texture": "#up"},
				"south": {"uv": [1, 10, 3, 11], "texture": "#south"},
				"west": {"uv": [8.5, 10, 14.5, 11], "texture": "#up"},
				"up": {"uv": [14, 3.5, 14.5, 8.5], "texture": "#up"},
				"down": {"uv": [14.5, 8.5, 14, 3.5], "texture": "#up"}
			}
		},
		{
			"from": [2, 14.5, 3.5],
			"to": [4.5, 15, 9.5],
			"faces": {
				"north": {"uv": [11.5, 11, 14, 11.5], "texture": "#north"},
				"south": {"uv": [2, 11, 4.5, 11.5], "texture": "#south"},
				"west": {"uv": [8.5, 11.5, 14.5, 12], "texture": "#up"},
				"up": {"uv": [10, 11, 11, 13], "texture": "#up"},
				"down": {"uv": [11.5, 13, 10.5, 11], "texture": "#up"}
			}
		},
		{
			"from": [2, 14, 4],
			"to": [2.5, 14.5, 9],
			"faces": {
				"north": {"uv": [13.5, 11.5, 14, 12], "texture": "#north"},
				"south": {"uv": [2, 11.5, 2.5, 12], "texture": "#south"},
				"west": {"uv": [9, 11.5, 14, 12], "texture": "#up"},
				"down": {"uv": [11.5, 13, 11, 11.5], "texture": "#up"}
			}
		},
		{
			"from": [1.5, 14.5, 4],
			"to": [2, 15, 9],
			"faces": {
				"north": {"uv": [14, 11, 14.5, 11.5], "texture": "#north"},
				"south": {"uv": [1.5, 11, 2, 11.5], "texture": "#south"},
				"down": {"uv": [11.5, 12.5, 11, 11.5], "texture": "#up"}
			}
		},
		{
			"from": [1, 18, 3.5],
			"to": [2.5, 18.5, 9.5],
			"faces": {
				"north": {"uv": [13.5, 7.5, 15, 8], "texture": "#north"},
				"east": {"uv": [9.5, 11.5, 14, 12], "texture": "#up"},
				"west": {"uv": [9, 11.5, 14, 12], "texture": "#up"},
				"down": {"uv": [9.5, 3.5, 9, 1], "texture": "#up"}
			}
		},
		{
			"from": [1, 14.5, 4],
			"to": [1.5, 15.5, 9],
			"faces": {
				"north": {"uv": [14.5, 10.5, 15, 11.5], "texture": "#north"},
				"east": {"uv": [9, 10.5, 14, 11.5], "texture": "#up"},
				"south": {"uv": [1, 10.5, 1.5, 11.5], "texture": "#south"},
				"west": {"uv": [9, 10.5, 14, 11.5], "texture": "#up"},
				"down": {"uv": [9, 11.5, 14, 11], "rotation": 270, "texture": "#up"}
			}
		},
		{
			"from": [1, 15.5, 3.5],
			"to": [1.5, 16, 9.5],
			"faces": {
				"north": {"uv": [14.5, 10, 15, 10.5], "texture": "#north"},
				"south": {"uv": [1, 10, 1.5, 10.5], "texture": "#south"},
				"west": {"uv": [8.5, 9, 14.5, 9.5], "texture": "#up"},
				"down": {"uv": [14.5, 8.5, 14, 3.5], "texture": "#up"}
			}
		},
		{
			"from": [0.5, 15, 4],
			"to": [1, 16, 9],
			"faces": {
				"north": {"uv": [15, 10, 15.5, 11], "texture": "#north"},
				"east": {"uv": [9, 10, 14, 11], "texture": "#up"},
				"south": {"uv": [0.5, 10, 1, 11], "texture": "#south"},
				"west": {"uv": [9, 10, 14, 11], "texture": "#up"},
				"down": {"uv": [9, 11, 14, 10.5], "rotation": 270, "texture": "#up"}
			}
		},
		{
			"from": [15.5, 17.5, 4.5],
			"to": [16, 22, 8.5],
			"faces": {
				"north": {"uv": [0, 4, 0.5, 8.5], "texture": "#north"},
				"east": {"uv": [14, 1, 14.5, 3.5], "texture": "#up"},
				"south": {"uv": [15.5, 4, 16, 8.5], "texture": "#south"},
				"up": {"uv": [14, 1, 14.5, 3.5], "texture": "#up"},
				"down": {"uv": [11, 13, 10.5, 11.5], "texture": "#up"}
			}
		},
		{
			"from": [12, 24.5, 4],
			"to": [12.5, 25.5, 9],
			"faces": {
				"north": {"uv": [3.5, 0.5, 4, 1.5], "texture": "#north"},
				"east": {"uv": [10, 4.5, 12, 5], "texture": "#up"},
				"south": {"uv": [12, 0.5, 12.5, 1.5], "texture": "#south"},
				"west": {"uv": [10, 4.5, 12, 5], "texture": "#up"},
				"up": {"uv": [9, 1, 9.5, 3.5], "texture": "#up"}
			}
		},
		{
			"from": [12.5, 24, 4],
			"to": [13, 25, 9],
			"faces": {
				"north": {"uv": [3, 1, 3.5, 2], "texture": "#north"},
				"east": {"uv": [10, 4.5, 12, 5], "texture": "#up"},
				"south": {"uv": [12.5, 1, 13, 2], "texture": "#south"},
				"west": {"uv": [10, 4.5, 12, 5], "texture": "#up"},
				"up": {"uv": [9, 1, 9.5, 2.5], "texture": "#up"}
			}
		},
		{
			"from": [13, 23.5, 4],
			"to": [13.5, 24.5, 9],
			"faces": {
				"north": {"uv": [2.5, 1.5, 3, 2.5], "texture": "#north"},
				"east": {"uv": [8.5, 1.5, 9.5, 2.5], "texture": "#up"},
				"south": {"uv": [13, 1.5, 13.5, 2.5], "texture": "#south"},
				"west": {"uv": [8.5, 1, 9.5, 2.5], "texture": "#up"},
				"up": {"uv": [14, 1, 14.5, 3], "texture": "#up"}
			}
		},
		{
			"from": [13.5, 23, 4],
			"to": [14, 24, 9],
			"faces": {
				"north": {"uv": [2, 2, 2.5, 3], "texture": "#north"},
				"east": {"uv": [8.5, 9.5, 11.5, 10], "texture": "#up"},
				"south": {"uv": [13.5, 2, 14, 3], "texture": "#south"},
				"west": {"uv": [8.5, 9.5, 11, 10], "texture": "#up"},
				"up": {"uv": [14, 3.5, 14.5, 8.5], "texture": "#up"}
			}
		},
		{
			"from": [14, 22.5, 4],
			"to": [14.5, 23.5, 9],
			"faces": {
				"north": {"uv": [1.5, 2.5, 2, 3.5], "texture": "#north"},
				"east": {"uv": [8.5, 2, 9.5, 2.5], "texture": "#up"},
				"south": {"uv": [14, 2.5, 14.5, 3.5], "texture": "#south"},
				"west": {"uv": [8.5, 2, 9.5, 2.5], "texture": "#up"},
				"up": {"uv": [14, 1, 14.5, 3.5], "texture": "#up"}
			}
		},
		{
			"from": [14.5, 22, 4],
			"to": [15, 23, 9],
			"faces": {
				"north": {"uv": [1, 3, 1.5, 4], "texture": "#north"},
				"east": {"uv": [8.5, 2, 9.5, 3.5], "texture": "#up"},
				"south": {"uv": [14.5, 3, 15, 4], "texture": "#south"},
				"west": {"uv": [9, 2, 14, 2.5], "texture": "#up"},
				"up": {"uv": [14, 1, 14.5, 3.5], "texture": "#up"}
			}
		},
		{
			"from": [15, 17.5, 4],
			"to": [15.5, 22.5, 9],
			"faces": {
				"north": {"uv": [0.5, 3.5, 1, 8.5], "texture": "#north"},
				"east": {"uv": [13.5, 7, 14, 2], "texture": "#up"},
				"south": {"uv": [15, 3.5, 15.5, 8.5], "texture": "#south"},
				"west": {"uv": [11.5, 2.5, 12.5, 3], "texture": "#up"},
				"up": {"uv": [14, 1.5, 14.5, 3.5], "texture": "#up"},
				"down": {"uv": [11.5, 13, 12, 11.5], "texture": "#up"}
			}
		},
		{
			"from": [12, 24, 3.5],
			"to": [12.5, 24.5, 9.5],
			"faces": {
				"north": {"uv": [3.5, 1.5, 4, 2], "texture": "#north"},
				"east": {"uv": [9.5, 2, 13.5, 2.5], "texture": "#up"},
				"south": {"uv": [12, 1.5, 12.5, 2], "texture": "#south"},
				"up": {"uv": [11.5, 1, 12, 3], "texture": "#up"}
			}
		},
		{
			"from": [12, 23.5, 3.5],
			"to": [13, 24, 9.5],
			"faces": {
				"north": {"uv": [3, 2, 4, 2.5], "texture": "#north"},
				"east": {"uv": [9.5, 2, 13.5, 2.5], "texture": "#up"},
				"south": {"uv": [12, 2, 13, 2.5], "texture": "#south"},
				"up": {"uv": [11.5, 1, 12.5, 2.5], "texture": "#up"}
			}
		},
		{
			"from": [12, 23, 3.5],
			"to": [13.5, 23.5, 9.5],
			"faces": {
				"north": {"uv": [2.5, 2.5, 4, 3], "texture": "#north"},
				"east": {"uv": [12, 5.5, 14, 6], "texture": "#up"},
				"south": {"uv": [12, 2.5, 13.5, 3], "texture": "#south"},
				"up": {"uv": [9, 8, 10, 9.5], "texture": "#up"}
			}
		},
		{
			"from": [12, 22.5, 3.5],
			"to": [14, 23, 9.5],
			"faces": {
				"north": {"uv": [2, 3, 4, 3.5], "texture": "#north"},
				"east": {"uv": [9.5, 2, 13.5, 2.5], "texture": "#up"},
				"south": {"uv": [12, 3, 14, 3.5], "texture": "#south"},
				"up": {"uv": [11.5, 0.5, 12.5, 2], "texture": "#up"}
			}
		},
		{
			"from": [12, 22, 3.5],
			"to": [14.5, 22.5, 9.5],
			"faces": {
				"north": {"uv": [1.5, 3.5, 4, 4], "texture": "#north"},
				"east": {"uv": [9.5, 2, 13.5, 2.5], "texture": "#up"},
				"south": {"uv": [12, 3.5, 14.5, 4], "texture": "#south"},
				"up": {"uv": [10.5, 1, 12, 2.5], "texture": "#up"}
			}
		},
		{
			"from": [12, 18.5, 3.5],
			"to": [15, 22, 9.5],
			"faces": {
				"north": {"uv": [1, 4, 4, 7.5], "texture": "#north"},
				"east": {"uv": [13.5, 4.5, 14, 8], "texture": "#up"},
				"south": {"uv": [12, 4, 15, 7.5], "texture": "#south"},
				"west": {"uv": [12, 5.5, 14.5, 6], "texture": "#up"},
				"up": {"uv": [1.5, 5, 3.5, 9.5], "texture": "#up"},
				"down": {"uv": [3.5, 9, 0.5, 5], "texture": "#up"}
			}
		},
		{
			"from": [14.5, 17.5, 3.5],
			"to": [15, 18.5, 9.5],
			"faces": {
				"north": {"uv": [1, 7.5, 1.5, 8.5], "texture": "#north"},
				"east": {"uv": [8.5, 2, 14.5, 2.5], "texture": "#up"},
				"south": {"uv": [14.5, 7.5, 15, 8.5], "texture": "#south"},
				"west": {"uv": [8.5, 2, 14.5, 2.5], "texture": "#up"},
				"down": {"uv": [14.5, 3, 14, 1], "texture": "#up"}
			}
		},
		{
			"from": [13.5, 18, 3.5],
			"to": [14.5, 18.5, 9.5],
			"faces": {
				"north": {"uv": [1.5, 7.5, 2.5, 8], "texture": "#north"},
				"south": {"uv": [13.5, 7.5, 14.5, 8], "texture": "#south"},
				"west": {"uv": [8.5, 9, 13.5, 9.5], "texture": "#up"},
				"down": {"uv": [9.5, 3.5, 8.5, 1.5], "texture": "#up"}
			}
		},
		{
			"from": [15.5, 15.5, 4.5],
			"to": [16, 16.5, 8.5],
			"faces": {
				"north": {"uv": [0, 9.5, 0.5, 10.5], "texture": "#north"},
				"east": {"uv": [10.5, 4.5, 12.5, 3.5], "texture": "#up"},
				"south": {"uv": [15.5, 9.5, 16, 10.5], "texture": "#south"},
				"up": {"uv": [2.5, 5.5, 3, 9.5], "texture": "#up"},
				"down": {"uv": [14.5, 8.5, 14, 4.5], "texture": "#up"}
			}
		},
		{
			"from": [15, 15, 4],
			"to": [15.5, 16.5, 9],
			"faces": {
				"north": {"uv": [0.5, 9.5, 1, 11], "texture": "#north"},
				"east": {"uv": [10, 4, 11, 5.5], "texture": "#up"},
				"south": {"uv": [15, 9.5, 15.5, 11], "texture": "#south"},
				"west": {"uv": [9, 2, 14, 3], "texture": "#up"},
				"up": {"uv": [1, 5, 1.5, 10], "texture": "#up"},
				"down": {"uv": [14.5, 8.5, 14, 3.5], "texture": "#up"}
			}
		},
		{
			"from": [14.5, 14.5, 4],
			"to": [15, 15.5, 9],
			"faces": {
				"north": {"uv": [1, 10.5, 1.5, 11.5], "texture": "#north"},
				"east": {"uv": [9, 11.5, 13.5, 12.5], "texture": "#up"},
				"south": {"uv": [14.5, 10.5, 15, 11.5], "texture": "#south"},
				"west": {"uv": [9, 11.5, 13.5, 12.5], "texture": "#up"},
				"down": {"uv": [14.5, 8.5, 14, 3.5], "texture": "#up"}
			}
		},
		{
			"from": [14, 14, 4],
			"to": [14.5, 15, 9],
			"faces": {
				"north": {"uv": [1, 10.5, 1.5, 11.5], "texture": "#north"},
				"east": {"uv": [9, 11.5, 13.5, 12.5], "texture": "#up"},
				"south": {"uv": [14.5, 10.5, 15, 11.5], "texture": "#south"},
				"west": {"uv": [9, 11.5, 13.5, 12.5], "texture": "#up"},
				"down": {"uv": [14.5, 8.5, 14, 3.5], "texture": "#up"}
			}
		},
		{
			"from": [13, 14, 4],
			"to": [14, 14.5, 9],
			"faces": {
				"north": {"uv": [1.5, 11, 2.5, 11.5], "texture": "#north"},
				"south": {"uv": [13.5, 11, 14.5, 11.5], "texture": "#south"},
				"down": {"uv": [11, 13, 10, 11], "texture": "#up"}
			}
		},
		{
			"from": [12.5, 13.5, 4],
			"to": [13.5, 14, 9],
			"faces": {
				"north": {"uv": [2, 11.5, 3, 12], "texture": "#north"},
				"east": {"uv": [9, 11.5, 14, 12], "texture": "#up"},
				"south": {"uv": [13, 11.5, 14, 12], "texture": "#south"},
				"up": {"uv": [10.5, 11, 11.5, 13], "texture": "#up"},
				"down": {"uv": [11.5, 13, 10.5, 11], "texture": "#up"}
			}
		},
		{
			"from": [3, 13, 4],
			"to": [13, 13.5, 9],
			"faces": {
				"north": {"uv": [3, 12.5, 13, 13], "texture": "#north"},
				"east": {"uv": [9, 12.5, 14, 13], "texture": "#up"},
				"south": {"uv": [3.5, 12, 13.5, 12.5], "texture": "#south"},
				"west": {"uv": [9, 12.5, 14, 13], "texture": "#up"},
				"up": {"uv": [11, 12, 13, 13], "texture": "#up"},
				"down": {"uv": [12.5, 12, 10, 11.5], "texture": "#up"}
			}
		},
		{
			"from": [12.5, 15.5, 3.5],
			"to": [15, 16.5, 9.5],
			"faces": {
				"north": {"uv": [1, 9.5, 3.5, 10.5], "texture": "#north"},
				"east": {"uv": [8.5, 11, 14.5, 11.5], "texture": "#up"},
				"south": {"uv": [12.5, 9.5, 15, 10.5], "texture": "#south"},
				"west": {"uv": [9.5, 11.5, 14, 12], "texture": "#up"},
				"up": {"uv": [10, 11.5, 13, 13], "texture": "#up"},
				"down": {"uv": [13, 13, 10, 11.5], "texture": "#up"}
			}
		},
		{
			"from": [12.5, 16.5, 3.5],
			"to": [13.5, 17, 9.5],
			"faces": {
				"north": {"uv": [2.5, 9, 3.5, 9.5], "texture": "#north"},
				"east": {"uv": [9, 11.5, 14, 12], "texture": "#up"},
				"south": {"uv": [12.5, 9, 13.5, 9.5], "texture": "#south"},
				"up": {"uv": [10, 11, 11, 13], "texture": "#up"}
			}
		},
		{
			"from": [10, 13.5, 3.5],
			"to": [12.5, 16, 9.5],
			"faces": {
				"north": {"uv": [3.5, 10, 6, 12.5], "texture": "#north"},
				"east": {"uv": [11.5, 10, 14.5, 11], "texture": "#up"},
				"south": {"uv": [10, 10.5, 12.5, 13], "texture": "#south"},
				"down": {"uv": [11.5, 13, 10.5, 11], "texture": "#up"}
			}
		},
		{
			"from": [12.5, 15, 3.5],
			"to": [14.5, 15.5, 9.5],
			"faces": {
				"north": {"uv": [1.5, 10.5, 3.5, 11], "texture": "#north"},
				"east": {"uv": [9, 11.5, 14, 12], "texture": "#up"},
				"south": {"uv": [12.5, 11, 14.5, 11.5], "texture": "#south"},
				"down": {"uv": [11.5, 13, 10.5, 11], "texture": "#up"}
			}
		},
		{
			"from": [12.5, 14.5, 3.5],
			"to": [14, 15, 9.5],
			"faces": {
				"north": {"uv": [1.5, 11, 3, 11.5], "texture": "#north"},
				"east": {"uv": [9, 11.5, 14, 12], "texture": "#up"},
				"south": {"uv": [13, 11, 14.5, 11.5], "texture": "#south"},
				"down": {"uv": [11, 13, 10, 11], "texture": "#up"}
			}
		},
		{
			"from": [12.5, 14, 3.5],
			"to": [13, 14.5, 9.5],
			"faces": {
				"north": {"uv": [4, 12, 4.5, 12.5], "texture": "#north"},
				"east": {"uv": [9.5, 10.5, 14.5, 11], "texture": "#up"},
				"south": {"uv": [13, 11, 13.5, 11.5], "texture": "#south"},
				"down": {"uv": [14, 11, 13.5, 8], "texture": "#up"}
			}
		},
		{
			"from": [7, 22, 9],
			"to": [7.5, 23, 9.5],
			"faces": {
				"north": {"uv": [9.5, 2.5, 10, 3.5], "texture": "#north"},
				"east": {"uv": [11, 8.5, 11.5, 9], "texture": "#up"},
				"south": {"uv": [7.5, 3, 8, 4], "texture": "#south"},
				"up": {"uv": [9, 3, 9.5, 3.5], "texture": "#up"},
				"down": {"uv": [9, 9.5, 8.5, 9], "texture": "#up"}
			}
		},
		{
			"from": [7, 18, 3.5],
			"to": [10.5, 18.5, 9.5],
			"faces": {
				"north": {"uv": [5, 7.5, 8.5, 8], "texture": "#north"},
				"east": {"uv": [8.5, 2, 14.5, 2.5], "texture": "#up"},
				"south": {"uv": [7, 6.5, 10.5, 7], "texture": "#south"},
				"west": {"uv": [8.5, 2, 14.5, 2.5], "texture": "#up"},
				"up": {"uv": [10.5, 11, 11.5, 13], "texture": "#up"},
				"down": {"uv": [11, 13, 10, 11], "texture": "#up"}
			}
		},
		{
			"from": [10.5, 19, 3.5],
			"to": [12, 20, 9.5],
			"faces": {
				"north": {"uv": [4, 5.5, 5.5, 6.5], "texture": "#north"},
				"west": {"uv": [9, 11.5, 14, 12], "texture": "#up"},
				"down": {"uv": [11.5, 13, 10.5, 11], "texture": "#up"}
			}
		},
		{
			"from": [10, 19.5, 3.5],
			"to": [10.5, 20, 9.5],
			"faces": {
				"north": {"uv": [5.5, 5.5, 6, 6], "texture": "#north"},
				"west": {"uv": [9, 11.5, 14, 12], "texture": "#up"},
				"down": {"uv": [11.5, 13, 10.5, 11], "texture": "#up"}
			}
		},
		{
			"from": [9, 19, 3.5],
			"to": [9.5, 19.5, 9.5],
			"faces": {
				"north": {"uv": [6, 6.5, 6.5, 7], "texture": "#north"},
				"east": {"uv": [9, 11.5, 14, 12], "texture": "#up"},
				"south": {"uv": [9, 6.5, 9.5, 7], "texture": "#south"},
				"up": {"uv": [10.5, 11, 11.5, 13], "texture": "#up"}
			}
		},
		{
			"from": [9, 19, 9],
			"to": [10.5, 20, 9.5],
			"faces": {
				"north": {"uv": [8.5, 8, 10, 8.5], "texture": "#north"},
				"south": {"uv": [9, 6, 10.5, 7], "texture": "#south"},
				"up": {"uv": [9, 9, 10.5, 9.5], "texture": "#up"},
				"down": {"uv": [11.5, 10, 10, 9.5], "texture": "#up"}
			}
		},
		{
			"from": [9.5, 20, 3.5],
			"to": [12, 22, 9.5],
			"faces": {
				"north": {"uv": [5, 4, 6.5, 5], "texture": "#north"},
				"south": {"uv": [9.5, 4.5, 12, 6.5], "texture": "#south"},
				"west": {"uv": [9, 8.5, 13.5, 9], "texture": "#up"},
				"down": {"uv": [9.5, 3, 8.5, 1.5], "texture": "#up"}
			}
		},
		{
			"from": [8.5, 21.5, 3.5],
			"to": [9, 22, 9.5],
			"faces": {
				"north": {"uv": [7, 3.5, 7.5, 4], "texture": "#north"},
				"east": {"uv": [9, 8.5, 13.5, 9], "texture": "#up"},
				"west": {"uv": [9, 8.5, 13.5, 9], "texture": "#up"},
				"down": {"uv": [12, 13, 11, 11], "texture": "#up"}
			}
		},
		{
			"from": [8.5, 20, 9],
			"to": [9.5, 22, 9.5],
			"faces": {
				"north": {"uv": [6.5, 2, 7.5, 2.5], "texture": "#north"},
				"south": {"uv": [8.5, 4.5, 9.5, 6.5], "texture": "#south"},
				"west": {"uv": [10, 8, 10.5, 8.5], "texture": "#up"},
				"down": {"uv": [10.5, 9.5, 9.5, 9], "texture": "#up"}
			}
		},
		{
			"from": [7, 20.5, 3.5],
			"to": [8.5, 21, 9.5],
			"faces": {
				"north": {"uv": [7.5, 5, 9, 5.5], "texture": "#north"},
				"east": {"uv": [9, 8.5, 13.5, 9], "texture": "#up"},
				"south": {"uv": [7.5, 5, 9, 5.5], "texture": "#south"},
				"west": {"uv": [9, 8.5, 13.5, 9], "texture": "#up"},
				"up": {"uv": [11, 11, 12, 13], "texture": "#up"}
			}
		},
		{
			"from": [7.5, 22.5, 3.5],
			"to": [8.5, 25, 9.5],
			"faces": {
				"north": {"uv": [7.5, 1, 8.5, 3.5], "texture": "#north"},
				"south": {"uv": [7.5, 1, 8.5, 3], "texture": "#south"},
				"west": {"uv": [9, 8.5, 13.5, 9], "texture": "#up"},
				"up": {"uv": [9.5, 8.5, 10.5, 10.5], "texture": "#up"},
				"down": {"uv": [10, 10, 9, 8], "texture": "#up"}
			}
		},
		{
			"from": [6.5, 20.5, 9],
			"to": [8.5, 22.5, 9.5],
			"faces": {
				"north": {"uv": [7.5, 0, 9.5, 0], "texture": "#north"},
				"east": {"uv": [9.5, 9, 10, 9.5], "texture": "#up"},
				"south": {"uv": [7.5, 6, 9.5, 8], "texture": "#south"},
				"west": {"uv": [10, 9, 10.5, 9.5], "texture": "#up"},
				"up": {"uv": [9, 8.5, 11, 9], "texture": "#up"}
			}
		},
		{
			"from": [1, 16, 3.5],
			"to": [2.5, 16.5, 9.5],
			"faces": {
				"north": {"uv": [13.5, 9.5, 15, 10], "texture": "#north"},
				"south": {"uv": [1, 9.5, 2.5, 10], "texture": "#south"},
				"west": {"uv": [8.5, 9.5, 14.5, 10], "texture": "#up"},
				"up": {"uv": [14, 3.5, 14.5, 8.5], "texture": "#up"},
				"down": {"uv": [14.5, 8.5, 14, 3.5], "texture": "#up"}
			}
		},
		{
			"from": [1, 16.5, 9],
			"to": [2.5, 18, 9.5],
			"faces": {
				"north": {"uv": [13, 7.5, 14.5, 9], "texture": "#north"},
				"south": {"uv": [1, 8, 2.5, 9.5], "texture": "#south"},
				"west": {"uv": [9, 7, 9.5, 8.5], "texture": "#up"}
			}
		},
		{
			"from": [0.5, 16, 4],
			"to": [1, 16.5, 9],
			"faces": {
				"north": {"uv": [15, 9.5, 15.5, 10], "texture": "#north"},
				"south": {"uv": [0.5, 9.5, 1, 10], "texture": "#south"},
				"west": {"uv": [9, 9.5, 14, 10], "texture": "#up"},
				"up": {"uv": [14, 3.5, 14.5, 8.5], "texture": "#up"}
			}
		},
		{
			"from": [0, 15.5, 4.5],
			"to": [0.5, 17, 8.5],
			"faces": {
				"north": {"uv": [15.5, 9, 16, 10.5], "texture": "#north"},
				"east": {"uv": [9.5, 9, 13.5, 10.5], "texture": "#up"},
				"south": {"uv": [0, 9, 0.5, 10.5], "texture": "#south"},
				"west": {"uv": [9.5, 9, 13.5, 10.5], "texture": "#up"},
				"up": {"uv": [11, 11, 11.5, 13], "texture": "#up"},
				"down": {"uv": [13.5, 10.5, 9.5, 10], "rotation": 90, "texture": "#up"}
			}
		},
		{
			"from": [0, 17, 5],
			"to": [0.5, 17.5, 8.5],
			"faces": {
				"north": {"uv": [15.5, 8.5, 16, 9], "texture": "#north"},
				"south": {"uv": [0, 8.5, 0.5, 9], "texture": "#south"},
				"west": {"uv": [9.5, 12.5, 13, 13], "texture": "#up"},
				"up": {"uv": [11, 11, 11.5, 13], "texture": "#up"}
			}
		},
		{
			"from": [0, 17.5, 6],
			"to": [0.5, 18, 8.5],
			"faces": {
				"north": {"uv": [15.5, 8, 16, 8.5], "texture": "#north"},
				"south": {"uv": [0, 8, 0.5, 8.5], "texture": "#south"},
				"west": {"uv": [10, 12, 12.5, 12.5], "texture": "#up"},
				"up": {"uv": [10.5, 11, 11, 13], "texture": "#up"}
			}
		},
		{
			"from": [0, 18, 6.5],
			"to": [0.5, 18.5, 8.5],
			"faces": {
				"north": {"uv": [15.5, 7.5, 16, 8], "texture": "#north"},
				"west": {"uv": [10, 11, 12, 11.5], "texture": "#up"},
				"up": {"uv": [10, 11, 10.5, 13], "texture": "#up"}
			}
		},
		{
			"from": [0, 18.5, 7.5],
			"to": [0.5, 19, 8.5],
			"faces": {
				"north": {"uv": [15.5, 7.5, 16, 8], "texture": "#north"},
				"west": {"uv": [10.5, 11, 11.5, 11.5], "texture": "#up"}
			}
		},
		{
			"from": [0.5, 16.5, 4.5],
			"to": [1, 18.5, 9],
			"faces": {
				"north": {"uv": [15, 7.5, 15.5, 9.5], "texture": "#north"},
				"east": {"uv": [10, 11, 14.5, 13], "texture": "#up"},
				"south": {"uv": [0.5, 7.5, 1, 9.5], "texture": "#south"},
				"west": {"uv": [9.5, 13.5, 14, 11.5], "texture": "#up"}
			}
		},
		{
			"from": [1, 16.5, 4],
			"to": [2.5, 18, 4.5],
			"faces": {
				"north": {"uv": [13.5, 8, 15, 9.5], "texture": "#north"},
				"south": {"uv": [1, 8, 2.5, 9.5], "texture": "#south"},
				"west": {"uv": [2.5, 3, 3, 4.5], "texture": "#up"}
			}
		},
		{
			"from": [6.5, 25, 4.25],
			"to": [7, 26, 8.75],
			"faces": {
				"north": {"uv": [9, 0.5, 9.5, 1.5], "texture": "#north"},
				"south": {"uv": [6.5, 0.5, 7, 1.5], "texture": "#south"},
				"up": {"uv": [10, 12, 14, 12.5], "rotation": 90, "texture": "#up"}
			}
		},
		{
			"from": [9, 26, 4],
			"to": [11.5, 26.5, 9],
			"faces": {
				"north": {"uv": [4.5, 0, 7, 0.5], "texture": "#north"},
				"east": {"uv": [9.5, 0, 14.5, 0.5], "texture": "#up"},
				"south": {"uv": [9, 0, 11.5, 0.5], "texture": "#south"},
				"west": {"uv": [9.5, 0, 14.5, 0.5], "texture": "#up"},
				"up": {"uv": [8, 6.5, 8.5, 4], "rotation": 90, "texture": "#up"}
			}
		},
		{
			"from": [8.5, 25, 9],
			"to": [11, 26, 9.5],
			"faces": {
				"east": {"uv": [15, 12.5, 14, 12], "texture": "#up"},
				"south": {"uv": [8.5, 0.5, 11, 1.5], "texture": "#south"},
				"west": {"uv": [14.5, 1.5, 15, 2.5], "texture": "#up"},
				"up": {"uv": [13.5, 6.5, 11, 7], "texture": "#up"}
			}
		},
		{
			"from": [8, 24.5, 9],
			"to": [10.5, 25.5, 10],
			"faces": {
				"north": {"uv": [4, 10.5, 6.5, 11], "texture": "#north"},
				"east": {"uv": [9, 7, 10, 7.5], "texture": "#up"},
				"south": {"uv": [8, 1, 10.5, 2], "texture": "#south"},
				"west": {"uv": [10, 6, 11, 6.5], "texture": "#up"},
				"up": {"uv": [13.5, 6, 11, 7], "texture": "#up"},
				"down": {"uv": [13, 8, 10.5, 7], "texture": "#up"}
			}
		},
		{
			"from": [8, 22.5, 9.5],
			"to": [10, 24.5, 10],
			"faces": {
				"north": {"uv": [4.5, 10.5, 6.5, 11], "texture": "#north"},
				"east": {"uv": [15, 10, 15.5, 11], "texture": "#up"},
				"south": {"uv": [8, 2, 10, 4], "texture": "#south"},
				"west": {"uv": [9, 5.5, 9.5, 6.5], "texture": "#up"},
				"down": {"uv": [11, 6.5, 9, 6], "texture": "#up"}
			}
		},
		{
			"from": [8.5, 21.5, 9.5],
			"to": [10.5, 22.5, 10.5],
			"faces": {
				"north": {"uv": [4, 9.5, 6, 10], "texture": "#north"},
				"east": {"uv": [11.5, 6.5, 12.5, 7.5], "texture": "#up"},
				"south": {"uv": [8.5, 4, 10.5, 5], "texture": "#south"},
				"west": {"uv": [12, 6.5, 13, 7.5], "texture": "#up"},
				"up": {"uv": [9, 6, 11, 7], "texture": "#up"},
				"down": {"uv": [11, 7, 9, 6], "texture": "#up"}
			}
		},
		{
			"from": [9, 20.5, 9.5],
			"to": [11, 21.5, 10.5],
			"faces": {
				"north": {"uv": [5, 8, 7, 8.5], "texture": "#north"},
				"east": {"uv": [14.5, 4, 15.5, 5], "texture": "#up"},
				"south": {"uv": [9, 5, 11, 6], "texture": "#south"},
				"west": {"uv": [14.5, 4, 15.5, 5], "texture": "#up"},
				"up": {"uv": [5, 4, 7, 5], "texture": "#up"},
				"down": {"uv": [7, 5.5, 5, 4.5], "texture": "#up"}
			}
		},
		{
			"from": [9.5, 20, 9.5],
			"to": [11.5, 21, 10.5],
			"faces": {
				"east": {"uv": [14.5, 5, 15.5, 6], "texture": "#up"},
				"south": {"uv": [9.5, 5.5, 11.5, 6.5], "texture": "#south"},
				"west": {"uv": [14.5, 5, 15.5, 6], "texture": "#up"},
				"up": {"uv": [5, 3.5, 7, 4.5], "texture": "#up"}
			}
		},
		{
			"from": [9.5, 19, 9.5],
			"to": [12, 20, 10.5],
			"faces": {
				"north": {"uv": [4, 3, 6.5, 3.5], "texture": "#north"},
				"east": {"uv": [14.5, 6, 15.5, 7], "texture": "#up"},
				"south": {"uv": [9.5, 6.5, 12, 7.5], "texture": "#south"},
				"west": {"uv": [14.5, 6, 15.5, 7], "texture": "#up"},
				"up": {"uv": [5, 4.5, 7.5, 5.5], "texture": "#up"}
			}
		},
		{
			"from": [9.5, 17.5, 9],
			"to": [12.5, 19, 10.5],
			"faces": {
				"north": {"uv": [4, 10.5, 7, 11], "texture": "#north"},
				"east": {"uv": [14.5, 7.5, 16, 9], "texture": "#up"},
				"south": {"uv": [9.5, 7.5, 12.5, 9], "texture": "#south"},
				"west": {"uv": [14.5, 7.5, 16, 9], "texture": "#up"},
				"up": {"uv": [5, 4, 7.5, 5.5], "texture": "#up"},
				"down": {"uv": [7.5, 5.5, 5, 4], "texture": "#up"}
			}
		},
		{
			"from": [9, 17, 9.5],
			"to": [12.5, 18, 10.5],
			"faces": {
				"north": {"uv": [3.5, 10.5, 7, 11], "texture": "#north"},
				"east": {"uv": [14.5, 8.5, 15.5, 9.5], "texture": "#up"},
				"south": {"uv": [9, 8.5, 12.5, 9.5], "texture": "#south"},
				"west": {"uv": [14.5, 7.5, 15.5, 8.5], "texture": "#up"},
				"up": {"uv": [5, 4.5, 7.5, 5.5], "texture": "#up"},
				"down": {"uv": [7.5, 5.5, 5, 4.5], "texture": "#up"}
			}
		},
		{
			"from": [9, 16, 9.5],
			"to": [12, 17, 10.5],
			"faces": {
				"east": {"uv": [14.5, 7.5, 15.5, 8.5], "texture": "#up"},
				"south": {"uv": [9, 9.5, 12, 10.5], "texture": "#south"},
				"west": {"uv": [14.5, 7.5, 15.5, 8.5], "texture": "#up"},
				"down": {"uv": [7.5, 5.5, 5, 4.5], "texture": "#up"}
			}
		},
		{
			"from": [8, 15, 9.5],
			"to": [11, 16, 10.5],
			"faces": {
				"north": {"uv": [4, 10, 7, 11.5], "texture": "#north"},
				"south": {"uv": [8, 10.5, 11, 11.5], "texture": "#south"},
				"west": {"uv": [14.5, 7.5, 15.5, 9], "texture": "#up"},
				"up": {"uv": [5, 4, 7.5, 5], "texture": "#up"},
				"down": {"uv": [7.5, 5.5, 5, 4.5], "texture": "#up"}
			}
		},
		{
			"from": [7, 13, 9],
			"to": [10.5, 15, 10.5],
			"faces": {
				"north": {"uv": [4, 10.5, 7.5, 11], "texture": "#north"},
				"east": {"uv": [5.5, 2, 7, 4], "texture": "#up"},
				"south": {"uv": [6.5, 12, 10, 14], "texture": "#south"},
				"west": {"uv": [14.5, 7.5, 16, 9.5], "texture": "#up"},
				"up": {"uv": [5, 3, 7.5, 4.5], "texture": "#up"},
				"down": {"uv": [7.5, 1.5, 5, 0], "texture": "#up"}
			}
		},
		{
			"from": [9.5, 26.5, 4.5],
			"to": [11, 27, 8],
			"faces": {
				"north": {"uv": [5, 0, 6.5, 0.5], "texture": "#north"},
				"east": {"uv": [10.5, 0, 14, 0.5], "texture": "#up"},
				"south": {"uv": [9.5, 0, 11, 0.5], "texture": "#south"},
				"west": {"uv": [10, 0, 13.5, 0.5], "texture": "#up"},
				"up": {"uv": [14.5, 1.5, 15.5, 4], "texture": "#up"}
			}
		},
		{
			"from": [9, 25, 3.5],
			"to": [11.5, 26, 4],
			"faces": {
				"north": {"uv": [4.5, 0, 7, 0.5], "texture": "#north"},
				"east": {"uv": [14.5, 4.5, 15, 5.5], "texture": "#up"},
				"west": {"uv": [8.5, 4.5, 9, 5.5], "texture": "#up"},
				"up": {"uv": [13.5, 6.5, 11, 7], "texture": "#up"}
			}
		},
		{
			"from": [9, 25, 3],
			"to": [11.5, 25.5, 4],
			"faces": {
				"north": {"uv": [4.5, 0.5, 7, 1], "texture": "#north"},
				"east": {"uv": [5.5, 6, 6.5, 6.5], "texture": "#up"},
				"west": {"uv": [8.5, 5, 9.5, 5.5], "texture": "#up"},
				"up": {"uv": [10, 6.5, 12.5, 7.5], "texture": "#up"},
				"down": {"uv": [7.5, 4, 5, 3], "texture": "#up"}
			}
		},
		{
			"from": [9, 24.5, 3],
			"to": [11.5, 25, 3.5],
			"faces": {
				"north": {"uv": [4.5, 1, 7, 1.5], "texture": "#north"},
				"east": {"uv": [5.5, 6.5, 6, 7], "texture": "#up"},
				"west": {"uv": [10, 6.5, 10.5, 7], "texture": "#up"},
				"down": {"uv": [12, 7, 9.5, 6.5], "texture": "#up"}
			}
		},
		{
			"from": [9.5, 23.5, 3],
			"to": [12, 24.5, 3.5],
			"faces": {
				"north": {"uv": [4, 1.5, 6.5, 2.5], "texture": "#north"},
				"east": {"uv": [6.5, 4, 7, 5], "texture": "#up"},
				"west": {"uv": [8, 5, 8.5, 6], "texture": "#up"},
				"up": {"uv": [5, 4, 7.5, 4.5], "texture": "#up"},
				"down": {"uv": [7.5, 3.5, 5, 3], "texture": "#up"}
			}
		},
		{
			"from": [10, 23, 3],
			"to": [12.5, 23.5, 3.5],
			"faces": {
				"north": {"uv": [3.5, 2.5, 6, 3], "texture": "#north"},
				"east": {"uv": [14.5, 6.5, 15, 7], "texture": "#up"},
				"south": {"uv": [7.5, 11.5, 10, 12], "texture": "#south"},
				"west": {"uv": [14.5, 6, 15, 6.5], "texture": "#up"},
				"up": {"uv": [8.5, 6, 11, 6.5], "texture": "#up"},
				"down": {"uv": [11, 6.5, 8.5, 6], "texture": "#up"}
			}
		},
		{
			"from": [10.5, 22.5, 3],
			"to": [12.5, 23, 3.5],
			"faces": {
				"north": {"uv": [3.5, 3, 5.5, 3.5], "texture": "#north"},
				"east": {"uv": [11, 6.5, 11.5, 7], "texture": "#up"},
				"south": {"uv": [8, 11.5, 10, 12], "texture": "#south"},
				"west": {"uv": [12.5, 6.5, 13, 7], "texture": "#up"}
			}
		},
		{
			"from": [11.5, 21, 3],
			"to": [13.5, 21.5, 3.5],
			"faces": {
				"north": {"uv": [2.5, 4.5, 4.5, 5], "texture": "#north"},
				"east": {"uv": [11.5, 6.5, 12, 7], "texture": "#up"},
				"south": {"uv": [8, 11.5, 10, 12], "texture": "#south"},
				"west": {"uv": [12, 6.5, 12.5, 7], "texture": "#up"}
			}
		},
		{
			"from": [10.5, 22, 3],
			"to": [13, 22.5, 3.5],
			"faces": {
				"north": {"uv": [3, 3.5, 5.5, 4], "texture": "#north"},
				"east": {"uv": [5.5, 5, 6, 5.5], "texture": "#up"},
				"south": {"uv": [7.5, 11.5, 10, 12], "texture": "#south"},
				"west": {"uv": [10.5, 6.5, 11, 7], "texture": "#up"},
				"up": {"uv": [8.5, 6, 11, 6.5], "texture": "#up"},
				"down": {"uv": [11, 6.5, 8.5, 6], "texture": "#up"}
			}
		},
		{
			"from": [11, 21.5, 3],
			"to": [13.5, 22, 3.5],
			"faces": {
				"north": {"uv": [2.5, 4, 5, 4.5], "texture": "#north"},
				"east": {"uv": [11, 6.5, 11.5, 7], "texture": "#up"},
				"south": {"uv": [7.5, 11.5, 10, 12], "texture": "#south"},
				"west": {"uv": [9.5, 6.5, 10, 7], "texture": "#up"},
				"up": {"uv": [8.5, 6, 11, 6.5], "texture": "#up"},
				"down": {"uv": [11, 6.5, 8.5, 6], "texture": "#up"}
			}
		},
		{
			"from": [11.5, 20.5, 3],
			"to": [14, 21, 3.5],
			"faces": {
				"north": {"uv": [2, 5, 4.5, 5.5], "texture": "#north"},
				"east": {"uv": [6, 4, 6.5, 4.5], "texture": "#up"},
				"south": {"uv": [7.5, 11.5, 10, 12], "texture": "#south"},
				"west": {"uv": [6, 4.5, 6.5, 5], "texture": "#up"},
				"up": {"uv": [8.5, 6, 11, 6.5], "texture": "#up"},
				"down": {"uv": [11, 6.5, 8.5, 6], "texture": "#up"}
			}
		},
		{
			"from": [12, 20, 3],
			"to": [14, 20.5, 3.5],
			"faces": {
				"north": {"uv": [2, 5.5, 4, 6], "texture": "#north"},
				"east": {"uv": [11, 6.5, 11.5, 7], "texture": "#up"},
				"west": {"uv": [9, 6.5, 9.5, 7], "texture": "#up"}
			}
		},
		{
			"from": [12, 19.5, 3],
			"to": [14.5, 20, 3.5],
			"faces": {
				"north": {"uv": [1.5, 6, 4, 6.5], "texture": "#north"},
				"east": {"uv": [12, 6.5, 12.5, 7], "texture": "#up"},
				"west": {"uv": [8.5, 5.5, 9, 6], "texture": "#up"},
				"up": {"uv": [8.5, 6, 11, 6.5], "texture": "#up"},
				"down": {"uv": [11, 6.5, 8.5, 6], "texture": "#up"}
			}
		},
		{
			"from": [12.5, 18, 3],
			"to": [14.5, 19.5, 4],
			"faces": {
				"north": {"uv": [1.5, 6.5, 3.5, 8], "texture": "#north"},
				"east": {"uv": [14.5, 3.5, 15.5, 5], "texture": "#up"},
				"south": {"uv": [8, 11.5, 10, 12], "texture": "#south"},
				"west": {"uv": [10, 6, 11, 7.5], "texture": "#up"},
				"up": {"uv": [10.5, 6.5, 12.5, 7.5], "texture": "#up"}
			}
		},
		{
			"from": [12, 17, 3],
			"to": [14.5, 18, 4],
			"faces": {
				"north": {"uv": [1.5, 8, 4, 9], "texture": "#north"},
				"east": {"uv": [6, 0, 7, 1], "texture": "#up"},
				"west": {"uv": [8.5, 6, 9.5, 7], "texture": "#up"},
				"up": {"uv": [10, 6.5, 12.5, 7.5], "texture": "#up"}
			}
		},
		{
			"from": [11, 16.5, 3],
			"to": [14.5, 17, 4],
			"faces": {
				"north": {"uv": [1.5, 9, 5, 9.5], "texture": "#north"},
				"east": {"uv": [5.5, 1.5, 6.5, 2], "texture": "#up"},
				"south": {"uv": [7, 11.5, 10.5, 12], "texture": "#south"},
				"west": {"uv": [5.5, 4.5, 6.5, 5], "texture": "#up"},
				"up": {"uv": [10, 6.5, 12.5, 7.5], "texture": "#up"},
				"down": {"uv": [7.5, 2, 5, 1], "texture": "#up"}
			}
		},
		{
			"from": [10.5, 15.5, 3],
			"to": [14, 16.5, 3.5],
			"faces": {
				"north": {"uv": [2, 9.5, 5.5, 10.5], "texture": "#north"},
				"east": {"uv": [6, 0, 6.5, 0.5], "texture": "#up"},
				"south": {"uv": [7, 11.5, 10.5, 12], "texture": "#south"},
				"up": {"uv": [9, 6.5, 12.5, 7], "texture": "#up"},
				"down": {"uv": [13.5, 14.5, 10, 14], "texture": "#up"}
			}
		},
		{
			"from": [6.5, 15.5, 3],
			"to": [10.5, 16.5, 3.5],
			"faces": {
				"north": {"uv": [5.5, 9.5, 9.5, 10.5], "texture": "#north"},
				"south": {"uv": [7, 11.5, 11, 12], "texture": "#south"},
				"west": {"uv": [5.5, 1.5, 6, 2.5], "texture": "#up"},
				"up": {"uv": [8.5, 6.5, 12.5, 7], "texture": "#up"},
				"down": {"uv": [7, 1.5, 5, 1], "texture": "#up"}
			}
		},
		{
			"from": [6, 16, 3],
			"to": [6.5, 16.5, 3.5],
			"faces": {
				"north": {"uv": [9.5, 9.5, 10, 10], "texture": "#north"},
				"west": {"uv": [6, 1, 6.5, 1.5], "texture": "#up"},
				"down": {"uv": [6.5, 1, 6, 0.5], "texture": "#up"}
			}
		},
		{
			"from": [7, 15, 3],
			"to": [13.5, 15.5, 3.5],
			"faces": {
				"north": {"uv": [2.5, 10.5, 9, 11], "texture": "#north"},
				"east": {"uv": [6, 1.5, 6.5, 2], "texture": "#up"},
				"south": {"uv": [4.5, 13.5, 11, 14], "texture": "#south"},
				"west": {"uv": [6, 2, 6.5, 2.5], "texture": "#up"},
				"up": {"uv": [5.5, 1, 7.5, 1.5], "texture": "#up"},
				"down": {"uv": [7, 1, 5.5, 0.5], "texture": "#up"}
			}
		},
		{
			"from": [7.5, 14.5, 3],
			"to": [13, 15, 3.5],
			"faces": {
				"north": {"uv": [3, 11, 8.5, 11.5], "texture": "#north"},
				"east": {"uv": [6.5, 1, 7, 1.5], "texture": "#up"},
				"south": {"uv": [5, 13.5, 10.5, 14], "texture": "#south"},
				"west": {"uv": [6, 1, 6.5, 1.5], "texture": "#up"},
				"down": {"uv": [7.5, 1, 5, 0.5], "texture": "#up"}
			}
		},
		{
			"from": [8.5, 14, 3],
			"to": [12, 14.5, 3.5],
			"faces": {
				"north": {"uv": [4, 11.5, 7.5, 12], "texture": "#north"},
				"east": {"uv": [7, 1, 7.5, 1.5], "texture": "#up"},
				"south": {"uv": [8.5, 1.5, 12, 2], "texture": "#south"},
				"west": {"uv": [5.5, 1, 6, 1.5], "texture": "#up"},
				"down": {"uv": [5, 4.5, 5.5, 1], "rotation": 90, "texture": "#up"}
			}
		},
		{
			"from": [5.5, 16.5, 3],
			"to": [9, 17, 3.5],
			"faces": {
				"north": {"uv": [7, 9, 10.5, 9.5], "texture": "#north"},
				"east": {"uv": [6, 2.5, 6.5, 3], "texture": "#up"},
				"south": {"uv": [7, 11.5, 10.5, 12], "texture": "#south"},
				"west": {"uv": [6.5, 1.5, 7, 2], "texture": "#up"},
				"up": {"uv": [9, 6.5, 12.5, 7], "texture": "#up"},
				"down": {"uv": [12.5, 7, 9, 6.5], "texture": "#up"}
			}
		},
		{
			"from": [5.5, 17, 3],
			"to": [8.5, 17.5, 3.5],
			"faces": {
				"north": {"uv": [7.5, 8.5, 10.5, 9], "texture": "#north"},
				"east": {"uv": [6, 4, 6.5, 4.5], "texture": "#up"},
				"south": {"uv": [7.5, 11.5, 10.5, 12], "texture": "#south"},
				"west": {"uv": [6, 4.5, 6.5, 5], "texture": "#up"},
				"up": {"uv": [8.5, 6, 11, 6.5], "texture": "#up"}
			}
		},
		{
			"from": [5, 17.5, 3],
			"to": [8, 18, 3.5],
			"faces": {
				"north": {"uv": [8, 8, 11, 8.5], "texture": "#north"},
				"east": {"uv": [6.5, 4, 7, 4.5], "texture": "#up"},
				"south": {"uv": [7.5, 11.5, 10.5, 12], "texture": "#south"},
				"west": {"uv": [6, 1.5, 6.5, 2], "texture": "#up"},
				"up": {"uv": [9.5, 6.5, 12, 7], "texture": "#up"},
				"down": {"uv": [7.5, 4, 5, 4.5], "texture": "#up"}
			}
		},
		{
			"from": [5, 18, 3],
			"to": [7.5, 18.5, 3.5],
			"faces": {
				"north": {"uv": [8.5, 7.5, 11, 8], "texture": "#north"},
				"east": {"uv": [8.5, 6, 9, 6.5], "texture": "#up"},
				"south": {"uv": [8, 11.5, 10.5, 12], "texture": "#south"},
				"west": {"uv": [5.5, 4.5, 6, 5], "texture": "#up"},
				"up": {"uv": [5, 3, 7.5, 3.5], "texture": "#up"}
			}
		},
		{
			"from": [4.5, 18.5, 3],
			"to": [7, 19.5, 3.5],
			"faces": {
				"north": {"uv": [9, 6.5, 11.5, 7.5], "texture": "#north"},
				"east": {"uv": [15.5, 7, 16, 8], "texture": "#up"},
				"south": {"uv": [7.5, 11.5, 10, 12], "texture": "#south"},
				"west": {"uv": [13.5, 13.5, 14, 14.5], "texture": "#up"},
				"up": {"uv": [5, 3, 7.5, 3.5], "texture": "#up"},
				"down": {"uv": [7.5, 4, 5, 3.5], "texture": "#up"}
			}
		},
		{
			"from": [4, 19.5, 3],
			"to": [6.5, 20, 3.5],
			"faces": {
				"north": {"uv": [9.5, 6, 12, 6.5], "texture": "#north"},
				"east": {"uv": [14.5, 8, 15, 8.5], "texture": "#up"},
				"south": {"uv": [8, 11.5, 10.5, 12], "texture": "#south"},
				"west": {"uv": [6, 0, 6.5, 0.5], "texture": "#up"},
				"up": {"uv": [10, 6.5, 12.5, 7], "texture": "#up"},
				"down": {"uv": [7.5, 4.5, 5, 4], "texture": "#up"}
			}
		},
		{
			"from": [3, 20, 3],
			"to": [6, 21, 3.5],
			"faces": {
				"north": {"uv": [10, 5, 13, 6], "texture": "#north"},
				"east": {"uv": [9, 5.5, 9.5, 6.5], "texture": "#up"},
				"south": {"uv": [7.5, 11.5, 10.5, 12], "texture": "#south"},
				"west": {"uv": [10, 6.5, 10.5, 7.5], "texture": "#up"},
				"up": {"uv": [9, 6.5, 12, 7], "texture": "#up"},
				"down": {"uv": [11.5, 7, 8.5, 6.5], "texture": "#up"}
			}
		},
		{
			"from": [0.5, 21, 3],
			"to": [5.5, 21.5, 4],
			"faces": {
				"north": {"uv": [10.5, 4.5, 15.5, 5], "texture": "#north"},
				"east": {"uv": [9, 6, 10, 6.5], "texture": "#up"},
				"south": {"uv": [5.5, 13.5, 10.5, 14], "texture": "#south"},
				"west": {"uv": [12.5, 6.5, 13.5, 7], "texture": "#up"},
				"up": {"uv": [8.5, 6, 11, 7], "texture": "#up"},
				"down": {"uv": [7.5, 4.5, 5, 3.5], "texture": "#up"}
			}
		},
		{
			"from": [0.5, 21.5, 3],
			"to": [5, 22, 3.5],
			"faces": {
				"north": {"uv": [11, 4, 15.5, 4.5], "texture": "#north"},
				"east": {"uv": [11, 7, 11.5, 7.5], "texture": "#up"},
				"south": {"uv": [5.5, 13.5, 10, 14], "texture": "#south"},
				"west": {"uv": [8.5, 5, 9, 5.5], "texture": "#up"},
				"up": {"uv": [8.5, 6.5, 13, 7], "texture": "#up"}
			}
		},
		{
			"from": [0.5, 22, 3],
			"to": [4.5, 22.5, 4],
			"faces": {
				"north": {"uv": [11, 4, 15, 4.5], "texture": "#north"},
				"east": {"uv": [11, 6.5, 12, 7], "texture": "#up"},
				"south": {"uv": [6, 13.5, 10, 14], "texture": "#south"},
				"west": {"uv": [8.5, 6, 9.5, 6.5], "texture": "#up"},
				"up": {"uv": [8.5, 6, 11, 7], "texture": "#up"},
				"down": {"uv": [11, 7, 8.5, 6], "texture": "#up"}
			}
		},
		{
			"from": [1.5, 22.5, 3],
			"to": [3.5, 23, 4],
			"faces": {
				"north": {"uv": [12.5, 3, 14.5, 3.5], "texture": "#north"},
				"east": {"uv": [10, 6.5, 11, 7], "texture": "#up"},
				"south": {"uv": [7.5, 11.5, 9.5, 12], "texture": "#south"},
				"west": {"uv": [12.5, 6.5, 13.5, 7], "texture": "#up"},
				"up": {"uv": [13.5, 6.5, 11.5, 7], "texture": "#up"}
			}
		},
		{
			"from": [0.5, 20.5, 3],
			"to": [3, 21, 4],
			"faces": {
				"north": {"uv": [13, 5, 15.5, 5.5], "texture": "#north"},
				"east": {"uv": [5, 4, 5.5, 4.5], "texture": "#up"},
				"south": {"uv": [7.5, 11.5, 10, 12], "texture": "#south"},
				"west": {"uv": [10, 6.5, 10.5, 7], "texture": "#up"},
				"down": {"uv": [7.5, 4.5, 5, 4], "texture": "#up"}
			}
		},
		{
			"from": [0, 19.5, 3.5],
			"to": [0.5, 22, 4.5],
			"faces": {
				"north": {"uv": [14, 3, 14.5, 5.5], "texture": "#north"},
				"east": {"uv": [14.5, 2, 15, 4.5], "texture": "#up"},
				"west": {"uv": [14.5, 2, 15, 4.5], "texture": "#up"},
				"up": {"uv": [11.5, 0, 12, 1], "texture": "#up"},
				"down": {"uv": [16, 4.5, 15.5, 3.5], "texture": "#up"}
			}
		},
		{
			"from": [-0.5, 19.5, 4],
			"to": [0, 21.5, 6],
			"faces": {
				"north": {"uv": [3.5, 9.5, 4, 11.5], "texture": "#north"},
				"east": {"uv": [10, 6.5, 12, 7], "texture": "#up"},
				"south": {"uv": [11, 8, 11.5, 10], "texture": "#south"},
				"west": {"uv": [10, 5.5, 12, 7.5], "texture": "#up"},
				"up": {"uv": [15, 2, 15.5, 4], "texture": "#up"},
				"down": {"uv": [14.5, 4, 15, 2], "texture": "#up"}
			}
		},
		{
			"from": [-1, 18.5, 8],
			"to": [0.5, 20.5, 9],
			"faces": {
				"north": {"uv": [9, 7.5, 10.5, 9.5], "texture": "#north"},
				"south": {"uv": [11, 7.5, 12.5, 9.5], "texture": "#south"},
				"west": {"uv": [8, 4.5, 9, 6.5], "texture": "#up"},
				"up": {"uv": [16, 3.5, 14.5, 4.5], "texture": "#up"},
				"down": {"uv": [14.5, 4.5, 16, 4], "texture": "#up"}
			}
		},
		{
			"from": [-0.5, 18, 8.5],
			"to": [0.5, 20, 9.5],
			"faces": {
				"north": {"uv": [5, 9.5, 6, 11.5], "texture": "#north"},
				"east": {"uv": [10, 5.5, 11, 7.5], "texture": "#up"},
				"south": {"uv": [0, 6, 1, 8], "texture": "#south"},
				"west": {"uv": [10, 5.5, 11, 7.5], "texture": "#up"},
				"up": {"uv": [9, 5.5, 10, 6.5], "texture": "#up"},
				"down": {"uv": [7, 4, 6, 3], "texture": "#up"}
			}
		},
		{
			"from": [0, 18, 8.5],
			"to": [1, 19.5, 10],
			"faces": {
				"north": {"uv": [9.5, 7, 10.5, 8.5], "texture": "#north"},
				"east": {"uv": [11, 6, 12.5, 7.5], "texture": "#up"},
				"south": {"uv": [0.5, 6.5, 1.5, 8], "texture": "#south"},
				"west": {"uv": [11, 6, 12.5, 7.5], "texture": "#up"},
				"up": {"uv": [11, 7.5, 12, 6], "texture": "#up"},
				"down": {"uv": [16, 10, 15, 8.5], "texture": "#up"}
			}
		},
		{
			"from": [1, 17.5, 9.5],
			"to": [2.5, 18.5, 10],
			"faces": {
				"north": {"uv": [4.5, 10, 6, 10.5], "texture": "#north"},
				"east": {"uv": [11.5, 6.5, 12, 7.5], "texture": "#up"},
				"south": {"uv": [1.5, 7.5, 3, 8.5], "texture": "#south"},
				"west": {"uv": [12.5, 6.5, 13, 7.5], "texture": "#up"},
				"up": {"uv": [12, 6, 13.5, 7], "texture": "#up"},
				"down": {"uv": [13, 7.5, 11.5, 6.5], "texture": "#up"}
			}
		},
		{
			"from": [-1, 19, 6],
			"to": [0, 21, 8],
			"faces": {
				"north": {"uv": [3, 9.5, 4, 11.5], "texture": "#north"},
				"south": {"uv": [8.5, 2.5, 9.5, 3.5], "texture": "#south"},
				"west": {"uv": [12, 7.5, 10, 5.5], "rotation": 180, "texture": "#up"},
				"up": {"uv": [13.5, 6, 11.5, 7], "rotation": 270, "texture": "#up"},
				"down": {"uv": [6, 7.5, 7, 5.5], "texture": "#up"}
			}
		},
		{
			"from": [1, 18.5, 9.5],
			"to": [2, 19, 10],
			"faces": {
				"east": {"uv": [6, 6.5, 6.5, 7], "texture": "#up"},
				"south": {"uv": [1.5, 7, 2.5, 7.5], "texture": "#south"},
				"up": {"uv": [12, 6, 13, 6.5], "texture": "#up"}
			}
		},
		{
			"from": [6.5, 20.5, 3.75],
			"to": [7.5, 25, 9.25],
			"faces": {
				"north": {"uv": [8.5, 1, 9.5, 5.5], "texture": "#north"},
				"east": {"uv": [9, 12.5, 14.5, 13], "texture": "#up"},
				"south": {"uv": [6.5, 1, 7.5, 5.5], "texture": "#south"},
				"west": {"uv": [9, 12, 14.5, 12.5], "texture": "#up"},
				"up": {"uv": [9, 12, 14, 13], "rotation": 270, "texture": "#up"}
			}
		},
		{
			"from": [4, 21.5, 3.75],
			"to": [6.5, 24, 9.25],
			"faces": {
				"north": {"uv": [15, 13, 12.5, 15.5], "texture": "#north"},
				"south": {"uv": [12, 13, 14.5, 15.5], "texture": "#south"},
				"west": {"uv": [3.75, 0, 9.25, 0], "texture": "#up"},
				"down": {"uv": [12, 9.25, 9.5, 3.75], "texture": "#up"}
			}
		},
		{
			"from": [2, 21.5, 3.75],
			"to": [4, 23.5, 9.25],
			"faces": {
				"north": {"uv": [13.5, 13, 15.5, 15], "texture": "#north"},
				"south": {"uv": [12.5, 13.5, 14.5, 15.5], "texture": "#south"},
				"west": {"uv": [9, 12, 14.5, 12.5], "texture": "#up"},
				"up": {"uv": [9, 7.5, 11, 13], "texture": "#up"}
			}
		},
		{
			"from": [4.5, 18.5, 3.75],
			"to": [7, 21.5, 9.25],
			"faces": {
				"north": {"uv": [12.5, 13, 15, 16], "texture": "#north"},
				"east": {"uv": [9, 11.5, 14.5, 12], "texture": "#up"},
				"south": {"uv": [13, 16, 15.5, 13], "texture": "#south"},
				"west": {"uv": [9, 12, 14.5, 12.5], "texture": "#up"},
				"up": {"uv": [10, 7.5, 12.75, 13], "texture": "#up"},
				"down": {"uv": [13, 13.5, 10.25, 8], "texture": "#up"}
			}
		},
		{
			"from": [5.5, 15.5, 3.75],
			"to": [8.5, 18.5, 9.25],
			"faces": {
				"north": {"uv": [15.5, 13, 12.5, 16], "texture": "#north"},
				"east": {"uv": [8.5, 12, 14, 12.5], "texture": "#up"},
				"south": {"uv": [16, 13, 13, 16], "texture": "#south"},
				"west": {"uv": [9, 11.5, 14.5, 12], "texture": "#up"},
				"up": {"uv": [9.5, 7.5, 12.25, 13], "texture": "#up"},
				"down": {"uv": [12.5, 13.5, 9.75, 8], "texture": "#up"}
			}
		},
		{
			"from": [5, 11, 6],
			"to": [9, 13.5, 9.5],
			"faces": {
				"north": {"uv": [14, 7, 11.5, 9.5], "texture": "#handle"},
				"east": {"uv": [11.5, 7.5, 14, 10], "texture": "#handle"},
				"south": {"uv": [7.5, 1, 11.5, 3.5], "texture": "#handle"},
				"west": {"uv": [11.5, 7.5, 13.5, 10], "texture": "#handle"},
				"up": {"uv": [8.5, 0, 12.5, 3.5], "texture": "#handle"},
				"down": {"uv": [12.5, 3.5, 8.5, 0], "texture": "#handle"}
			}
		},
		{
			"from": [9, 11.5, 5],
			"to": [12, 12, 7.5],
			"faces": {
				"north": {"uv": [14, 2, 11, 2.5], "texture": "#handle"},
				"east": {"uv": [15, 1.5, 12.5, 2], "texture": "#handle"},
				"south": {"uv": [11, 2, 14, 2.5], "texture": "#handle"},
				"west": {"uv": [12.5, 1.5, 15, 2], "texture": "#handle"},
				"down": {"uv": [11.5, 2.5, 8.5, 0], "texture": "#handle"}
			}
		},
		{
			"from": [4, 11, 6],
			"to": [9, 11.5, 9],
			"faces": {
				"north": {"uv": [15.5, 11.5, 11.5, 12], "texture": "#handle"},
				"east": {"uv": [7, 2, 10, 2.5], "texture": "#handle"},
				"south": {"uv": [11.5, 10.5, 14.5, 11], "texture": "#handle"},
				"west": {"uv": [7, 2, 10, 2.5], "texture": "#handle"},
				"up": {"uv": [8.5, 0, 13.5, 3], "texture": "#handle"},
				"down": {"uv": [13, 3, 8, 0], "texture": "#handle"}
			}
		},
		{
			"from": [4.5, 10.5, 6],
			"to": [8.5, 11, 8.5],
			"faces": {
				"north": {"uv": [11, 2.5, 7, 3], "texture": "#handle"},
				"east": {"uv": [7, 2.5, 9.5, 3], "texture": "#handle"},
				"west": {"uv": [7, 2.5, 9.5, 3], "texture": "#handle"},
				"down": {"uv": [12.5, 2.5, 8.5, 0], "texture": "#handle"}
			}
		},
		{
			"from": [6, 10, 5],
			"to": [10, 10.5, 8],
			"faces": {
				"north": {"uv": [9, 3, 13, 3.5], "texture": "#handle"},
				"east": {"uv": [8, 3.5, 11, 4], "texture": "#handle"},
				"south": {"uv": [9, 3, 13, 3.5], "texture": "#handle"},
				"west": {"uv": [7.5, 3, 10.5, 3.5], "texture": "#handle"},
				"up": {"uv": [8.5, 0, 12.5, 3], "texture": "#handle"},
				"down": {"uv": [12.5, 3, 8.5, 0], "texture": "#handle"}
			}
		},
		{
			"from": [5, 9.5, 6],
			"to": [9.5, 10, 7.5],
			"faces": {
				"north": {"uv": [12.5, 3.5, 8, 4], "texture": "#handle"},
				"east": {"uv": [11.5, 3, 13, 3.5], "texture": "#handle"},
				"south": {"uv": [8, 3.5, 12.5, 4], "texture": "#handle"},
				"west": {"uv": [7.5, 3, 9, 3.5], "texture": "#handle"},
				"up": {"uv": [8.5, 0, 13, 1.5], "texture": "#handle"},
				"down": {"uv": [13, 1.5, 8.5, 0], "texture": "#handle"}
			}
		},
		{
			"from": [5.5, 9, 5.5],
			"to": [9, 9.5, 7.5],
			"faces": {
				"north": {"uv": [12, 4, 8.5, 4.5], "texture": "#handle"},
				"east": {"uv": [11.5, 2.5, 13.5, 3], "texture": "#handle"},
				"south": {"uv": [8.5, 4, 12, 4.5], "texture": "#handle"},
				"west": {"uv": [11, 3, 13, 3.5], "texture": "#handle"},
				"up": {"uv": [8.5, 0, 12, 2], "texture": "#handle"},
				"down": {"uv": [12, 2, 8.5, 0], "texture": "#handle"}
			}
		},
		{
			"from": [6, 8.5, 5.75],
			"to": [8.5, 9, 7.25],
			"faces": {
				"north": {"uv": [11.5, 4.5, 9, 5], "texture": "#handle"},
				"east": {"uv": [12, 2.5, 13.5, 3], "texture": "#handle"},
				"south": {"uv": [9, 4.5, 11.5, 5], "texture": "#handle"},
				"west": {"uv": [8, 3.5, 9.5, 4], "texture": "#handle"},
				"down": {"uv": [11.5, 5, 9, 3.5], "texture": "#handle"}
			}
		},
		{
			"from": [6.5, 4, 6],
			"to": [7.5, 8.5, 7],
			"faces": {
				"north": {"uv": [10.5, 5, 9.5, 9.5], "texture": "#handle"},
				"east": {"uv": [10, 5, 10.5, 9.5], "texture": "#handle"},
				"south": {"uv": [9.5, 5, 10.5, 9.5], "texture": "#handle"},
				"west": {"uv": [9.5, 5, 10, 9.5], "texture": "#handle"}
			}
		},
		{
			"from": [3.5, 11.5, 6],
			"to": [5, 13, 9],
			"faces": {
				"north": {"uv": [6.5, 0.5, 8, 2], "texture": "#handle"},
				"south": {"uv": [6.5, 0.5, 8, 2], "texture": "#handle"},
				"west": {"uv": [6.5, 0.5, 9.5, 2], "texture": "#handle"},
				"down": {"uv": [13.5, 9.5, 12, 6.5], "texture": "#handle"}
			}
		},
		{
			"from": [8.5, 12, 4.5],
			"to": [12.5, 13, 8],
			"faces": {
				"north": {"uv": [6.5, 1, 10.5, 2], "texture": "#handle"},
				"east": {"uv": [6.5, 1, 10, 2], "texture": "#handle"},
				"south": {"uv": [11, 1, 15, 2], "texture": "#handle"},
				"west": {"uv": [11.5, 1, 15, 2], "texture": "#handle"},
				"down": {"uv": [12.5, 3, 8.5, 0], "texture": "#handle"}
			}
		},
		{
			"from": [8, 11, 5],
			"to": [11, 11.5, 8],
			"faces": {
				"north": {"uv": [7, 2.5, 10, 3], "texture": "#handle"},
				"east": {"uv": [7, 2, 10, 2.5], "texture": "#handle"},
				"south": {"uv": [10.5, 2.5, 13.5, 3], "texture": "#handle"},
				"west": {"uv": [11, 2, 14, 2.5], "texture": "#handle"},
				"up": {"uv": [7.5, 0, 10.5, 3], "texture": "#handle"},
				"down": {"uv": [10.5, 3, 7.5, 0], "texture": "#handle"}
			}
		},
		{
			"from": [6, 12, 7.5],
			"to": [9.5, 14, 10],
			"faces": {
				"north": {"uv": [12, 0.5, 8.5, 2.5], "texture": "#handle"},
				"east": {"uv": [6.5, 0, 9, 2], "texture": "#handle"},
				"south": {"uv": [8.5, 0.5, 12, 2.5], "texture": "#handle"},
				"west": {"uv": [11, 0.5, 13.5, 2.5], "texture": "#handle"},
				"up": {"uv": [11.5, 7, 14, 9.5], "texture": "#handle"},
				"down": {"uv": [14, 11, 11.5, 9], "texture": "#handle"}
			}
		},
		{
			"from": [6.5, 12.5, 7.5],
			"to": [10, 14.5, 10],
			"faces": {
				"north": {"uv": [12.5, 0, 9, 2], "texture": "#handle"},
				"east": {"uv": [11, 1, 13.5, 3], "texture": "#handle"},
				"south": {"uv": [9, 0, 12.5, 2], "texture": "#handle"},
				"west": {"uv": [7, 0.5, 9.5, 2.5], "texture": "#handle"},
				"up": {"uv": [7, 0, 10.5, 2.5], "texture": "#handle"},
				"down": {"uv": [10.5, 2.5, 7, 0], "texture": "#handle"}
			}
		},
		{
			"from": [6.5, 10.5, 5],
			"to": [10.5, 11, 8.5],
			"faces": {
				"north": {"uv": [7, 2.5, 11, 3], "texture": "#handle"},
				"east": {"uv": [7, 2.5, 10.5, 3], "texture": "#handle"},
				"south": {"uv": [9.5, 2.5, 13.5, 3], "texture": "#handle"},
				"west": {"uv": [10, 2.5, 13.5, 3], "texture": "#handle"},
				"up": {"uv": [7.5, 0, 11.5, 3.5], "texture": "#handle"},
				"down": {"uv": [11.5, 3.5, 7.5, 0], "texture": "#handle"}
			}
		},
		{
			"from": [5, 10, 6],
			"to": [8.5, 10.5, 8],
			"faces": {
				"north": {"uv": [8, 3.5, 11.5, 4], "texture": "#handle"},
				"east": {"uv": [12, 2, 14, 2.5], "texture": "#handle"},
				"south": {"uv": [8, 3.5, 11.5, 4], "texture": "#handle"},
				"west": {"uv": [7, 2.5, 9, 3], "texture": "#handle"},
				"down": {"uv": [11, 3.5, 7.5, 1.5], "texture": "#handle"}
			}
		},
		{
			"from": [6, 9.5, 5],
			"to": [8.5, 10, 8],
			"faces": {
				"north": {"uv": [9, 3.5, 11.5, 4], "texture": "#handle"},
				"east": {"uv": [10.5, 2.5, 13.5, 3], "texture": "#handle"},
				"south": {"uv": [9, 3.5, 11.5, 4], "texture": "#handle"},
				"west": {"uv": [12, 11, 15, 11.5], "texture": "#handle"},
				"down": {"uv": [10, 3.5, 7.5, 0.5], "texture": "#handle"}
			}
		},
		{
			"from": [6, 4, 6.25],
			"to": [8, 7.5, 6.75],
			"faces": {
				"north": {"uv": [9, 6, 11, 9.5], "texture": "#handle"},
				"east": {"uv": [10.5, 6, 11, 9.5], "texture": "#handle"},
				"south": {"uv": [9, 6, 11, 9.5], "texture": "#handle"},
				"west": {"uv": [9, 6, 9.5, 9.5], "texture": "#handle"}
			}
		},
		{
			"from": [6, 7.5, 5.75],
			"to": [8, 8.5, 7.25],
			"faces": {
				"north": {"uv": [11, 5, 9, 6], "texture": "#handle"},
				"east": {"uv": [3, 7.5, 4.5, 8.5], "texture": "#handle"},
				"south": {"uv": [9, 5, 11, 6], "texture": "#handle"},
				"west": {"uv": [4, 8.5, 5.5, 9.5], "texture": "#handle"},
				"down": {"uv": [14, 2.5, 12, 1], "texture": "#handle"}
			}
		},
		{
			"from": [6, 2, 6.25],
			"to": [8.5, 4, 6.75],
			"faces": {
				"north": {"uv": [4, 3, 1.5, 5], "texture": "#handle"},
				"east": {"uv": [3.5, 3, 4, 5], "texture": "#handle"},
				"south": {"uv": [1.5, 3, 4, 5], "texture": "#handle"},
				"west": {"uv": [1.5, 3, 2, 5], "texture": "#handle"},
				"up": {"uv": [1.5, 3, 4, 3.5], "texture": "#handle"}
			}
		},
		{
			"from": [6, -0.5, 6.25],
			"to": [9, 2, 6.75],
			"faces": {
				"north": {"uv": [4.5, 5, 1.5, 7], "texture": "#handle"},
				"east": {"uv": [4, 5, 4.5, 7], "texture": "#handle"},
				"south": {"uv": [1.5, 5, 4.5, 7], "texture": "#handle"},
				"west": {"uv": [1.5, 5, 2, 7], "texture": "#handle"},
				"up": {"uv": [1.5, 5, 4.5, 5.5], "texture": "#handle"},
				"down": {"uv": [4.5, 7, 1.5, 6.5], "texture": "#handle"}
			}
		},
		{
			"from": [9, 0.5, 6.25],
			"to": [9.5, 1, 6.75],
			"faces": {
				"north": {"uv": [4.5, 6.5, 5, 7], "texture": "#handle"},
				"east": {"uv": [4.5, 6.5, 5, 7], "texture": "#handle"},
				"south": {"uv": [4.5, 6.5, 5, 7], "texture": "#handle"},
				"up": {"uv": [4.5, 6.5, 5, 7], "texture": "#handle"}
			}
		},
		{
			"from": [9, 0, 6.25],
			"to": [10, 0.5, 6.75],
			"faces": {
				"north": {"uv": [4.5, 7, 5.5, 7.5], "texture": "#handle"},
				"east": {"uv": [5, 7, 5.5, 7.5], "texture": "#handle"},
				"south": {"uv": [4.5, 7, 5.5, 7.5], "texture": "#handle"},
				"up": {"uv": [4.5, 7, 5.5, 7.5], "texture": "#handle"}
			}
		},
		{
			"from": [9, -0.5, 6.25],
			"to": [10.5, 0, 6.75],
			"faces": {
				"north": {"uv": [5.5, 9, 7, 9.5], "texture": "#handle"},
				"east": {"uv": [6.5, 9, 7, 9.5], "texture": "#handle"},
				"south": {"uv": [5.5, 9, 7, 9.5], "texture": "#handle"},
				"up": {"uv": [5.5, 9, 7, 9.5], "texture": "#handle"}
			}
		},
		{
			"from": [6.5, -2.5, 6],
			"to": [11, -0.5, 7],
			"faces": {
				"north": {"uv": [6.5, 8, 2, 10], "texture": "#handle"},
				"east": {"uv": [4.5, 7, 5.5, 7.5], "texture": "#handle"},
				"south": {"uv": [2, 8, 6.5, 10], "texture": "#handle"},
				"west": {"uv": [12.5, 8, 13.5, 8.5], "texture": "#handle"},
				"up": {"uv": [2, 8, 6.5, 8.5], "texture": "#handle"},
				"down": {"uv": [6.5, 10, 2, 9.5], "texture": "#handle"}
			}
		},
		{
			"from": [11, -2, 6],
			"to": [11.5, -1.5, 7],
			"faces": {
				"north": {"uv": [6, 8.5, 6.5, 9], "texture": "#handle"},
				"east": {"uv": [6, 10.5, 7, 11], "texture": "#handle"},
				"south": {"uv": [6, 8.5, 6.5, 9], "texture": "#handle"},
				"up": {"uv": [6, 8, 6.5, 9], "texture": "#handle"}
			}
		},
		{
			"from": [11, -2.5, 6],
			"to": [12.5, -2, 7],
			"faces": {
				"north": {"uv": [8, 9.5, 6.5, 10], "texture": "#handle"},
				"east": {"uv": [5.5, 11, 6.5, 11.5], "texture": "#handle"},
				"south": {"uv": [6.5, 9.5, 8, 10], "texture": "#handle"},
				"up": {"uv": [6.5, 9.5, 8, 10], "texture": "#handle"}
			}
		},
		{
			"from": [7, -4, 5.75],
			"to": [13, -2.5, 7.25],
			"faces": {
				"north": {"uv": [8.5, 10, 2.5, 11.5], "texture": "#handle"},
				"east": {"uv": [8, 10, 8.5, 11.5], "texture": "#handle"},
				"south": {"uv": [2.5, 10, 8.5, 11.5], "texture": "#handle"},
				"west": {"uv": [2.5, 10, 3, 11.5], "texture": "#handle"},
				"up": {"uv": [2.5, 10, 8.5, 10.5], "texture": "#handle"},
				"down": {"uv": [8.5, 12, 2.5, 11.5], "texture": "#handle"}
			}
		},
		{
			"from": [7.5, -4.5, 5.75],
			"to": [14.5, -4, 7.25],
			"faces": {
				"north": {"uv": [10, 11.5, 3, 12], "texture": "#handle"},
				"east": {"uv": [6, 11, 7.5, 11.5], "texture": "#handle"},
				"south": {"uv": [3, 11.5, 10, 12], "texture": "#handle"},
				"west": {"uv": [5.75, 11.5, 7.25, 12], "texture": "#handle"},
				"up": {"uv": [3, 11.5, 10, 12], "texture": "#handle"},
				"down": {"uv": [10, 12.5, 3, 12], "texture": "#handle"}
			}
		},
		{
			"from": [13, -3.5, 6],
			"to": [13.5, -3, 7],
			"faces": {
				"north": {"uv": [8.5, 10.5, 9, 11], "texture": "#handle"},
				"east": {"uv": [6, 11, 7, 11.5], "texture": "#handle"},
				"south": {"uv": [8.5, 10.5, 9, 11], "texture": "#handle"},
				"up": {"uv": [6.5, 10.5, 7, 11.5], "texture": "#handle"}
			}
		},
		{
			"from": [13, -4, 6],
			"to": [14, -3.5, 7],
			"faces": {
				"north": {"uv": [9.5, 11, 8.5, 11.5], "texture": "#handle"},
				"east": {"uv": [6.5, 11, 7.5, 11.5], "texture": "#handle"},
				"south": {"uv": [8.5, 11, 9.5, 11.5], "texture": "#handle"},
				"up": {"uv": [5.5, 10.5, 6.5, 11.5], "texture": "#handle"}
			}
		},
		{
			"from": [8, -5.5, 5.75],
			"to": [14.5, -4.5, 7.25],
			"faces": {
				"north": {"uv": [9, 10.5, 2.5, 11.5], "texture": "#handle"},
				"east": {"uv": [12.5, 11, 14, 11.5], "texture": "#handle"},
				"south": {"uv": [3.5, 12, 10, 13], "texture": "#handle"},
				"west": {"uv": [11.5, 10, 13, 10.5], "texture": "#handle"},
				"down": {"uv": [10, 13, 3.5, 12.5], "texture": "#handle"}
			}
		},
		{
			"from": [7, 10.5, 5.5],
			"to": [9, 13, 6],
			"faces": {
				"north": {"uv": [11.5, 9, 13.5, 11.5], "texture": "#handle"},
				"east": {"uv": [12.5, 7.5, 13, 10], "texture": "#handle"},
				"south": {"uv": [11.5, 8, 13.5, 10.5], "texture": "#handle"},
				"west": {"uv": [12.5, 8, 13, 10.5], "texture": "#handle"}
			}
		},
		{
			"from": [8.5, -6, 5.75],
			"to": [14.5, -5.5, 7.25],
			"faces": {
				"north": {"uv": [2.5, 10, 8.5, 10.5], "texture": "#handle"},
				"east": {"uv": [6.5, 11.5, 8, 12], "texture": "#handle"},
				"south": {"uv": [4, 13, 10, 13.5], "texture": "#handle"},
				"west": {"uv": [4, 13, 5, 13.5], "texture": "#handle"},
				"down": {"uv": [13, 13, 15, 12.5], "texture": "#handle"}
			}
		},
		{
			"from": [8.5, -7, 6],
			"to": [13.5, -6, 7],
			"faces": {
				"north": {"uv": [7, 9, 2, 10], "texture": "#handle"},
				"east": {"uv": [8.5, 13.5, 9.5, 14], "texture": "#handle"},
				"south": {"uv": [4, 13.5, 9, 14.5], "texture": "#handle"},
				"west": {"uv": [6.5, 11.5, 7.5, 12], "texture": "#handle"},
				"down": {"uv": [4, 14.5, 9, 14], "texture": "#handle"}
			}
		},
		{
			"from": [13.5, -6.5, 6],
			"to": [14, -6, 7],
			"faces": {
				"north": {"uv": [9.5, 13, 10, 13.5], "texture": "#handle"},
				"east": {"uv": [9, 13, 10, 13.5], "texture": "#handle"},
				"south": {"uv": [9, 13, 9.5, 13.5], "texture": "#handle"},
				"down": {"uv": [9, 14.5, 8.5, 13.5], "texture": "#handle"}
			}
		},
		{
			"from": [10.5, -9, 6.25],
			"to": [11.5, -8.5, 6.75],
			"faces": {
				"north": {"uv": [12, 9, 13, 9.5], "texture": "#handle"},
				"east": {"uv": [12, 7.5, 12.5, 8], "texture": "#handle"},
				"south": {"uv": [13.5, 11, 14.5, 11.5], "texture": "#handle"},
				"west": {"uv": [12.5, 12, 13, 12.5], "texture": "#handle"},
				"down": {"uv": [6, 16, 5, 15.5], "texture": "#handle"}
			}
		},
		{
			"from": [6.5, 2, 6],
			"to": [8, 4, 7],
			"faces": {
				"north": {"uv": [3.5, 3, 2, 5], "texture": "#handle"},
				"east": {"uv": [2.5, 3.5, 3.5, 5], "texture": "#handle"},
				"south": {"uv": [2, 3, 3.5, 5], "texture": "#handle"},
				"west": {"uv": [1.5, 3, 2.5, 5], "texture": "#handle"},
				"up": {"uv": [1.5, 5, 3, 6], "texture": "#handle"}
			}
		},
		{
			"from": [6.5, -0.5, 6],
			"to": [8.5, 2, 7],
			"faces": {
				"north": {"uv": [4, 5, 2, 7], "texture": "#handle"},
				"east": {"uv": [3.5, 5, 4, 7], "texture": "#handle"},
				"south": {"uv": [2, 5, 4, 7], "texture": "#handle"},
				"west": {"uv": [2, 6, 3, 8], "texture": "#handle"},
				"up": {"uv": [2, 5, 4, 5.5], "texture": "#handle"}
			}
		},
		{
			"from": [8.5, 0, 6],
			"to": [9, 0.5, 7],
			"faces": {
				"north": {"uv": [4.5, 7.5, 5, 8], "texture": "#handle"},
				"east": {"uv": [4.5, 7.5, 5.5, 8], "texture": "#handle"},
				"south": {"uv": [4.5, 7.5, 5, 8], "texture": "#handle"},
				"up": {"uv": [5.5, 8, 6, 9], "texture": "#handle"}
			}
		},
		{
			"from": [8.5, -0.5, 6],
			"to": [9.5, 0, 7],
			"faces": {
				"north": {"uv": [5.5, 8, 4.5, 8.5], "texture": "#handle"},
				"east": {"uv": [4, 13.5, 5, 14], "texture": "#handle"},
				"south": {"uv": [4.5, 8, 5.5, 8.5], "texture": "#handle"},
				"up": {"uv": [4, 13, 5, 14], "texture": "#handle"}
			}
		},
		{
			"from": [8.5, -7.5, 6],
			"to": [13, -7, 7],
			"faces": {
				"north": {"uv": [7, 10.5, 2.5, 11], "texture": "#handle"},
				"east": {"uv": [9, 13, 10, 13.5], "texture": "#handle"},
				"south": {"uv": [4, 14.5, 8.5, 15], "texture": "#handle"},
				"west": {"uv": [6.5, 11.5, 7.5, 12], "texture": "#handle"},
				"down": {"uv": [4, 15, 8.5, 14.5], "texture": "#handle"}
			}
		},
		{
			"from": [9, -8, 6],
			"to": [12.5, -7.5, 7],
			"faces": {
				"north": {"uv": [8, 15, 4.5, 15.5], "texture": "#handle"},
				"east": {"uv": [7, 11.5, 8, 12], "texture": "#handle"},
				"south": {"uv": [4.5, 15, 8, 15.5], "texture": "#handle"},
				"west": {"uv": [6, 11.5, 7, 12], "texture": "#handle"},
				"down": {"uv": [8, 15.5, 4.5, 15], "texture": "#handle"}
			}
		},
		{
			"from": [13, 17, 2.75],
			"to": [13.5, 20.5, 3.25],
			"faces": {
				"north": {"uv": [2.5, 5.5, 3, 9], "texture": "#north"},
				"east": {"uv": [12.5, 6.5, 13, 7], "texture": "#up"},
				"south": {"uv": [10, 7, 10.5, 7.5], "texture": "#south"},
				"west": {"uv": [8, 5, 8.5, 5.5], "texture": "#up"},
				"up": {"uv": [8.5, 4, 9, 4.5], "texture": "#up"},
				"down": {"uv": [8.5, 5.5, 8, 5], "texture": "#up"}
			}
		},
		{
			"from": [8.5, 22.5, 9.75],
			"to": [9, 24.5, 10.25],
			"faces": {
				"north": {"uv": [7, 0, 7.5, 0], "texture": "#north"},
				"east": {"uv": [12.5, 6.5, 13, 7], "texture": "#up"},
				"south": {"uv": [8.5, 2, 9, 4], "texture": "#south"},
				"west": {"uv": [12.5, 6.5, 13, 7], "texture": "#up"},
				"up": {"uv": [12.5, 6.5, 13, 7], "texture": "#up"}
			}
		},
		{
			"from": [10, 18, 10.25],
			"to": [11, 20.5, 10.75],
			"faces": {
				"north": {"uv": [5, 9.5, 6, 12], "texture": "#north"},
				"east": {"uv": [8, 3, 8.5, 4], "texture": "#up"},
				"west": {"uv": [10.25, 0, 10.75, 0], "texture": "#up"},
				"up": {"uv": [13.5, 6, 12.5, 6.5], "texture": "#up"},
				"down": {"uv": [13.5, 7, 12.5, 6.5], "texture": "#up"}
			}
		},
		{
			"from": [10.5, 17, 10.25],
			"to": [11, 18, 10.75],
			"faces": {
				"north": {"uv": [10, 6, 10.5, 7], "texture": "#north"},
				"east": {"uv": [13, 6.5, 13.5, 7], "texture": "#up"},
				"west": {"uv": [13, 6.5, 13.5, 7], "texture": "#up"},
				"down": {"uv": [13.5, 7, 13, 6.5], "texture": "#up"}
			}
		},
		{
			"from": [11, 18, 10.25],
			"to": [12, 19, 10.75],
			"faces": {
				"north": {"uv": [4, 0, 5, 0], "texture": "#north"},
				"east": {"uv": [10, 5.5, 10.5, 6], "texture": "#up"},
				"up": {"uv": [13.5, 6, 12.5, 6.5], "texture": "#up"},
				"down": {"uv": [13.5, 6.5, 12.5, 6], "texture": "#up"}
			}
		},
		{
			"from": [10, 16, 10.25],
			"to": [10.5, 17, 10.75],
			"faces": {
				"north": {"uv": [2.5, 5.5, 3, 6.5], "texture": "#north"},
				"east": {"uv": [8, 5, 8.5, 5.5], "texture": "#up"},
				"west": {"uv": [8, 5, 8.5, 5.5], "texture": "#up"},
				"up": {"uv": [8, 5, 8.5, 5.5], "texture": "#up"},
				"down": {"uv": [13.5, 7, 13, 6.5], "texture": "#up"}
			}
		},
		{
			"from": [9.5, 15, 10.25],
			"to": [10, 16, 10.75],
			"faces": {
				"north": {"uv": [3, 8, 3.5, 9], "texture": "#north"},
				"east": {"uv": [13, 6, 13.5, 7], "texture": "#up"},
				"west": {"uv": [13, 6, 13.5, 7], "texture": "#up"},
				"up": {"uv": [12.5, 6.5, 13, 7], "texture": "#up"},
				"down": {"uv": [13, 7, 12.5, 6.5], "texture": "#up"}
			}
		},
		{
			"from": [1, 18, 9.75],
			"to": [2, 18.5, 10.25],
			"faces": {
				"north": {"uv": [2.5, 6, 3.5, 6.5], "texture": "#north"},
				"east": {"uv": [13, 6.5, 13.5, 7], "texture": "#up"},
				"south": {"uv": [1.5, 7.5, 2.5, 8], "texture": "#south"},
				"west": {"uv": [13, 6.5, 13.5, 7], "texture": "#up"},
				"up": {"uv": [12.5, 6.5, 13.5, 7], "texture": "#up"},
				"down": {"uv": [13.5, 7, 12.5, 6.5], "texture": "#up"}
			}
		},
		{
			"from": [0.5, 18.5, 9.75],
			"to": [1.5, 19, 10.25],
			"faces": {
				"north": {"uv": [2.5, 7.5, 3, 8], "texture": "#north"},
				"east": {"uv": [11.5, 5.5, 12, 6], "texture": "#up"},
				"south": {"uv": [1, 7, 2, 7.5], "texture": "#south"},
				"west": {"uv": [11, 5.5, 11.5, 6], "texture": "#up"},
				"up": {"uv": [11.5, 6, 12.5, 6.5], "texture": "#up"},
				"down": {"uv": [13, 6.5, 12, 6], "texture": "#up"}
			}
		},
		{
			"from": [12, 20.5, 2.75],
			"to": [12.5, 21.5, 3.25],
			"faces": {
				"north": {"uv": [3.5, 4.5, 4, 5.5], "texture": "#north"},
				"east": {"uv": [8, 4.5, 8.5, 5.5], "texture": "#up"},
				"south": {"uv": [10.5, 6.5, 11, 7.5], "texture": "#south"},
				"west": {"uv": [8, 4.5, 8.5, 5.5], "texture": "#up"},
				"up": {"uv": [12.5, 6, 13, 7], "texture": "#up"},
				"down": {"uv": [8.5, 4.5, 8, 3.5], "texture": "#up"}
			}
		},
		{
			"from": [12.5, 19.5, 2.75],
			"to": [13, 21, 3.25],
			"faces": {
				"north": {"uv": [3, 5, 3.5, 6.5], "texture": "#north"},
				"east": {"uv": [12.5, 6.5, 13, 7], "texture": "#up"},
				"south": {"uv": [10.5, 8.5, 11, 9], "texture": "#south"},
				"west": {"uv": [12.5, 6.5, 13, 7], "texture": "#up"},
				"up": {"uv": [12.5, 6.5, 13, 7], "texture": "#up"},
				"down": {"uv": [13, 7, 12.5, 6.5], "texture": "#up"}
			}
		},
		{
			"from": [12.5, 16.5, 2.75],
			"to": [13, 18, 3.25],
			"faces": {
				"north": {"uv": [3, 8, 3.5, 9.5], "texture": "#north"},
				"east": {"uv": [8, 3, 8.5, 4.5], "texture": "#up"},
				"south": {"uv": [11, 7.75, 11.5, 8.25], "texture": "#south"},
				"west": {"uv": [8, 3, 8.5, 4.5], "texture": "#up"},
				"up": {"uv": [12.5, 6.5, 13, 7], "texture": "#up"},
				"down": {"uv": [10, 6, 9.5, 5.5], "texture": "#up"}
			}
		},
		{
			"from": [12, 16, 2.75],
			"to": [12.5, 17, 3.25],
			"faces": {
				"north": {"uv": [2.5, 6, 3, 7], "texture": "#north"},
				"east": {"uv": [8, 3.5, 8.5, 4.5], "texture": "#up"},
				"south": {"uv": [11, 8, 11.5, 8.5], "texture": "#south"},
				"west": {"uv": [8, 3.5, 8.5, 4.5], "texture": "#up"},
				"up": {"uv": [13, 6.5, 13.5, 7], "texture": "#up"},
				"down": {"uv": [12, 6, 11.5, 5.5], "texture": "#up"}
			}
		},
		{
			"from": [11, 15.5, 2.75],
			"to": [12, 16.5, 3.25],
			"faces": {
				"north": {"uv": [4, 9.5, 5, 10.5], "texture": "#north"},
				"east": {"uv": [12.5, 6.5, 13, 7], "texture": "#up"},
				"south": {"uv": [8.5, 1.5, 9.5, 2], "texture": "#south"},
				"west": {"uv": [12.5, 6.5, 13, 7], "texture": "#up"},
				"up": {"uv": [12.5, 6.5, 13.5, 7], "texture": "#up"},
				"down": {"uv": [13.5, 7, 12.5, 6.5], "texture": "#up"}
			}
		},
		{
			"from": [10, 15.5, 2.75],
			"to": [11, 16, 3.25],
			"faces": {
				"north": {"uv": [5, 10, 6, 10.5], "texture": "#north"},
				"south": {"uv": [8.5, 1.5, 9.5, 2], "texture": "#south"},
				"west": {"uv": [12.5, 6.5, 13, 7], "texture": "#up"},
				"up": {"uv": [12.5, 6.5, 13.5, 7], "texture": "#up"},
				"down": {"uv": [13.5, 7, 12.5, 6.5], "texture": "#up"}
			}
		},
		{
			"from": [3, 21.5, 2.75],
			"to": [4, 22, 3.25],
			"faces": {
				"north": {"uv": [12, 4, 13, 4.5], "texture": "#north"},
				"east": {"uv": [12.5, 6.5, 13, 7], "texture": "#up"},
				"south": {"uv": [1.5, 7.5, 2.5, 8], "texture": "#south"},
				"west": {"uv": [12.5, 6.5, 13, 7], "texture": "#up"},
				"up": {"uv": [12.5, 6.5, 13.5, 7], "texture": "#up"},
				"down": {"uv": [13.5, 7, 12.5, 6.5], "texture": "#up"}
			}
		},
		{
			"from": [4, 21, 2.75],
			"to": [5, 21.5, 3.25],
			"faces": {
				"north": {"uv": [11, 4.5, 12, 5], "texture": "#north"},
				"east": {"uv": [12.5, 6.5, 13, 7], "texture": "#up"},
				"south": {"uv": [1.5, 7.5, 2.5, 8], "texture": "#south"},
				"west": {"uv": [12.5, 6.5, 13, 7], "texture": "#up"},
				"up": {"uv": [12.5, 6.5, 13.5, 7], "texture": "#up"},
				"down": {"uv": [13.5, 7, 12.5, 6.5], "texture": "#up"}
			}
		},
		{
			"from": [1.5, 22, 2.75],
			"to": [3, 22.5, 3.25],
			"faces": {
				"north": {"uv": [13, 3.5, 14.5, 4], "texture": "#north"},
				"east": {"uv": [12.5, 6.5, 13, 7], "texture": "#up"},
				"south": {"uv": [10, 8.5, 11.5, 9], "texture": "#south"},
				"west": {"uv": [12, 6.5, 12.5, 7], "texture": "#up"},
				"up": {"uv": [11.5, 6.5, 13, 7], "texture": "#up"},
				"down": {"uv": [11.5, 7, 13, 6.5], "texture": "#up"}
			}
		},
		{
			"from": [4, 12.5, 4.5],
			"to": [8.5, 13, 6],
			"faces": {
				"north": {"uv": [15.5, 0.5, 11, 1], "texture": "#handle"},
				"south": {"uv": [11, 0.5, 15.5, 1], "texture": "#handle"},
				"west": {"uv": [11.5, 2.5, 13, 3], "texture": "#handle"},
				"down": {"uv": [14.5, 1.5, 10, 1], "texture": "#handle"}
			}
		},
		{
			"from": [5, 12, 5],
			"to": [8.5, 12.5, 6],
			"faces": {
				"north": {"uv": [11.5, 1, 15, 1.5], "texture": "#handle"},
				"west": {"uv": [14, 1.5, 15, 2], "texture": "#handle"},
				"down": {"uv": [10.5, 2, 7, 1], "texture": "#handle"}
			}
		},
		{
			"from": [4.5, 10.5, 8.5],
			"to": [8.5, 11, 9],
			"faces": {
				"east": {"uv": [13, 2, 13.5, 2.5], "texture": "#handle"},
				"south": {"uv": [10, 2, 14, 2.5], "texture": "#handle"},
				"west": {"uv": [8.5, 3, 9, 3.5], "texture": "#handle"},
				"down": {"uv": [8, 3.5, 12, 3], "texture": "#handle"}
			}
		},
		{
			"from": [5.5, 10, 8],
			"to": [8.5, 10.5, 8.5],
			"faces": {
				"east": {"uv": [11.5, 3, 12, 3.5], "texture": "#handle"},
				"south": {"uv": [8.5, 3, 11, 3.5], "texture": "#handle"},
				"west": {"uv": [8, 3.5, 8.5, 4], "texture": "#handle"},
				"down": {"uv": [12.5, 2, 10, 1.5], "texture": "#handle"}
			}
		},
		{
			"from": [6.5, 0, 5.75],
			"to": [8, 1, 6.25],
			"faces": {
				"north": {"uv": [3.5, 5.5, 2, 6.5], "texture": "#handle"},
				"east": {"uv": [3, 5.5, 3.5, 6.5], "texture": "#handle"},
				"west": {"uv": [2.5, 5.5, 3, 6.5], "texture": "#handle"},
				"up": {"uv": [2, 6, 3.5, 6.5], "texture": "#handle"},
				"down": {"uv": [3.5, 6.5, 2, 6], "texture": "#handle"}
			}
		},
		{
			"from": [7, -1.5, 5.75],
			"to": [9, 0, 6.25],
			"faces": {
				"north": {"uv": [3.5, 6.5, 1.5, 7.5], "texture": "#handle"},
				"east": {"uv": [9.5, 5, 10, 5.5], "texture": "#handle"},
				"south": {"uv": [1.5, 6.5, 3.5, 7.5], "texture": "#handle"},
				"west": {"uv": [1.5, 6.5, 2, 7], "texture": "#handle"},
				"up": {"uv": [1.5, 6.5, 3.5, 7], "texture": "#handle"},
				"down": {"uv": [3.5, 7.5, 1.5, 7], "texture": "#handle"}
			}
		},
		{
			"from": [7.5, -2.5, 5.75],
			"to": [10, -1.5, 6.25],
			"faces": {
				"north": {"uv": [4, 6.5, 1.5, 7.5], "texture": "#handle"},
				"east": {"uv": [3.5, 7, 4, 7.5], "texture": "#handle"},
				"south": {"uv": [1.5, 6.5, 4, 7.5], "texture": "#handle"},
				"west": {"uv": [2.5, 8.5, 2, 9], "texture": "#handle"},
				"up": {"uv": [1.5, 6.5, 4, 7], "texture": "#handle"}
			}
		},
		{
			"from": [9, -1.5, 5.75],
			"to": [9.5, -1, 6.25],
			"faces": {
				"north": {"uv": [5.5, 9.5, 6, 10], "texture": "#handle"},
				"east": {"uv": [10, 6.5, 10.5, 7], "texture": "#handle"},
				"south": {"uv": [5.5, 9.5, 6, 10], "texture": "#handle"},
				"up": {"uv": [5.5, 9.5, 6, 10], "texture": "#handle"}
			}
		},
		{
			"from": [8.5, -3, 7],
			"to": [9.5, -2.5, 7.5],
			"faces": {
				"north": {"uv": [5, 10, 4, 10.5], "texture": "#handle"},
				"east": {"uv": [4.5, 10, 5, 10.5], "texture": "#handle"},
				"south": {"uv": [4, 10, 5, 10.5], "texture": "#handle"},
				"west": {"uv": [4, 10, 4.5, 10.5], "texture": "#handle"},
				"up": {"uv": [4, 10, 5, 10.5], "texture": "#handle"}
			}
		},
		{
			"from": [8.5, -3.5, 7],
			"to": [11.5, -3, 7.5],
			"faces": {
				"north": {"uv": [4.5, 11, 7.25, 11.5], "texture": "#handle"},
				"east": {"uv": [4, 10.5, 4.5, 11], "texture": "#handle"},
				"south": {"uv": [4, 10.5, 7, 11], "texture": "#handle"},
				"west": {"uv": [4, 10.5, 4.5, 11], "texture": "#handle"},
				"up": {"uv": [4.5, 10.5, 7.25, 11], "texture": "#handle"},
				"down": {"uv": [7.5, 11, 4.75, 10.5], "texture": "#handle"}
			}
		},
		{
			"from": [9.5, -4.5, 7],
			"to": [13, -4, 7.5],
			"faces": {
				"north": {"uv": [5, 11.5, 8.5, 12], "texture": "#handle"},
				"east": {"uv": [6.5, 11.5, 7, 12], "texture": "#handle"},
				"south": {"uv": [5, 11.5, 8.5, 12], "texture": "#handle"},
				"west": {"uv": [6.5, 11.5, 7, 12], "texture": "#handle"},
				"up": {"uv": [5, 11.5, 8.5, 12], "texture": "#handle"},
				"down": {"uv": [8.5, 12, 5, 11.5], "texture": "#handle"}
			}
		},
		{
			"from": [9, -4, 7],
			"to": [12.5, -3.5, 7.5],
			"faces": {
				"north": {"uv": [4.5, 11, 8, 11.5], "texture": "#handle"},
				"east": {"uv": [7.5, 11, 8, 11.5], "texture": "#handle"},
				"south": {"uv": [4.5, 11, 8, 11.5], "texture": "#handle"},
				"west": {"uv": [4.5, 11, 5, 11.5], "texture": "#handle"},
				"up": {"uv": [4.5, 11, 8, 11.5], "texture": "#handle"},
				"down": {"uv": [8, 11.5, 4.5, 11], "texture": "#handle"}
			}
		},
		{
			"from": [8, -2.5, 6.75],
			"to": [9, -2, 7.25],
			"faces": {
				"north": {"uv": [4.5, 9.5, 3.5, 10], "texture": "#handle"},
				"east": {"uv": [4, 9.5, 4.5, 10], "texture": "#handle"},
				"south": {"uv": [3.5, 9.5, 4.5, 10], "texture": "#handle"},
				"west": {"uv": [3.5, 8.5, 4, 9], "texture": "#handle"},
				"up": {"uv": [3, 8.5, 4, 9], "texture": "#handle"}
			}
		},
		{
			"from": [8, -2, 6.75],
			"to": [8.5, -1, 7.25],
			"faces": {
				"north": {"uv": [4, 9.5, 4.5, 10], "texture": "#handle"},
				"east": {"uv": [6, 10.5, 6.5, 11], "texture": "#handle"},
				"south": {"uv": [3.5, 9, 4, 9.5], "texture": "#handle"},
				"west": {"uv": [5.5, 10.5, 6, 11], "texture": "#handle"},
				"up": {"uv": [3.5, 8.5, 4, 9], "texture": "#handle"}
			}
		},
		{
			"from": [10, -7, 7],
			"to": [10.5, -4.5, 7.5],
			"faces": {
				"north": {"uv": [5.5, 12, 6, 14.5], "texture": "#handle"},
				"east": {"uv": [6, 13.5, 6.5, 14], "texture": "#handle"},
				"south": {"uv": [5.5, 12, 6, 14.5], "texture": "#handle"},
				"west": {"uv": [5.5, 12, 6, 12.5], "texture": "#handle"},
				"down": {"uv": [6, 12.5, 5.5, 12], "texture": "#handle"}
			}
		},
		{
			"from": [9.5, -8.5, 6],
			"to": [12.5, -8, 7],
			"faces": {
				"north": {"uv": [5, 15.5, 8, 16], "texture": "#handle"},
				"east": {"uv": [13, 11, 14, 11.5], "texture": "#handle"},
				"south": {"uv": [5, 15.5, 8, 16], "texture": "#handle"},
				"west": {"uv": [5, 15.5, 6, 16], "texture": "#handle"},
				"down": {"uv": [8, 16, 5, 15.5], "texture": "#handle"}
			}
		},
		{
			"from": [9.5, -6.5, 6.75],
			"to": [13.5, -6, 7.25],
			"faces": {
				"north": {"uv": [7.5, 10.5, 3.5, 11], "texture": "#handle"},
				"east": {"uv": [8.5, 14, 9, 14.5], "texture": "#handle"},
				"south": {"uv": [5, 13.5, 9, 14], "texture": "#handle"},
				"west": {"uv": [5.5, 13.5, 6, 14], "texture": "#handle"},
				"down": {"uv": [5, 14, 9, 13.5], "texture": "#handle"}
			}
		},
		{
			"from": [4.5, 20.5, 2.75],
			"to": [5, 21, 3.25],
			"faces": {
				"north": {"uv": [11, 5, 11.5, 5.5], "texture": "#north"},
				"east": {"uv": [13, 6, 13.5, 6.5], "texture": "#up"},
				"south": {"uv": [10, 10, 10.5, 10.5], "texture": "#south"},
				"west": {"uv": [8, 5, 8.5, 5.5], "texture": "#up"},
				"down": {"uv": [9, 4.5, 8.5, 4], "texture": "#up"}
			}
		},
		{
			"from": [10.5, -7.5, 6.75],
			"to": [12.5, -6.5, 7.25],
			"faces": {
				"north": {"uv": [6, 14, 8, 15], "texture": "#handle"},
				"east": {"uv": [8.5, 14, 9, 14.5], "texture": "#handle"},
				"south": {"uv": [6, 14, 8, 15], "texture": "#handle"},
				"west": {"uv": [6, 14.5, 6.5, 15], "texture": "#handle"},
				"down": {"uv": [8, 15, 6, 14.5], "texture": "#handle"}
			}
		},
		{
			"from": [11.5, -8, 6.75],
			"to": [12.5, -7.5, 7.25],
			"faces": {
				"north": {"uv": [7, 14.5, 8, 15], "texture": "#handle"},
				"east": {"uv": [8.5, 14, 9, 14.5], "texture": "#handle"},
				"south": {"uv": [7, 14.5, 8, 15], "texture": "#handle"},
				"west": {"uv": [6.5, 14, 7, 14.5], "texture": "#handle"},
				"down": {"uv": [8, 15, 7, 14.5], "texture": "#handle"}
			}
		},
		{
			"from": [12.5, -7, 6.75],
			"to": [13, -6.5, 7.25],
			"faces": {
				"north": {"uv": [8, 14, 8.5, 14.5], "texture": "#handle"},
				"east": {"uv": [8, 14, 8.5, 14.5], "texture": "#handle"},
				"south": {"uv": [8, 14, 8.5, 14.5], "texture": "#handle"},
				"down": {"uv": [8.5, 14.5, 8, 14], "texture": "#handle"}
			}
		},
		{
			"from": [13, -5, 7],
			"to": [13.5, -4.5, 7.5],
			"faces": {
				"north": {"uv": [8.5, 12, 9, 12.5], "texture": "#handle"},
				"east": {"uv": [8.5, 12, 9, 12.5], "texture": "#handle"},
				"south": {"uv": [8.5, 12, 9, 12.5], "texture": "#handle"},
				"west": {"uv": [8.5, 12, 9, 12.5], "texture": "#handle"},
				"up": {"uv": [8.5, 12, 9, 12.5], "texture": "#handle"},
				"down": {"uv": [9, 12.5, 8.5, 12], "texture": "#handle"}
			}
		},
		{
			"from": [13.5, -5.5, 7],
			"to": [14, -5, 7.5],
			"faces": {
				"north": {"uv": [9, 12.5, 9.5, 13], "texture": "#handle"},
				"east": {"uv": [9, 12.5, 9.5, 13], "texture": "#handle"},
				"south": {"uv": [9, 12.5, 9.5, 13], "texture": "#handle"},
				"west": {"uv": [9, 12.5, 9.5, 13], "texture": "#handle"},
				"up": {"uv": [9, 12.5, 9.5, 13], "texture": "#handle"},
				"down": {"uv": [9.5, 13, 9, 12.5], "texture": "#handle"}
			}
		},
		{
			"from": [0.5, 20, 3.5],
			"to": [1.5, 20.5, 4],
			"faces": {
				"north": {"uv": [5.5, 11.5, 6.5, 12], "texture": "#north"},
				"east": {"uv": [5, 4, 5.5, 4.5], "texture": "#up"},
				"south": {"uv": [7.5, 11.5, 10, 12], "texture": "#south"},
				"down": {"uv": [7.5, 4.5, 5, 4], "texture": "#up"}
			}
		},
		{
			"from": [10.5, 14.5, 9.5],
			"to": [11, 15, 10.5],
			"faces": {
				"east": {"uv": [10, 6, 10.5, 6.5], "texture": "#up"},
				"south": {"uv": [7, 11.5, 7.5, 12], "texture": "#south"},
				"down": {"uv": [10.5, 6.5, 10, 6], "texture": "#up"}
			}
		},
		{
			"from": [11, 15, 9.5],
			"to": [11.5, 16, 10.5],
			"faces": {
				"east": {"uv": [10, 6, 10.5, 6.5], "texture": "#up"},
				"south": {"uv": [7, 11.5, 7.5, 12], "texture": "#south"},
				"down": {"uv": [10.5, 6.5, 10, 6], "texture": "#up"}
			}
		},
		{
			"from": [8.5, 16, 9.5],
			"to": [9, 16.5, 10.5],
			"faces": {
				"south": {"uv": [7, 11.5, 7.5, 12], "texture": "#south"},
				"west": {"uv": [14.5, 4, 15, 4.5], "texture": "#up"},
				"up": {"uv": [9, 6, 9.5, 6.5], "texture": "#up"}
			}
		},
		{
			"from": [2.5, 15, 3.75],
			"to": [5.5, 18, 9.25],
			"faces": {
				"north": {"uv": [15.5, 13, 12.5, 16], "texture": "#north"},
				"east": {"uv": [8.5, 12, 14, 12.5], "texture": "#up"},
				"south": {"uv": [16, 13, 13, 16], "texture": "#south"},
				"west": {"uv": [9, 11.5, 14.5, 12], "texture": "#up"},
				"up": {"uv": [9.5, 7.5, 12.25, 13], "texture": "#up"},
				"down": {"uv": [12.5, 13.5, 9.75, 8], "texture": "#up"}
			}
		},
		{
			"from": [2, 18, 3.75],
			"to": [5, 21, 9.25],
			"faces": {
				"north": {"uv": [15.5, 13, 12.5, 16], "texture": "#north"},
				"east": {"uv": [8.5, 12, 14, 12.5], "texture": "#up"},
				"south": {"uv": [15, 13, 12, 16], "texture": "#south"},
				"west": {"uv": [9, 11.5, 14.5, 12], "texture": "#up"},
				"up": {"uv": [9.5, 7.5, 12.25, 13], "texture": "#up"},
				"down": {"uv": [12.5, 13.5, 9.75, 8], "texture": "#up"}
			}
		},
		{
			"from": [12, 15.5, 4],
			"to": [15, 18.5, 9],
			"faces": {
				"north": {"uv": [15.5, 13, 12.5, 16], "texture": "#north"},
				"east": {"uv": [8.5, 12, 14, 12.5], "texture": "#up"},
				"south": {"uv": [16, 13, 13, 16], "texture": "#south"},
				"west": {"uv": [9, 11.5, 14.5, 12], "texture": "#up"},
				"down": {"uv": [12.5, 13.5, 9.75, 8], "texture": "#up"}
			}
		},
		{
			"from": [9.5, 16.5, 3.75],
			"to": [12.5, 19.5, 9.25],
			"faces": {
				"north": {"uv": [15.5, 13, 12.5, 16], "texture": "#north"},
				"east": {"uv": [8.5, 12, 14, 12.5], "texture": "#up"},
				"south": {"uv": [16, 13, 13, 16], "texture": "#south"},
				"west": {"uv": [9, 11.5, 14.5, 12], "texture": "#up"},
				"up": {"uv": [9.5, 7.5, 12.25, 13], "texture": "#up"},
				"down": {"uv": [12.5, 13.5, 9.75, 8], "texture": "#up"}
			}
		},
		{
			"from": [7.5, 19.5, 3.75],
			"to": [10.5, 22.5, 9.25],
			"faces": {
				"north": {"uv": [15.5, 13, 12.5, 16], "texture": "#north"},
				"east": {"uv": [8.5, 12, 14, 12.5], "texture": "#up"},
				"south": {"uv": [16, 13, 13, 16], "texture": "#south"},
				"west": {"uv": [9, 11.5, 14.5, 12], "texture": "#up"},
				"up": {"uv": [9.5, 7.5, 12.25, 13], "texture": "#up"},
				"down": {"uv": [12.5, 13.5, 9.75, 8], "texture": "#up"}
			}
		},
		{
			"from": [7.5, 15, 9.5],
			"to": [8, 15.5, 10.5],
			"faces": {
				"south": {"uv": [7, 11.5, 7.5, 12], "texture": "#south"},
				"west": {"uv": [14.5, 4, 15, 4.5], "texture": "#up"},
				"up": {"uv": [9, 6, 9.5, 6.5], "texture": "#up"}
			}
		},
		{
			"from": [9, 11, 7.5],
			"to": [9.5, 11.5, 9],
			"faces": {
				"north": {"uv": [11.5, 4.5, 11, 5], "texture": "#handle"},
				"east": {"uv": [12, 2.5, 13.5, 3], "texture": "#handle"},
				"south": {"uv": [9, 4.5, 9.5, 5], "texture": "#handle"},
				"up": {"uv": [11.5, 3.5, 12, 4.5], "texture": "#handle"},
				"down": {"uv": [12, 4, 11.5, 3], "texture": "#handle"}
			}
		}
	],
	"display": {
		"thirdperson_righthand": {
			"rotation": [62, 90, -64],
			"translation": [1.7, 2.27, 1.7],
			"scale": [1.5, 1.5, 1.5]
		},
		"thirdperson_lefthand": {
			"rotation": [62, 90, -64],
			"translation": [1.7, 2.27, 1.7],
			"scale": [-1.5, 1.5, 1.5]
		},
		"firstperson_righthand": {
			"rotation": [0, -90, 60],
			"translation": [1.12, -1.12, -6.61],
			"scale": [-1.6, 1.6, 1.6]
		},
		"firstperson_lefthand": {
			"rotation": [0, -90, 60],
			"translation": [1.12, -1.12, -6.61],
			"scale": [-1.6, 1.6, 1.6]
		},
		"ground": {
			"translation": [0, 13.42, 0]
		},
		"gui": {
			"rotation": [0, 0, 45],
			"scale": [0.8, 0.8, 0.8]
		}
	}
}