{
	"credit": "Made with Blockbench",
	"textures": {
		"texture": "customitem/bow_standby"
	},
	"elements": [
		{
			"name": "diamond_sword x64",
			"from": [7.5, 9.5, -12],
			"to": [9.5, 9.75, -11.75],
			"faces": {
				"north": {"uv": [0, 6.25, 0.25, 6.5], "texture": "#texture", "cullface": "north"},
				"east": {"uv": [0.25, 6.25, 0, 6.5], "texture": "#texture", "cullface": "north"},
				"south": {"uv": [0.25, 6.25, 0, 6.5], "texture": "#texture", "cullface": "north"},
				"west": {"uv": [0, 6.25, 0.25, 6.5], "texture": "#texture", "cullface": "north"},
				"up": {"uv": [0, 6.25, 0.25, 6.5], "rotation": 90, "texture": "#texture", "cullface": "north"},
				"down": {"uv": [0, 6.5, 0.25, 6.25], "rotation": 270, "texture": "#texture", "cullface": "north"}
			}
		},
		{
			"name": "diamond_sword x64",
			"from": [7.5, 9.75, -11.75],
			"to": [9.5, 10, -10.5],
			"faces": {
				"north": {"uv": [0.25, 6, 0.5, 6.25], "texture": "#texture", "cullface": "north"},
				"east": {"uv": [1.5, 6, 0.25, 6.25], "texture": "#texture", "cullface": "north"},
				"south": {"uv": [1.5, 6, 1.25, 6.25], "texture": "#texture", "cullface": "north"},
				"west": {"uv": [0.25, 6, 1.5, 6.25], "texture": "#texture", "cullface": "north"},
				"up": {"uv": [0.25, 6, 1.5, 6.25], "rotation": 90, "texture": "#texture", "cullface": "north"},
				"down": {"uv": [0.25, 6.25, 1.5, 6], "rotation": 270, "texture": "#texture", "cullface": "north"}
			}
		},
		{
			"name": "diamond_sword x64",
			"from": [7.5, 10, -11.5],
			"to": [9.5, 10.25, -10],
			"faces": {
				"north": {"uv": [0.5, 5.75, 0.75, 6], "texture": "#texture", "cullface": "north"},
				"east": {"uv": [2, 5.75, 0.5, 6], "texture": "#texture", "cullface": "north"},
				"south": {"uv": [2, 5.75, 1.75, 6], "texture": "#texture", "cullface": "north"},
				"west": {"uv": [0.5, 5.75, 2, 6], "texture": "#texture", "cullface": "north"},
				"up": {"uv": [0.5, 5.75, 2, 6], "rotation": 90, "texture": "#texture", "cullface": "north"},
				"down": {"uv": [0.5, 6, 2, 5.75], "rotation": 270, "texture": "#texture", "cullface": "north"}
			}
		},
		{
			"name": "diamond_sword x64",
			"from": [7.5, 10.25, -11.25],
			"to": [9.5, 10.5, -9.5],
			"faces": {
				"north": {"uv": [0.75, 5.5, 1, 5.75], "texture": "#texture", "cullface": "north"},
				"east": {"uv": [2.5, 5.5, 0.75, 5.75], "texture": "#texture", "cullface": "north"},
				"south": {"uv": [2.5, 5.5, 2.25, 5.75], "texture": "#texture", "cullface": "north"},
				"west": {"uv": [0.75, 5.5, 2.5, 5.75], "texture": "#texture", "cullface": "north"},
				"up": {"uv": [0.75, 5.5, 2.5, 5.75], "rotation": 90, "texture": "#texture", "cullface": "north"},
				"down": {"uv": [0.75, 5.75, 2.5, 5.5], "rotation": 270, "texture": "#texture", "cullface": "north"}
			}
		},
		{
			"name": "diamond_sword x64",
			"from": [7.5, 10.5, -11],
			"to": [9.5, 10.75, -5],
			"faces": {
				"north": {"uv": [1, 5.25, 1.25, 5.5], "texture": "#texture", "cullface": "north"},
				"east": {"uv": [7, 5.25, 1, 5.5], "texture": "#texture", "cullface": "north"},
				"south": {"uv": [7, 5.25, 6.75, 5.5], "texture": "#texture", "cullface": "north"},
				"west": {"uv": [1, 5.25, 7, 5.5], "texture": "#texture", "cullface": "north"},
				"up": {"uv": [1, 5.25, 7, 5.5], "rotation": 90, "texture": "#texture", "cullface": "north"},
				"down": {"uv": [1, 5.5, 7, 5.25], "rotation": 270, "texture": "#texture", "cullface": "north"}
			}
		},
		{
			"name": "diamond_sword x64",
			"from": [7.5, 10.75, -10.5],
			"to": [9.5, 11, -5.75],
			"faces": {
				"north": {"uv": [1.5, 5, 1.75, 5.25], "texture": "#texture", "cullface": "north"},
				"east": {"uv": [6.25, 5, 1.5, 5.25], "texture": "#texture", "cullface": "north"},
				"south": {"uv": [6.25, 5, 6, 5.25], "texture": "#texture", "cullface": "north"},
				"west": {"uv": [1.5, 5, 6.25, 5.25], "texture": "#texture", "cullface": "north"},
				"up": {"uv": [1.5, 5, 6.25, 5.25], "rotation": 90, "texture": "#texture", "cullface": "north"}
			}
		},
		{
			"name": "diamond_sword x64",
			"from": [8, 9.5, -10.5],
			"to": [9, 10, -6.25],
			"faces": {
				"north": {"uv": [0.625, 10.5625, 1.625, 11.0625], "texture": "#texture", "cullface": "north"},
				"east": {"uv": [1.75, 1.25, 6.25, 1.5625], "texture": "#texture", "cullface": "north"},
				"south": {"uv": [1.4375, 10.0625, 2.4375, 10.5625], "texture": "#texture", "cullface": "north"},
				"west": {"uv": [1.75, 1.25, 6, 1.5625], "texture": "#texture", "cullface": "north"},
				"up": {"uv": [0, 10.1875, 4.25, 11.1875], "rotation": 90, "texture": "#texture", "cullface": "north"},
				"down": {"uv": [0, 10.125, 4.25, 11.125], "rotation": 270, "texture": "#texture", "cullface": "north"}
			}
		},
		{
			"name": "diamond_sword x64",
			"from": [8, 10, -10],
			"to": [9, 10.25, -7],
			"faces": {
				"east": {"uv": [5.25, 1, 2.25, 1.25], "texture": "#texture", "cullface": "north"},
				"west": {"uv": [2.25, 1, 5.25, 1.25], "texture": "#texture", "cullface": "north"},
				"up": {"uv": [2.25, 1, 5.25, 1.25], "rotation": 90, "texture": "#texture", "cullface": "north"}
			}
		},
		{
			"name": "diamond_sword x64",
			"from": [7.5, 11, -9.75],
			"to": [9.5, 11.25, -7],
			"faces": {
				"north": {"uv": [2.25, 4.75, 2.5, 5], "texture": "#texture", "cullface": "north"},
				"east": {"uv": [5, 4.75, 2.25, 5], "texture": "#texture", "cullface": "north"},
				"south": {"uv": [5, 4.75, 4.75, 5], "texture": "#texture", "cullface": "north"},
				"west": {"uv": [2.25, 4.75, 5, 5], "texture": "#texture", "cullface": "north"},
				"up": {"uv": [2.25, 4.75, 5, 5], "rotation": 90, "texture": "#texture", "cullface": "north"}
			}
		},
		{
			"name": "diamond_sword x64",
			"from": [8.5, 10, -10.25],
			"to": [9.5, 10.25, -9.75],
			"faces": {
				"east": {"uv": [3.25, 0.75, 2.75, 1], "texture": "#texture", "cullface": "north"},
				"south": {"uv": [3.25, 0.75, 3, 1], "texture": "#texture", "cullface": "north"},
				"west": {"uv": [2.75, 0.75, 3.25, 1], "texture": "#texture", "cullface": "north"},
				"down": {"uv": [2.75, 1, 3.25, 0.75], "rotation": 270, "texture": "#texture", "cullface": "north"}
			}
		},
		{
			"name": "diamond_sword x64",
			"from": [7.5, 11.25, -9.25],
			"to": [9.5, 11.5, -8.5],
			"faces": {
				"north": {"uv": [2.75, 4.5, 3, 4.75], "texture": "#texture", "cullface": "north"},
				"east": {"uv": [3.5, 4.5, 2.75, 4.75], "texture": "#texture", "cullface": "north"},
				"south": {"uv": [3.5, 4.5, 3.25, 4.75], "texture": "#texture", "cullface": "north"},
				"west": {"uv": [2.75, 4.5, 3.5, 4.75], "texture": "#texture", "cullface": "north"},
				"up": {"uv": [2.75, 4.5, 3.5, 4.75], "rotation": 90, "texture": "#texture", "cullface": "north"}
			}
		},
		{
			"name": "diamond_sword x64",
			"from": [8, 9.25, -8.5],
			"to": [9, 9.5, -6.75],
			"faces": {
				"north": {"uv": [0, 10.625, 1, 10.875], "texture": "#texture", "cullface": "north"},
				"east": {"uv": [3.75, 1.75, 5.5, 2], "texture": "#texture", "cullface": "north"},
				"south": {"uv": [0, 10.9375, 1, 11.1875], "texture": "#texture", "cullface": "north"},
				"west": {"uv": [3.75, 1.75, 5.5, 2], "texture": "#texture", "cullface": "north"},
				"down": {"uv": [0, 10.125, 1.75, 11.125], "rotation": 270, "texture": "#texture", "cullface": "north"}
			}
		},
		{
			"name": "diamond_sword x64",
			"from": [7.5, 10.25, -9],
			"to": [9.5, 10.5, -8.5],
			"faces": {
				"north": {"uv": [3, 5.5, 3.25, 5.75], "texture": "#texture", "cullface": "north"},
				"east": {"uv": [3.5, 5.5, 3, 5.75], "texture": "#texture", "cullface": "north"},
				"south": {"uv": [3.5, 5.5, 3.25, 5.75], "texture": "#texture", "cullface": "north"},
				"west": {"uv": [3, 5.5, 3.5, 5.75], "texture": "#texture", "cullface": "north"},
				"down": {"uv": [3, 5.75, 3.5, 5.5], "rotation": 270, "texture": "#texture", "cullface": "north"}
			}
		},
		{
			"name": "diamond_sword x64",
			"from": [8.125, 11.5, -8.75],
			"to": [9, 11.75, -8],
			"faces": {
				"north": {"uv": [3.25, 4.25, 3.5, 4.5], "texture": "#texture", "cullface": "north"},
				"east": {"uv": [3.75, 4.25, 3.25, 4.5], "texture": "#texture", "cullface": "north"},
				"south": {"uv": [3.75, 4.25, 3.5, 4.5], "texture": "#texture", "cullface": "north"},
				"west": {"uv": [3.25, 4.25, 3.75, 4.5], "texture": "#texture", "cullface": "north"},
				"up": {"uv": [3.25, 4.25, 3.75, 4.5], "rotation": 90, "texture": "#texture", "cullface": "north"},
				"down": {"uv": [3.25, 4.5, 3.75, 4.25], "rotation": 270, "texture": "#texture", "cullface": "north"}
			}
		},
		{
			"name": "diamond_sword x64",
			"from": [8, 10.25, -8.5],
			"to": [9, 10.5, -8],
			"faces": {
				"east": {"uv": [4.25, 0.75, 3.75, 1], "texture": "#texture", "cullface": "north"},
				"west": {"uv": [3.75, 0.75, 4.25, 1], "texture": "#texture", "cullface": "north"}
			}
		},
		{
			"name": "diamond_sword x64",
			"from": [8, 9, -7.25],
			"to": [9, 9.25, -6.375],
			"faces": {
				"north": {"uv": [0.125, 10.9375, 1.125, 11.1875], "texture": "#texture", "cullface": "north"},
				"east": {"uv": [5, 2, 5.875, 2.25], "texture": "#texture", "cullface": "north"},
				"south": {"uv": [1.0625, 10.375, 2.0625, 10.625], "texture": "#texture", "cullface": "north"},
				"west": {"uv": [5, 2, 5.875, 2.25], "texture": "#texture", "cullface": "north"},
				"up": {"uv": [0.4375, 10.25, 1.3125, 11.25], "rotation": 90, "texture": "#texture", "cullface": "north"},
				"down": {"uv": [0.4375, 10, 1.3125, 11], "rotation": 270, "texture": "#texture", "cullface": "north"}
			}
		},
		{
			"name": "diamond_sword x64",
			"from": [7.5, 10.25, -8],
			"to": [9.5, 10.5, -4],
			"faces": {
				"north": {"uv": [4, 5.5, 4.25, 5.75], "texture": "#texture", "cullface": "north"},
				"east": {"uv": [8, 5.5, 4, 5.75], "texture": "#texture", "cullface": "north"},
				"south": {"uv": [8, 5.5, 7.75, 5.75], "texture": "#texture", "cullface": "north"},
				"west": {"uv": [4, 5.5, 8, 5.75], "texture": "#texture", "cullface": "north"},
				"up": {"uv": [4, 5.5, 8, 5.75], "rotation": 90, "texture": "#texture", "cullface": "north"},
				"down": {"uv": [4, 5.75, 8, 5.5], "rotation": 270, "texture": "#texture", "cullface": "north"}
			}
		},
		{
			"name": "diamond_sword x64",
			"from": [8.125, 11.25, -7.25],
			"to": [9, 11.5, -6.5],
			"faces": {
				"north": {"uv": [4.75, 4.5, 5, 4.75], "texture": "#texture", "cullface": "north"},
				"east": {"uv": [5.25, 4.5, 4.75, 4.75], "texture": "#texture", "cullface": "north"},
				"south": {"uv": [5.25, 4.5, 5, 4.75], "texture": "#texture", "cullface": "north"},
				"west": {"uv": [4.75, 4.5, 5.25, 4.75], "texture": "#texture", "cullface": "north"},
				"up": {"uv": [4.75, 4.5, 5.25, 4.75], "rotation": 90, "texture": "#texture", "cullface": "north"},
				"down": {"uv": [4.75, 4.75, 5.25, 4.5], "rotation": 270, "texture": "#texture", "cullface": "north"}
			}
		},
		{
			"name": "diamond_sword x64",
			"from": [8, 8.75, -7],
			"to": [9, 9, -5.5],
			"faces": {
				"north": {"uv": [7.5, 2.25, 8.5, 2.5], "texture": "#texture", "cullface": "north"},
				"east": {"uv": [5.25, 2.25, 6.75, 2.5], "texture": "#texture", "cullface": "north"},
				"south": {"uv": [7.5, 2.25, 8.5, 2.5], "texture": "#texture", "cullface": "north"},
				"west": {"uv": [5.25, 2.25, 6.75, 2.5], "texture": "#texture", "cullface": "north"},
				"up": {"uv": [0.9375, 10.0625, 2.4375, 11.0625], "rotation": 90, "texture": "#texture", "cullface": "north"},
				"down": {"uv": [0.4375, 10.1875, 1.9375, 11.1875], "rotation": 270, "texture": "#texture", "cullface": "north"}
			}
		},
		{
			"name": "diamond_sword x64",
			"from": [7.5, 10, -7],
			"to": [9.5, 10.25, -3.75],
			"faces": {
				"north": {"uv": [5, 5.75, 5.25, 6], "texture": "#texture", "cullface": "north"},
				"east": {"uv": [8.25, 5.75, 5, 6], "texture": "#texture", "cullface": "north"},
				"south": {"uv": [8.25, 5.75, 8, 6], "texture": "#texture", "cullface": "north"},
				"west": {"uv": [5, 5.75, 8.25, 6], "texture": "#texture", "cullface": "north"},
				"up": {"uv": [5, 5.75, 8.25, 6], "rotation": 90, "texture": "#texture", "cullface": "north"},
				"down": {"uv": [5, 6, 8.25, 5.75], "rotation": 270, "texture": "#texture", "cullface": "north"}
			}
		},
		{
			"name": "diamond_sword x64",
			"from": [8, 8.5, -6.5],
			"to": [9, 8.75, -5.25],
			"faces": {
				"north": {"uv": [7.5, 2.5, 8.5, 2.75], "texture": "#texture", "cullface": "north"},
				"east": {"uv": [5.75, 2.5, 7, 2.75], "texture": "#texture", "cullface": "north"},
				"south": {"uv": [7.5, 2.5, 8.5, 2.75], "texture": "#texture", "cullface": "north"},
				"west": {"uv": [5.75, 2.5, 7, 2.75], "texture": "#texture", "cullface": "north"},
				"up": {"uv": [0, 10.3125, 1.25, 11.3125], "rotation": 90, "texture": "#texture", "cullface": "north"},
				"down": {"uv": [0.3125, 10.125, 1.5625, 11.125], "rotation": 270, "texture": "#texture", "cullface": "north"}
			}
		},
		{
			"name": "diamond_sword x64",
			"from": [8, 8.25, -6.25],
			"to": [9, 8.5, -3.25],
			"faces": {
				"north": {"uv": [7.5, 2.75, 8.5, 3], "texture": "#texture", "cullface": "north"},
				"east": {"uv": [6, 2.75, 9, 3], "texture": "#texture", "cullface": "north"},
				"west": {"uv": [6, 2.75, 9, 3], "texture": "#texture", "cullface": "north"},
				"up": {"uv": [0, 10.1875, 3, 11.1875], "rotation": 90, "texture": "#texture", "cullface": "north"},
				"down": {"uv": [0, 10.4375, 3, 11.4375], "rotation": 270, "texture": "#texture", "cullface": "north"}
			}
		},
		{
			"name": "diamond_sword x64",
			"from": [7.5, 9.75, -6.25],
			"to": [9.5, 10, -3.25],
			"faces": {
				"north": {"uv": [5.75, 6, 6, 6.25], "texture": "#texture", "cullface": "north"},
				"east": {"uv": [8.75, 6, 5.75, 6.25], "texture": "#texture", "cullface": "north"},
				"south": {"uv": [8.75, 6, 8.5, 6.25], "texture": "#texture", "cullface": "north"},
				"west": {"uv": [5.75, 6, 8.75, 6.25], "texture": "#texture", "cullface": "north"},
				"up": {"uv": [5.75, 6, 8.75, 6.25], "rotation": 90, "texture": "#texture", "cullface": "north"},
				"down": {"uv": [5.75, 6.25, 8.75, 6], "rotation": 270, "texture": "#texture", "cullface": "north"}
			}
		},
		{
			"name": "diamond_sword x64",
			"from": [8, 9.25, -6.25],
			"to": [9, 9.75, -5.75],
			"faces": {
				"north": {"uv": [6, 1.5, 6.25, 2], "texture": "#texture", "cullface": "north"},
				"east": {"uv": [6.5, 1.5, 6, 2], "texture": "#texture", "cullface": "north"},
				"south": {"uv": [6.5, 1.5, 6.25, 2], "texture": "#texture", "cullface": "north"},
				"west": {"uv": [6, 1.5, 6.5, 2], "texture": "#texture", "cullface": "north"},
				"down": {"uv": [6, 2, 6.5, 1.75], "rotation": 270, "texture": "#texture", "cullface": "north"}
			}
		},
		{
			"name": "diamond_sword x64",
			"from": [8, 8, -6],
			"to": [9, 8.25, -3.5],
			"faces": {
				"north": {"uv": [7.5, 3, 8.5, 3.25], "texture": "#texture", "cullface": "north"},
				"east": {"uv": [6.25, 3, 8.75, 3.25], "texture": "#texture", "cullface": "north"},
				"south": {"uv": [7.5, 3, 8.5, 3.25], "texture": "#texture", "cullface": "north"},
				"west": {"uv": [6.25, 3, 8.75, 3.25], "texture": "#texture", "cullface": "north"},
				"down": {"uv": [0, 10.5, 2.5, 11.5], "rotation": 270, "texture": "#texture", "cullface": "north"}
			}
		},
		{
			"name": "diamond_sword x64",
			"from": [8.125, 11, -6],
			"to": [9, 11.25, -5.375],
			"faces": {
				"north": {"uv": [6, 4.75, 6.25, 5], "texture": "#texture", "cullface": "north"},
				"east": {"uv": [6.5, 4.75, 6, 5], "texture": "#texture", "cullface": "north"},
				"south": {"uv": [6.5, 4.75, 6.25, 5], "texture": "#texture", "cullface": "north"},
				"west": {"uv": [6, 4.75, 6.5, 5], "texture": "#texture", "cullface": "north"},
				"up": {"uv": [6, 4.75, 6.5, 5], "rotation": 90, "texture": "#texture", "cullface": "north"},
				"down": {"uv": [6, 5, 6.5, 4.75], "rotation": 270, "texture": "#texture", "cullface": "north"}
			}
		},
		{
			"name": "diamond_sword x64",
			"from": [8, 7.75, -5.75],
			"to": [9, 8, -4.375],
			"faces": {
				"north": {"uv": [7, 3.25, 8, 3.5], "texture": "#texture", "cullface": "north"},
				"east": {"uv": [6.5, 3.25, 7.875, 3.5], "texture": "#texture", "cullface": "north"},
				"south": {"uv": [7, 3.25, 8, 3.5], "texture": "#texture", "cullface": "north"},
				"west": {"uv": [6.5, 3.25, 7.875, 3.5], "texture": "#texture", "cullface": "north"},
				"down": {"uv": [0, 10.25, 1.375, 11.25], "rotation": 270, "texture": "#texture", "cullface": "north"}
			}
		},
		{
			"name": "diamond_sword x64",
			"from": [7.5, 9.5, -5.75],
			"to": [9.5, 9.75, -2.5],
			"faces": {
				"north": {"uv": [6.25, 6.25, 6.5, 6.5], "texture": "#texture", "cullface": "north"},
				"east": {"uv": [9.5, 6.25, 6.25, 6.5], "texture": "#texture", "cullface": "north"},
				"south": {"uv": [9.5, 6.25, 9.25, 6.5], "texture": "#texture", "cullface": "north"},
				"west": {"uv": [6.25, 6.25, 9.5, 6.5], "texture": "#texture", "cullface": "north"},
				"up": {"uv": [6.25, 6.25, 9.5, 6.5], "rotation": 90, "texture": "#texture", "cullface": "north"},
				"down": {"uv": [6.25, 6.5, 9.5, 6.25], "rotation": 270, "texture": "#texture", "cullface": "north"}
			}
		},
		{
			"name": "diamond_sword x64",
			"from": [8, 9, -5.75],
			"to": [9, 9.5, -5.25],
			"faces": {
				"north": {"uv": [6.5, 1.75, 6.75, 2.25], "texture": "#texture", "cullface": "north"},
				"east": {"uv": [7, 1.75, 6.5, 2.25], "texture": "#texture", "cullface": "north"},
				"south": {"uv": [7, 1.75, 6.75, 2.25], "texture": "#texture", "cullface": "north"},
				"west": {"uv": [6.5, 1.75, 7, 2.25], "texture": "#texture", "cullface": "north"},
				"down": {"uv": [6.5, 2.25, 7, 2], "rotation": 270, "texture": "#texture", "cullface": "north"}
			}
		},
		{
			"name": "diamond_sword x64",
			"from": [8, 7.5, -5.5],
			"to": [9, 7.75, -4.625],
			"faces": {
				"north": {"uv": [6.75, 3.5, 7.75, 3.75], "texture": "#texture", "cullface": "north"},
				"east": {"uv": [6.75, 3.5, 7.625, 3.75], "texture": "#texture", "cullface": "north"},
				"south": {"uv": [6.75, 3.5, 7.75, 3.75], "texture": "#texture", "cullface": "north"},
				"west": {"uv": [6.75, 3.5, 7.625, 3.75], "texture": "#texture", "cullface": "north"},
				"down": {"uv": [0, 9.875, 0.875, 10.875], "rotation": 270, "texture": "#texture", "cullface": "north"}
			}
		},
		{
			"name": "diamond_sword x64",
			"from": [7.5, 9.25, -5.25],
			"to": [9.5, 9.5, -3],
			"faces": {
				"north": {"uv": [6.75, 6.5, 7, 6.75], "texture": "#texture", "cullface": "north"},
				"east": {"uv": [9, 6.5, 6.75, 6.75], "texture": "#texture", "cullface": "north"},
				"south": {"uv": [9, 6.5, 8.75, 6.75], "texture": "#texture", "cullface": "north"},
				"west": {"uv": [6.75, 6.5, 9, 6.75], "texture": "#texture", "cullface": "north"},
				"down": {"uv": [6.75, 6.75, 9, 6.5], "rotation": 270, "texture": "#texture", "cullface": "north"}
			}
		},
		{
			"name": "diamond_sword x64",
			"from": [8, 8.75, -5.25],
			"to": [9, 9.25, -4.5],
			"faces": {
				"north": {"uv": [7, 2, 7.25, 2.5], "texture": "#texture", "cullface": "north"},
				"east": {"uv": [7.75, 2, 7, 2.5], "texture": "#texture", "cullface": "north"},
				"south": {"uv": [7.75, 2, 7.5, 2.5], "texture": "#texture", "cullface": "north"},
				"west": {"uv": [7, 2, 7.75, 2.5], "texture": "#texture", "cullface": "north"},
				"down": {"uv": [7, 2.5, 7.75, 2.25], "rotation": 270, "texture": "#texture", "cullface": "north"}
			}
		},
		{
			"name": "diamond_sword x64",
			"from": [8, 10.5, -4.5],
			"to": [8.875, 10.75, -3.25],
			"faces": {
				"north": {"uv": [7.5, 5.25, 7.75, 5.5], "texture": "#texture", "cullface": "north"},
				"east": {"uv": [8.5, 5.25, 7.5, 5.5], "texture": "#texture", "cullface": "north"},
				"south": {"uv": [8.5, 5.25, 8.25, 5.5], "texture": "#texture", "cullface": "north"},
				"west": {"uv": [7.5, 5.25, 8.5, 5.5], "texture": "#texture", "cullface": "north"},
				"up": {"uv": [7.5, 5.25, 8.5, 5.5], "rotation": 90, "texture": "#texture", "cullface": "north"},
				"down": {"uv": [7.5, 5.5, 8.5, 5.25], "rotation": 270, "texture": "#texture", "cullface": "north"}
			}
		},
		{
			"name": "diamond_sword x64",
			"from": [7.5, 9, -4.5],
			"to": [9.5, 9.25, -3],
			"faces": {
				"north": {"uv": [7.5, 6.75, 7.75, 7], "texture": "#texture", "cullface": "north"},
				"east": {"uv": [9, 6.75, 7.5, 7], "texture": "#texture", "cullface": "north"},
				"south": {"uv": [9, 6.75, 8.75, 7], "texture": "#texture", "cullface": "north"},
				"west": {"uv": [7.5, 6.75, 9, 7], "texture": "#texture", "cullface": "north"},
				"down": {"uv": [7.5, 7, 9, 6.75], "rotation": 270, "texture": "#texture", "cullface": "north"}
			}
		},
		{
			"name": "diamond_sword x64",
			"from": [8, 8.5, -4.5],
			"to": [9, 9, -4],
			"faces": {
				"north": {"uv": [7.75, 2.25, 8, 2.75], "texture": "#texture", "cullface": "north"},
				"east": {"uv": [8.25, 2.25, 7.75, 2.75], "texture": "#texture", "cullface": "north"},
				"south": {"uv": [8.25, 2.25, 8, 2.75], "texture": "#texture", "cullface": "north"},
				"west": {"uv": [7.75, 2.25, 8.25, 2.75], "texture": "#texture", "cullface": "north"}
			}
		},
		{
			"name": "diamond_sword x64",
			"from": [7.5, 8.75, -4],
			"to": [9.5, 9, -2.25],
			"faces": {
				"north": {"uv": [8, 7, 8.25, 7.25], "texture": "#texture", "cullface": "north"},
				"east": {"uv": [9.75, 7, 8, 7.25], "texture": "#texture", "cullface": "north"},
				"south": {"uv": [9.75, 7, 9.5, 7.25], "texture": "#texture", "cullface": "north"},
				"west": {"uv": [8, 7, 9.75, 7.25], "texture": "#texture", "cullface": "north"},
				"up": {"uv": [8, 7, 9.75, 7.25], "rotation": 90, "texture": "#texture", "cullface": "north"},
				"down": {"uv": [8, 7.25, 9.75, 7], "rotation": 270, "texture": "#texture", "cullface": "north"}
			}
		},
		{
			"name": "diamond_sword x64",
			"from": [8, 8.5, -4],
			"to": [9, 8.75, -3.75],
			"faces": {
				"east": {"uv": [8.5, 2.5, 8.25, 2.75], "texture": "#texture", "cullface": "north"},
				"west": {"uv": [8.25, 2.5, 8.5, 2.75], "texture": "#texture", "cullface": "north"}
			}
		},
		{
			"name": "diamond_sword x64",
			"from": [7.5, 8.5, -3.75],
			"to": [9.5, 8.75, -1.75],
			"faces": {
				"north": {"uv": [8.25, 7.25, 8.5, 7.5], "texture": "#texture", "cullface": "north"},
				"east": {"uv": [10.25, 7.25, 8.25, 7.5], "texture": "#texture", "cullface": "north"},
				"south": {"uv": [10.25, 7.25, 10, 7.5], "texture": "#texture", "cullface": "north"},
				"west": {"uv": [8.25, 7.25, 10.25, 7.5], "texture": "#texture", "cullface": "north"},
				"up": {"uv": [8.25, 7.25, 10.25, 7.5], "rotation": 90, "texture": "#texture", "cullface": "north"},
				"down": {"uv": [8.25, 7.5, 10.25, 7.25], "rotation": 270, "texture": "#texture", "cullface": "north"}
			}
		},
		{
			"name": "diamond_sword x64",
			"from": [7.5, 8.25, -3.25],
			"to": [9.5, 8.5, -2.25],
			"faces": {
				"north": {"uv": [8.75, 7.5, 9, 7.75], "texture": "#texture", "cullface": "north"},
				"east": {"uv": [9.75, 7.5, 8.75, 7.75], "texture": "#texture", "cullface": "north"},
				"south": {"uv": [9.75, 7.5, 9.5, 7.75], "texture": "#texture", "cullface": "north"},
				"west": {"uv": [8.75, 7.5, 9.75, 7.75], "texture": "#texture", "cullface": "north"},
				"down": {"uv": [8.75, 7.75, 9.75, 7.5], "rotation": 270, "texture": "#texture", "cullface": "north"}
			}
		},
		{
			"name": "diamond_sword x64",
			"from": [7.5, 8, -3],
			"to": [9.5, 8.25, -1.75],
			"faces": {
				"north": {"uv": [9, 7.75, 9.25, 8], "texture": "#texture", "cullface": "north"},
				"east": {"uv": [10.25, 7.75, 9, 8], "texture": "#texture", "cullface": "north"},
				"south": {"uv": [10.25, 7.75, 10, 8], "texture": "#texture", "cullface": "north"},
				"west": {"uv": [9, 7.75, 10.25, 8], "texture": "#texture", "cullface": "north"},
				"up": {"uv": [9, 7.75, 10.25, 8], "rotation": 90, "texture": "#texture", "cullface": "north"},
				"down": {"uv": [9, 8, 10.25, 7.75], "rotation": 270, "texture": "#texture", "cullface": "north"}
			}
		},
		{
			"name": "diamond_sword x64",
			"from": [7.5, 7.75, -2.5],
			"to": [9.5, 8, -1.25],
			"faces": {
				"north": {"uv": [9.5, 8, 9.75, 8.25], "texture": "#texture", "cullface": "north"},
				"east": {"uv": [10.75, 8, 9.5, 8.25], "texture": "#texture", "cullface": "north"},
				"south": {"uv": [10.75, 8, 10.5, 8.25], "texture": "#texture", "cullface": "north"},
				"west": {"uv": [9.5, 8, 10.75, 8.25], "texture": "#texture", "cullface": "north"},
				"up": {"uv": [9.5, 8, 10.75, 8.25], "rotation": 90, "texture": "#texture", "cullface": "north"},
				"down": {"uv": [9.5, 8.25, 10.75, 8], "rotation": 270, "texture": "#texture", "cullface": "north"}
			}
		},
		{
			"name": "diamond_sword x64",
			"from": [7.5, 7.5, -2.25],
			"to": [9.5, 7.75, 2.25],
			"faces": {
				"north": {"uv": [9.75, 8.25, 10, 8.5], "texture": "#texture", "cullface": "north"},
				"east": {"uv": [14.25, 8.25, 9.75, 8.5], "texture": "#texture", "cullface": "north"},
				"west": {"uv": [9.75, 8.25, 14.25, 8.5], "texture": "#texture", "cullface": "north"},
				"up": {"uv": [9.75, 8.25, 14.25, 8.5], "rotation": 90, "texture": "#texture", "cullface": "north"},
				"down": {"uv": [9.75, 8.5, 14.25, 8.25], "rotation": 270, "texture": "#texture", "cullface": "north"}
			}
		},
		{
			"name": "diamond_sword x64",
			"from": [8, 8.75, -2.25],
			"to": [9, 9.125, -0.75],
			"faces": {
				"north": {"uv": [11, 2.125, 11.25, 2.625], "texture": "#texture", "cullface": "north"},
				"east": {"uv": [11.5, 2.25, 10.0625, 2.5], "texture": "#texture", "cullface": "north"},
				"south": {"uv": [11.5, 2, 11.25, 2.5], "texture": "#texture", "cullface": "north"},
				"west": {"uv": [10, 2.25, 11.3125, 2.5], "texture": "#texture", "cullface": "north"},
				"up": {"uv": [10, 2.25, 11.5, 2.5], "rotation": 90, "texture": "#texture", "cullface": "north"},
				"down": {"uv": [10, 2.5, 11.5, 2.25], "rotation": 270, "texture": "#texture", "cullface": "north"}
			}
		},
		{
			"name": "diamond_sword x64",
			"from": [7.5, 7.25, -1.75],
			"to": [9.5, 7.5, 1.5],
			"faces": {
				"north": {"uv": [10.25, 8.5, 10.5, 8.75], "texture": "#texture", "cullface": "north"},
				"east": {"uv": [13.5, 8.5, 10.25, 8.75], "texture": "#texture", "cullface": "north"},
				"south": {"uv": [13.5, 8.5, 13.25, 8.75], "texture": "#texture", "cullface": "north"},
				"west": {"uv": [10.25, 8.5, 13.5, 8.75], "texture": "#texture", "cullface": "north"},
				"down": {"uv": [10.25, 8.75, 13.5, 8.5], "rotation": 270, "texture": "#texture", "cullface": "north"}
			}
		},
		{
			"name": "diamond_sword x64",
			"from": [8, 8.5, -1.75],
			"to": [9, 8.75, -0.75],
			"faces": {
				"east": {"uv": [11.5, 2.5, 10.5, 2.75], "texture": "#texture", "cullface": "north"},
				"south": {"uv": [11.5, 2.5, 11.25, 2.75], "texture": "#texture", "cullface": "north"},
				"west": {"uv": [10.5, 2.5, 11.5, 2.75], "texture": "#texture", "cullface": "north"},
				"down": {"uv": [10.5, 2.75, 11.5, 2.5], "rotation": 270, "texture": "#texture", "cullface": "north"}
			}
		},
		{
			"name": "diamond_sword x64",
			"from": [8, 9.125, -1],
			"to": [9, 9.375, -0.75],
			"faces": {
				"north": {"uv": [11.25, 2, 11.5, 2.25], "texture": "#texture", "cullface": "north"},
				"east": {"uv": [11.5, 2, 11.25, 2.25], "texture": "#texture", "cullface": "north"},
				"west": {"uv": [11.25, 2, 11.5, 2.25], "texture": "#texture", "cullface": "north"},
				"up": {"uv": [11.125, 2, 11.375, 2.25], "rotation": 90, "texture": "#texture", "cullface": "north"}
			}
		},
		{
			"name": "diamond_sword x64",
			"from": [7.5, 9, -0.75],
			"to": [9.5, 9.5, 0],
			"faces": {
				"north": {"uv": [11.25, 6.5, 11.5, 7], "texture": "#texture", "cullface": "north"},
				"east": {"uv": [12, 6.5, 11.25, 7], "texture": "#texture", "cullface": "north"},
				"south": {"uv": [12, 6.5, 11.75, 7], "texture": "#texture", "cullface": "north"},
				"west": {"uv": [11.25, 6.5, 12, 7], "texture": "#texture", "cullface": "north"},
				"up": {"uv": [11.25, 6.5, 12, 6.75], "rotation": 90, "texture": "#texture", "cullface": "north"},
				"down": {"uv": [11.25, 7, 12, 6.75], "rotation": 270, "texture": "#texture", "cullface": "north"}
			}
		},
		{
			"name": "diamond_sword x64",
			"from": [8, 8.75, -0.75],
			"to": [9, 9, -0.5],
			"faces": {
				"east": {"uv": [11.75, 2.25, 11.5, 2.5], "texture": "#texture", "cullface": "north"},
				"west": {"uv": [11.5, 2.25, 11.75, 2.5], "texture": "#texture", "cullface": "north"},
				"down": {"uv": [11.5, 2.5, 11.75, 2.25], "rotation": 270, "texture": "#texture", "cullface": "north"}
			}
		},
		{
			"name": "diamond_sword x64",
			"from": [7.5, 8.75, -0.5],
			"to": [9.5, 9, 0.5],
			"faces": {
				"north": {"uv": [11.5, 7, 11.75, 7.25], "texture": "#texture", "cullface": "north"},
				"east": {"uv": [12.5, 7, 11.5, 7.25], "texture": "#texture", "cullface": "north"},
				"south": {"uv": [12.5, 7, 12.25, 7.25], "texture": "#texture", "cullface": "north"},
				"west": {"uv": [11.5, 7, 12.5, 7.25], "texture": "#texture", "cullface": "north"},
				"up": {"uv": [11.5, 7, 12.5, 7.25], "rotation": 90, "texture": "#texture", "cullface": "north"},
				"down": {"uv": [11.5, 7.25, 12.5, 7], "rotation": 270, "texture": "#texture", "cullface": "north"}
			}
		},
		{
			"name": "diamond_sword x64",
			"from": [7.5, 9, 0],
			"to": [9.5, 9.25, 0.25],
			"faces": {
				"east": {"uv": [12.25, 6.75, 12, 7], "texture": "#texture"},
				"south": {"uv": [12.25, 6.75, 12, 7], "texture": "#texture"},
				"west": {"uv": [12, 6.75, 12.25, 7], "texture": "#texture"},
				"up": {"uv": [12, 6.75, 12.25, 7], "rotation": 90, "texture": "#texture"}
			}
		},
		{
			"name": "diamond_sword x64",
			"from": [7.5, 8.5, 0],
			"to": [9.5, 8.75, 1],
			"faces": {
				"north": {"uv": [12, 7.25, 12.25, 7.5], "texture": "#texture", "cullface": "north"},
				"east": {"uv": [13, 7.25, 12, 7.5], "texture": "#texture"},
				"south": {"uv": [13, 7.25, 12.75, 7.5], "texture": "#texture"},
				"west": {"uv": [12, 7.25, 13, 7.5], "texture": "#texture"},
				"up": {"uv": [12, 7.25, 13, 7.5], "rotation": 90, "texture": "#texture"},
				"down": {"uv": [12, 7.5, 13, 7.25], "rotation": 270, "texture": "#texture"}
			}
		},
		{
			"name": "diamond_sword x64",
			"from": [7.5, 8.25, 0.25],
			"to": [9.5, 8.5, 1.75],
			"faces": {
				"north": {"uv": [12.25, 7.5, 12.5, 7.75], "texture": "#texture"},
				"east": {"uv": [13.75, 7.5, 12.25, 7.75], "texture": "#texture"},
				"south": {"uv": [13.75, 7.5, 13.5, 7.75], "texture": "#texture"},
				"west": {"uv": [12.25, 7.5, 13.75, 7.75], "texture": "#texture"},
				"up": {"uv": [12.25, 7.5, 13.75, 7.75], "rotation": 90, "texture": "#texture"},
				"down": {"uv": [12.25, 7.75, 13.75, 7.5], "rotation": 270, "texture": "#texture"}
			}
		},
		{
			"name": "diamond_sword x64",
			"from": [7.5, 8, 0.75],
			"to": [9.5, 8.25, 3.5],
			"faces": {
				"north": {"uv": [12.75, 7.75, 13, 8], "texture": "#texture"},
				"east": {"uv": [14.75, 7.75, 12.75, 8], "texture": "#texture"},
				"south": {"uv": [14.75, 7.75, 14.5, 8], "texture": "#texture"},
				"west": {"uv": [12.75, 7.75, 14.75, 8], "texture": "#texture"},
				"up": {"uv": [12.75, 7.75, 14.75, 8], "rotation": 90, "texture": "#texture"},
				"down": {"uv": [12.75, 8, 14.75, 7.75], "rotation": 270, "texture": "#texture"}
			}
		},
		{
			"name": "diamond_sword x64",
			"from": [7.5, 7.75, 1.125],
			"to": [9.5, 8, 3.125],
			"faces": {
				"north": {"uv": [13, 8, 13.25, 8.25], "texture": "#texture"},
				"east": {"uv": [14.5, 8, 13, 8.25], "texture": "#texture"},
				"south": {"uv": [14.5, 8, 14.25, 8.25], "texture": "#texture"},
				"west": {"uv": [13, 8, 14.5, 8.25], "texture": "#texture"},
				"down": {"uv": [13, 8.25, 14.5, 8], "rotation": 270, "texture": "#texture"}
			}
		},
		{
			"name": "diamond_sword x64*",
			"from": [8.375, 11.625, -8],
			"to": [8.625, 11.875, 2],
			"faces": {
				"north": {"uv": [3.25, 4.25, 3.5, 4.5], "texture": "#texture", "cullface": "north"},
				"east": {"uv": [3.75, 4.25, 3.25, 4.5], "texture": "#texture", "cullface": "north"},
				"west": {"uv": [3.25, 4.25, 3.75, 4.5], "texture": "#texture", "cullface": "north"},
				"up": {"uv": [3.25, 4.25, 3.75, 4.5], "rotation": 90, "texture": "#texture", "cullface": "north"},
				"down": {"uv": [3.25, 4.5, 3.75, 4.25], "rotation": 270, "texture": "#texture", "cullface": "north"}
			}
		},
		{
			"name": "diamond_sword x64*",
			"from": [8.5, 11.375, -6.875],
			"to": [8.75, 11.625, -6],
			"faces": {
				"north": {"uv": [3.25, 4.25, 3.5, 4.5], "texture": "#texture", "cullface": "north"},
				"east": {"uv": [3.75, 4.25, 3.25, 4.5], "texture": "#texture", "cullface": "north"},
				"south": {"uv": [3.75, 4.25, 3.5, 4.5], "texture": "#texture", "cullface": "north"},
				"west": {"uv": [3.25, 4.25, 3.75, 4.5], "texture": "#texture", "cullface": "north"},
				"up": {"uv": [3.25, 4.25, 3.75, 4.5], "rotation": 90, "texture": "#texture", "cullface": "north"},
				"down": {"uv": [3.25, 4.5, 3.75, 4.25], "rotation": 270, "texture": "#texture", "cullface": "north"}
			}
		},
		{
			"name": "diamond_sword x64*",
			"from": [8.5, 11.125, -5.75],
			"to": [8.75, 11.375, -4.875],
			"faces": {
				"north": {"uv": [3.25, 4.25, 3.5, 4.5], "texture": "#texture", "cullface": "north"},
				"east": {"uv": [3.75, 4.25, 3.25, 4.5], "texture": "#texture", "cullface": "north"},
				"south": {"uv": [3.75, 4.25, 3.5, 4.5], "texture": "#texture", "cullface": "north"},
				"west": {"uv": [3.25, 4.25, 3.75, 4.5], "texture": "#texture", "cullface": "north"},
				"up": {"uv": [3.25, 4.25, 3.75, 4.5], "rotation": 90, "texture": "#texture", "cullface": "north"},
				"down": {"uv": [3.25, 4.5, 3.75, 4.25], "rotation": 270, "texture": "#texture", "cullface": "north"}
			}
		},
		{
			"name": "diamond_sword x64*",
			"from": [8.375, 10.625, -3.75],
			"to": [8.625, 10.875, -2.875],
			"faces": {
				"north": {"uv": [3.25, 4.25, 3.5, 4.5], "texture": "#texture", "cullface": "north"},
				"east": {"uv": [3.75, 4.25, 3.25, 4.5], "texture": "#texture", "cullface": "north"},
				"south": {"uv": [3.75, 4.25, 3.5, 4.5], "texture": "#texture", "cullface": "north"},
				"west": {"uv": [3.25, 4.25, 3.75, 4.5], "texture": "#texture", "cullface": "north"},
				"up": {"uv": [3.25, 4.25, 3.75, 4.5], "rotation": 90, "texture": "#texture", "cullface": "north"},
				"down": {"uv": [3.25, 4.5, 3.75, 4.25], "rotation": 270, "texture": "#texture", "cullface": "north"}
			}
		},
		{
			"name": "diamond_sword x64*",
			"from": [7.5, 9.5, 15.75],
			"to": [9.5, 9.75, 16],
			"faces": {
				"north": {"uv": [0.25, 6.25, 0, 6.5], "texture": "#texture"},
				"east": {"uv": [0, 6.25, 0.25, 6.5], "texture": "#texture"},
				"south": {"uv": [0, 6.25, 0.25, 6.5], "texture": "#texture", "cullface": "south"},
				"west": {"uv": [0.25, 6.25, 0, 6.5], "texture": "#texture"},
				"up": {"uv": [0, 6.25, 0.25, 6.5], "rotation": 270, "texture": "#texture"},
				"down": {"uv": [0, 6.5, 0.25, 6.25], "rotation": 90, "texture": "#texture"}
			}
		},
		{
			"name": "diamond_sword x64*",
			"from": [7.5, 9.75, 14.5],
			"to": [9.5, 10, 15.75],
			"faces": {
				"north": {"uv": [1.5, 6, 1.25, 6.25], "texture": "#texture"},
				"east": {"uv": [0.25, 6, 1.5, 6.25], "texture": "#texture"},
				"south": {"uv": [0.25, 6, 0.5, 6.25], "texture": "#texture"},
				"west": {"uv": [1.5, 6, 0.25, 6.25], "texture": "#texture"},
				"up": {"uv": [0.25, 6, 1.5, 6.25], "rotation": 270, "texture": "#texture"},
				"down": {"uv": [0.25, 6.25, 1.5, 6], "rotation": 90, "texture": "#texture"}
			}
		},
		{
			"name": "diamond_sword x64*",
			"from": [7.5, 10, 14],
			"to": [9.5, 10.25, 15.5],
			"faces": {
				"north": {"uv": [2, 5.75, 1.75, 6], "texture": "#texture"},
				"east": {"uv": [0.5, 5.75, 2, 6], "texture": "#texture"},
				"south": {"uv": [0.5, 5.75, 0.75, 6], "texture": "#texture"},
				"west": {"uv": [2, 5.75, 0.5, 6], "texture": "#texture"},
				"up": {"uv": [0.5, 5.75, 2, 6], "rotation": 270, "texture": "#texture"},
				"down": {"uv": [0.5, 6, 2, 5.75], "rotation": 90, "texture": "#texture"}
			}
		},
		{
			"name": "diamond_sword x64*",
			"from": [7.5, 10.25, 13.5],
			"to": [9.5, 10.5, 15.25],
			"faces": {
				"north": {"uv": [2.5, 5.5, 2.25, 5.75], "texture": "#texture"},
				"east": {"uv": [0.75, 5.5, 2.5, 5.75], "texture": "#texture"},
				"south": {"uv": [0.75, 5.5, 1, 5.75], "texture": "#texture"},
				"west": {"uv": [2.5, 5.5, 0.75, 5.75], "texture": "#texture"},
				"up": {"uv": [0.75, 5.5, 2.5, 5.75], "rotation": 270, "texture": "#texture"},
				"down": {"uv": [0.75, 5.75, 2.5, 5.5], "rotation": 90, "texture": "#texture"}
			}
		},
		{
			"name": "diamond_sword x64*",
			"from": [7.5, 10.5, 8.875],
			"to": [9.5, 10.75, 14.875],
			"faces": {
				"north": {"uv": [7, 5.25, 6.75, 5.5], "texture": "#texture"},
				"east": {"uv": [1, 5.25, 7, 5.5], "texture": "#texture"},
				"south": {"uv": [1, 5.25, 1.25, 5.5], "texture": "#texture"},
				"west": {"uv": [7, 5.25, 1, 5.5], "texture": "#texture"},
				"up": {"uv": [1, 5.25, 7, 5.5], "rotation": 270, "texture": "#texture"},
				"down": {"uv": [1, 5.5, 7, 5.25], "rotation": 90, "texture": "#texture"}
			}
		},
		{
			"name": "diamond_sword x64*",
			"from": [7.5, 10.75, 9.75],
			"to": [9.5, 11, 14.5],
			"faces": {
				"north": {"uv": [6.25, 5, 6, 5.25], "texture": "#texture"},
				"east": {"uv": [1.5, 5, 6.25, 5.25], "texture": "#texture"},
				"south": {"uv": [1.5, 5, 1.75, 5.25], "texture": "#texture"},
				"west": {"uv": [6.25, 5, 1.5, 5.25], "texture": "#texture"},
				"up": {"uv": [1.5, 5, 6.25, 5.25], "rotation": 270, "texture": "#texture"}
			}
		},
		{
			"name": "diamond_sword x64*",
			"from": [8, 9.5, 10.25],
			"to": [9, 10, 14.5],
			"faces": {
				"north": {"uv": [1.4375, 10.0625, 2.4375, 10.5625], "texture": "#texture"},
				"east": {"uv": [1.75, 1.25, 6, 1.5625], "texture": "#texture"},
				"south": {"uv": [0.625, 10.5625, 1.625, 11.0625], "texture": "#texture"},
				"west": {"uv": [1.75, 1.25, 6.25, 1.5625], "texture": "#texture"},
				"up": {"uv": [0, 10.1875, 4.25, 11.1875], "rotation": 270, "texture": "#texture"},
				"down": {"uv": [0, 10.125, 4.25, 11.125], "rotation": 90, "texture": "#texture"}
			}
		},
		{
			"name": "diamond_sword x64*",
			"from": [8, 10, 11],
			"to": [9, 10.25, 14],
			"faces": {
				"east": {"uv": [2.25, 1, 5.25, 1.25], "texture": "#texture"},
				"west": {"uv": [5.25, 1, 2.25, 1.25], "texture": "#texture"},
				"up": {"uv": [2.25, 1, 5.25, 1.25], "rotation": 270, "texture": "#texture"}
			}
		},
		{
			"name": "diamond_sword x64*",
			"from": [7.5, 11, 11],
			"to": [9.5, 11.25, 13.75],
			"faces": {
				"north": {"uv": [5, 4.75, 4.75, 5], "texture": "#texture"},
				"east": {"uv": [2.25, 4.75, 5, 5], "texture": "#texture"},
				"south": {"uv": [2.25, 4.75, 2.5, 5], "texture": "#texture"},
				"west": {"uv": [5, 4.75, 2.25, 5], "texture": "#texture"},
				"up": {"uv": [2.25, 4.75, 5, 5], "rotation": 270, "texture": "#texture"}
			}
		},
		{
			"name": "diamond_sword x64*",
			"from": [7.5, 10, 13.75],
			"to": [8.5, 10.25, 14.25],
			"faces": {
				"north": {"uv": [3.25, 0.75, 3, 1], "texture": "#texture"},
				"east": {"uv": [2.75, 0.75, 3.25, 1], "texture": "#texture"},
				"west": {"uv": [3.25, 0.75, 2.75, 1], "texture": "#texture"},
				"down": {"uv": [2.75, 1, 3.25, 0.75], "rotation": 90, "texture": "#texture"}
			}
		},
		{
			"name": "diamond_sword x64*",
			"from": [7.5, 11.25, 12.5],
			"to": [9.5, 11.5, 13.25],
			"faces": {
				"north": {"uv": [3.5, 4.5, 3.25, 4.75], "texture": "#texture"},
				"east": {"uv": [2.75, 4.5, 3.5, 4.75], "texture": "#texture"},
				"south": {"uv": [2.75, 4.5, 3, 4.75], "texture": "#texture"},
				"west": {"uv": [3.5, 4.5, 2.75, 4.75], "texture": "#texture"},
				"up": {"uv": [2.75, 4.5, 3.5, 4.75], "rotation": 270, "texture": "#texture"}
			}
		},
		{
			"name": "diamond_sword x64*",
			"from": [8, 9.25, 10.75],
			"to": [9, 9.5, 12.5],
			"faces": {
				"north": {"uv": [0, 10.9375, 1, 11.1875], "texture": "#texture"},
				"east": {"uv": [3.75, 1.75, 5.5, 2], "texture": "#texture"},
				"south": {"uv": [0, 10.625, 1, 10.875], "texture": "#texture"},
				"west": {"uv": [3.75, 1.75, 5.5, 2], "texture": "#texture"},
				"down": {"uv": [0, 10.125, 1.75, 11.125], "rotation": 90, "texture": "#texture"}
			}
		},
		{
			"name": "diamond_sword x64*",
			"from": [7.5, 10.25, 12.5],
			"to": [9.5, 10.5, 13],
			"faces": {
				"north": {"uv": [3.5, 5.5, 3.25, 5.75], "texture": "#texture"},
				"east": {"uv": [3, 5.5, 3.5, 5.75], "texture": "#texture"},
				"south": {"uv": [3, 5.5, 3.25, 5.75], "texture": "#texture"},
				"west": {"uv": [3.5, 5.5, 3, 5.75], "texture": "#texture"},
				"down": {"uv": [3, 5.75, 3.5, 5.5], "rotation": 90, "texture": "#texture"}
			}
		},
		{
			"name": "diamond_sword x64*",
			"from": [8, 11.5, 12],
			"to": [8.875, 11.75, 12.75],
			"faces": {
				"north": {"uv": [3.75, 4.25, 3.5, 4.5], "texture": "#texture"},
				"east": {"uv": [3.25, 4.25, 3.75, 4.5], "texture": "#texture"},
				"south": {"uv": [3.25, 4.25, 3.5, 4.5], "texture": "#texture"},
				"west": {"uv": [3.75, 4.25, 3.25, 4.5], "texture": "#texture"},
				"up": {"uv": [3.25, 4.25, 3.75, 4.5], "rotation": 270, "texture": "#texture"},
				"down": {"uv": [3.25, 4.5, 3.75, 4.25], "rotation": 90, "texture": "#texture"}
			}
		},
		{
			"name": "diamond_sword x64*",
			"from": [8, 10.25, 12],
			"to": [9, 10.5, 12.5],
			"faces": {
				"east": {"uv": [3.75, 0.75, 4.25, 1], "texture": "#texture"},
				"west": {"uv": [4.25, 0.75, 3.75, 1], "texture": "#texture"}
			}
		},
		{
			"name": "diamond_sword x64*",
			"from": [8, 9, 10.375],
			"to": [9, 9.25, 11.25],
			"faces": {
				"north": {"uv": [1.0625, 10.375, 2.0625, 10.625], "texture": "#texture"},
				"east": {"uv": [5, 2, 5.875, 2.25], "texture": "#texture"},
				"south": {"uv": [0.125, 10.9375, 1.125, 11.1875], "texture": "#texture"},
				"west": {"uv": [5, 2, 5.875, 2.25], "texture": "#texture"},
				"up": {"uv": [0.4375, 10.25, 1.3125, 11.25], "rotation": 270, "texture": "#texture"},
				"down": {"uv": [0.4375, 10, 1.3125, 11], "rotation": 90, "texture": "#texture"}
			}
		},
		{
			"name": "diamond_sword x64*",
			"from": [7.5, 10.25, 8],
			"to": [9.5, 10.5, 12],
			"faces": {
				"north": {"uv": [8, 5.5, 7.75, 5.75], "texture": "#texture"},
				"east": {"uv": [4, 5.5, 8, 5.75], "texture": "#texture"},
				"south": {"uv": [4, 5.5, 4.25, 5.75], "texture": "#texture"},
				"west": {"uv": [8, 5.5, 4, 5.75], "texture": "#texture"},
				"up": {"uv": [4, 5.5, 8, 5.75], "rotation": 270, "texture": "#texture"},
				"down": {"uv": [4, 5.75, 8, 5.5], "rotation": 90, "texture": "#texture"}
			}
		},
		{
			"name": "diamond_sword x64*",
			"from": [8, 11.25, 10.5],
			"to": [8.875, 11.5, 11.25],
			"faces": {
				"north": {"uv": [5.25, 4.5, 5, 4.75], "texture": "#texture"},
				"east": {"uv": [4.75, 4.5, 5.25, 4.75], "texture": "#texture"},
				"south": {"uv": [4.75, 4.5, 5, 4.75], "texture": "#texture"},
				"west": {"uv": [5.25, 4.5, 4.75, 4.75], "texture": "#texture"},
				"up": {"uv": [4.75, 4.5, 5.25, 4.75], "rotation": 270, "texture": "#texture"},
				"down": {"uv": [4.75, 4.75, 5.25, 4.5], "rotation": 90, "texture": "#texture"}
			}
		},
		{
			"name": "diamond_sword x64*",
			"from": [8, 8.75, 9.5],
			"to": [9, 9, 11],
			"faces": {
				"north": {"uv": [7.5, 2.25, 8.5, 2.5], "texture": "#texture"},
				"east": {"uv": [5.25, 2.25, 6.75, 2.5], "texture": "#texture"},
				"south": {"uv": [7.5, 2.25, 8.5, 2.5], "texture": "#texture"},
				"west": {"uv": [5.25, 2.25, 6.75, 2.5], "texture": "#texture"},
				"up": {"uv": [0.9375, 10.0625, 2.4375, 11.0625], "rotation": 270, "texture": "#texture"},
				"down": {"uv": [0.4375, 10.1875, 1.9375, 11.1875], "rotation": 90, "texture": "#texture"}
			}
		},
		{
			"name": "diamond_sword x64*",
			"from": [7.5, 10, 7.75],
			"to": [9.5, 10.25, 11],
			"faces": {
				"north": {"uv": [8.25, 5.75, 8, 6], "texture": "#texture"},
				"east": {"uv": [5, 5.75, 8.25, 6], "texture": "#texture"},
				"south": {"uv": [5, 5.75, 5.25, 6], "texture": "#texture"},
				"west": {"uv": [8.25, 5.75, 5, 6], "texture": "#texture"},
				"up": {"uv": [5, 5.75, 8.25, 6], "rotation": 270, "texture": "#texture"},
				"down": {"uv": [5, 6, 8.25, 5.75], "rotation": 90, "texture": "#texture"}
			}
		},
		{
			"name": "diamond_sword x64*",
			"from": [8, 8.5, 9.25],
			"to": [9, 8.75, 10.5],
			"faces": {
				"north": {"uv": [7.5, 2.5, 8.5, 2.75], "texture": "#texture"},
				"east": {"uv": [5.75, 2.5, 7, 2.75], "texture": "#texture"},
				"south": {"uv": [7.5, 2.5, 8.5, 2.75], "texture": "#texture"},
				"west": {"uv": [5.75, 2.5, 7, 2.75], "texture": "#texture"},
				"up": {"uv": [0, 10.3125, 1.25, 11.3125], "rotation": 270, "texture": "#texture"},
				"down": {"uv": [0.3125, 10.125, 1.5625, 11.125], "rotation": 90, "texture": "#texture"}
			}
		},
		{
			"name": "diamond_sword x64*",
			"from": [8, 8.25, 7.25],
			"to": [9, 8.5, 10.25],
			"faces": {
				"east": {"uv": [6, 2.75, 9, 3], "texture": "#texture"},
				"south": {"uv": [7.5, 2.75, 8.5, 3], "texture": "#texture"},
				"west": {"uv": [6, 2.75, 9, 3], "texture": "#texture"},
				"up": {"uv": [0, 10.1875, 3, 11.1875], "rotation": 270, "texture": "#texture"},
				"down": {"uv": [0, 10.4375, 3, 11.4375], "rotation": 90, "texture": "#texture"}
			}
		},
		{
			"name": "diamond_sword x64*",
			"from": [7.5, 9.75, 7.25],
			"to": [9.5, 10, 10.25],
			"faces": {
				"north": {"uv": [8.75, 6, 8.5, 6.25], "texture": "#texture"},
				"east": {"uv": [5.75, 6, 8.75, 6.25], "texture": "#texture"},
				"south": {"uv": [5.75, 6, 6, 6.25], "texture": "#texture"},
				"west": {"uv": [8.75, 6, 5.75, 6.25], "texture": "#texture"},
				"up": {"uv": [5.75, 6, 8.75, 6.25], "rotation": 270, "texture": "#texture"},
				"down": {"uv": [5.75, 6.25, 8.75, 6], "rotation": 90, "texture": "#texture"}
			}
		},
		{
			"name": "diamond_sword x64*",
			"from": [8, 9.25, 9.75],
			"to": [9, 9.75, 10.25],
			"faces": {
				"north": {"uv": [6.5, 1.5, 6.25, 2], "texture": "#texture"},
				"east": {"uv": [6, 1.5, 6.5, 2], "texture": "#texture"},
				"south": {"uv": [6, 1.5, 6.25, 2], "texture": "#texture"},
				"west": {"uv": [6.5, 1.5, 6, 2], "texture": "#texture"},
				"down": {"uv": [6, 2, 6.5, 1.75], "rotation": 90, "texture": "#texture"}
			}
		},
		{
			"name": "diamond_sword x64*",
			"from": [8, 8, 7.5],
			"to": [9, 8.25, 10],
			"faces": {
				"north": {"uv": [7.5, 3, 8.5, 3.25], "texture": "#texture"},
				"east": {"uv": [6.25, 3, 8.75, 3.25], "texture": "#texture"},
				"south": {"uv": [7.5, 3, 8.5, 3.25], "texture": "#texture"},
				"west": {"uv": [6.25, 3, 8.75, 3.25], "texture": "#texture"},
				"down": {"uv": [0, 10.5, 2.5, 11.5], "rotation": 90, "texture": "#texture"}
			}
		},
		{
			"name": "diamond_sword x64*",
			"from": [8, 11, 9.375],
			"to": [8.875, 11.25, 10],
			"faces": {
				"north": {"uv": [6.5, 4.75, 6.25, 5], "texture": "#texture"},
				"east": {"uv": [6, 4.75, 6.5, 5], "texture": "#texture"},
				"south": {"uv": [6, 4.75, 6.25, 5], "texture": "#texture"},
				"west": {"uv": [6.5, 4.75, 6, 5], "texture": "#texture"},
				"up": {"uv": [6, 4.75, 6.5, 5], "rotation": 270, "texture": "#texture"},
				"down": {"uv": [6, 5, 6.5, 4.75], "rotation": 90, "texture": "#texture"}
			}
		},
		{
			"name": "diamond_sword x64*",
			"from": [8, 7.75, 8.375],
			"to": [9, 8, 9.75],
			"faces": {
				"north": {"uv": [7, 3.25, 8, 3.5], "texture": "#texture"},
				"east": {"uv": [6.5, 3.25, 7.875, 3.5], "texture": "#texture"},
				"south": {"uv": [7, 3.25, 8, 3.5], "texture": "#texture"},
				"west": {"uv": [6.5, 3.25, 7.875, 3.5], "texture": "#texture"},
				"down": {"uv": [0, 10.25, 1.375, 11.25], "rotation": 90, "texture": "#texture"}
			}
		},
		{
			"name": "diamond_sword x64*",
			"from": [7.5, 9.5, 6.5],
			"to": [9.5, 9.75, 9.75],
			"faces": {
				"north": {"uv": [9.5, 6.25, 9.25, 6.5], "texture": "#texture"},
				"east": {"uv": [6.25, 6.25, 9.5, 6.5], "texture": "#texture"},
				"south": {"uv": [6.25, 6.25, 6.5, 6.5], "texture": "#texture"},
				"west": {"uv": [9.5, 6.25, 6.25, 6.5], "texture": "#texture"},
				"up": {"uv": [6.25, 6.25, 9.5, 6.5], "rotation": 270, "texture": "#texture"},
				"down": {"uv": [6.25, 6.5, 9.5, 6.25], "rotation": 90, "texture": "#texture"}
			}
		},
		{
			"name": "diamond_sword x64*",
			"from": [8, 9, 9.25],
			"to": [9, 9.5, 9.75],
			"faces": {
				"north": {"uv": [7, 1.75, 6.75, 2.25], "texture": "#texture"},
				"east": {"uv": [6.5, 1.75, 7, 2.25], "texture": "#texture"},
				"south": {"uv": [6.5, 1.75, 6.75, 2.25], "texture": "#texture"},
				"west": {"uv": [7, 1.75, 6.5, 2.25], "texture": "#texture"},
				"down": {"uv": [6.5, 2.25, 7, 2], "rotation": 90, "texture": "#texture"}
			}
		},
		{
			"name": "diamond_sword x64*",
			"from": [8, 7.5, 8.625],
			"to": [9, 7.75, 9.5],
			"faces": {
				"north": {"uv": [6.75, 3.5, 7.75, 3.75], "texture": "#texture"},
				"east": {"uv": [6.75, 3.5, 7.625, 3.75], "texture": "#texture"},
				"south": {"uv": [6.75, 3.5, 7.75, 3.75], "texture": "#texture"},
				"west": {"uv": [6.75, 3.5, 7.625, 3.75], "texture": "#texture"},
				"down": {"uv": [0, 9.875, 0.875, 10.875], "rotation": 90, "texture": "#texture"}
			}
		},
		{
			"name": "diamond_sword x64*",
			"from": [7.5, 9.25, 7],
			"to": [9.5, 9.5, 9.25],
			"faces": {
				"north": {"uv": [9, 6.5, 8.75, 6.75], "texture": "#texture"},
				"east": {"uv": [6.75, 6.5, 9, 6.75], "texture": "#texture"},
				"south": {"uv": [6.75, 6.5, 7, 6.75], "texture": "#texture"},
				"west": {"uv": [9, 6.5, 6.75, 6.75], "texture": "#texture"},
				"down": {"uv": [6.75, 6.75, 9, 6.5], "rotation": 90, "texture": "#texture"}
			}
		},
		{
			"name": "diamond_sword x64*",
			"from": [8, 8.75, 8.5],
			"to": [9, 9.25, 9.25],
			"faces": {
				"north": {"uv": [7.75, 2, 7.5, 2.5], "texture": "#texture"},
				"east": {"uv": [7, 2, 7.75, 2.5], "texture": "#texture"},
				"south": {"uv": [7, 2, 7.25, 2.5], "texture": "#texture"},
				"west": {"uv": [7.75, 2, 7, 2.5], "texture": "#texture"},
				"down": {"uv": [7, 2.5, 7.75, 2.25], "rotation": 90, "texture": "#texture"}
			}
		},
		{
			"name": "diamond_sword x64*",
			"from": [8.125, 10.5, 7.25],
			"to": [9, 10.75, 8.5],
			"faces": {
				"north": {"uv": [8.5, 5.25, 8.25, 5.5], "texture": "#texture"},
				"east": {"uv": [7.5, 5.25, 8.5, 5.5], "texture": "#texture"},
				"south": {"uv": [7.5, 5.25, 7.75, 5.5], "texture": "#texture"},
				"west": {"uv": [8.5, 5.25, 7.5, 5.5], "texture": "#texture"},
				"up": {"uv": [7.5, 5.25, 8.5, 5.5], "rotation": 270, "texture": "#texture"},
				"down": {"uv": [7.5, 5.5, 8.5, 5.25], "rotation": 90, "texture": "#texture"}
			}
		},
		{
			"name": "diamond_sword x64*",
			"from": [7.5, 9, 7],
			"to": [9.5, 9.25, 8.5],
			"faces": {
				"north": {"uv": [9, 6.75, 8.75, 7], "texture": "#texture"},
				"east": {"uv": [7.5, 6.75, 9, 7], "texture": "#texture"},
				"south": {"uv": [7.5, 6.75, 7.75, 7], "texture": "#texture"},
				"west": {"uv": [9, 6.75, 7.5, 7], "texture": "#texture"},
				"down": {"uv": [7.5, 7, 9, 6.75], "rotation": 90, "texture": "#texture"}
			}
		},
		{
			"name": "diamond_sword x64*",
			"from": [8, 8.5, 8],
			"to": [9, 9, 8.5],
			"faces": {
				"north": {"uv": [8.25, 2.25, 8, 2.75], "texture": "#texture"},
				"east": {"uv": [7.75, 2.25, 8.25, 2.75], "texture": "#texture"},
				"south": {"uv": [7.75, 2.25, 8, 2.75], "texture": "#texture"},
				"west": {"uv": [8.25, 2.25, 7.75, 2.75], "texture": "#texture"}
			}
		},
		{
			"name": "diamond_sword x64*",
			"from": [7.5, 8.75, 6.25],
			"to": [9.5, 9, 8],
			"faces": {
				"north": {"uv": [9.75, 7, 9.5, 7.25], "texture": "#texture"},
				"east": {"uv": [8, 7, 9.75, 7.25], "texture": "#texture"},
				"south": {"uv": [8, 7, 8.25, 7.25], "texture": "#texture"},
				"west": {"uv": [9.75, 7, 8, 7.25], "texture": "#texture"},
				"up": {"uv": [8, 7, 9.75, 7.25], "rotation": 270, "texture": "#texture"},
				"down": {"uv": [8, 7.25, 9.75, 7], "rotation": 90, "texture": "#texture"}
			}
		},
		{
			"name": "diamond_sword x64*",
			"from": [8, 8.5, 7.75],
			"to": [9, 8.75, 8],
			"faces": {
				"east": {"uv": [8.25, 2.5, 8.5, 2.75], "texture": "#texture"},
				"west": {"uv": [8.5, 2.5, 8.25, 2.75], "texture": "#texture"}
			}
		},
		{
			"name": "diamond_sword x64*",
			"from": [7.5, 8.5, 5.75],
			"to": [9.5, 8.75, 7.75],
			"faces": {
				"north": {"uv": [10.25, 7.25, 10, 7.5], "texture": "#texture"},
				"east": {"uv": [8.25, 7.25, 10.25, 7.5], "texture": "#texture"},
				"south": {"uv": [8.25, 7.25, 8.5, 7.5], "texture": "#texture"},
				"west": {"uv": [10.25, 7.25, 8.25, 7.5], "texture": "#texture"},
				"up": {"uv": [8.25, 7.25, 10.25, 7.5], "rotation": 270, "texture": "#texture"},
				"down": {"uv": [8.25, 7.5, 10.25, 7.25], "rotation": 90, "texture": "#texture"}
			}
		},
		{
			"name": "diamond_sword x64*",
			"from": [7.5, 8.25, 6.25],
			"to": [9.5, 8.5, 7.25],
			"faces": {
				"north": {"uv": [9.75, 7.5, 9.5, 7.75], "texture": "#texture"},
				"east": {"uv": [8.75, 7.5, 9.75, 7.75], "texture": "#texture"},
				"south": {"uv": [8.75, 7.5, 9, 7.75], "texture": "#texture"},
				"west": {"uv": [9.75, 7.5, 8.75, 7.75], "texture": "#texture"},
				"down": {"uv": [8.75, 7.75, 9.75, 7.5], "rotation": 90, "texture": "#texture"}
			}
		},
		{
			"name": "diamond_sword x64*",
			"from": [7.5, 8, 5.75],
			"to": [9.5, 8.25, 7],
			"faces": {
				"north": {"uv": [10.25, 7.75, 10, 8], "texture": "#texture"},
				"east": {"uv": [9, 7.75, 10.25, 8], "texture": "#texture"},
				"south": {"uv": [9, 7.75, 9.25, 8], "texture": "#texture"},
				"west": {"uv": [10.25, 7.75, 9, 8], "texture": "#texture"},
				"up": {"uv": [9, 7.75, 10.25, 8], "rotation": 270, "texture": "#texture"},
				"down": {"uv": [9, 8, 10.25, 7.75], "rotation": 90, "texture": "#texture"}
			}
		},
		{
			"name": "diamond_sword x64*",
			"from": [7.5, 7.75, 5.25],
			"to": [9.5, 8, 6.5],
			"faces": {
				"north": {"uv": [10.75, 8, 10.5, 8.25], "texture": "#texture"},
				"east": {"uv": [9.5, 8, 10.75, 8.25], "texture": "#texture"},
				"south": {"uv": [9.5, 8, 9.75, 8.25], "texture": "#texture"},
				"west": {"uv": [10.75, 8, 9.5, 8.25], "texture": "#texture"},
				"up": {"uv": [9.5, 8, 10.75, 8.25], "rotation": 270, "texture": "#texture"},
				"down": {"uv": [9.5, 8.25, 10.75, 8], "rotation": 90, "texture": "#texture"}
			}
		},
		{
			"name": "diamond_sword x64*",
			"from": [7.5, 7.5, 1.75],
			"to": [9.5, 7.75, 6.25],
			"faces": {
				"east": {"uv": [9.75, 8.25, 14.25, 8.5], "texture": "#texture"},
				"south": {"uv": [9.75, 8.25, 10, 8.5], "texture": "#texture"},
				"west": {"uv": [14.25, 8.25, 9.75, 8.5], "texture": "#texture"},
				"up": {"uv": [9.75, 8.25, 14.25, 8.5], "rotation": 270, "texture": "#texture"},
				"down": {"uv": [9.75, 8.5, 14.25, 8.25], "rotation": 90, "texture": "#texture"}
			}
		},
		{
			"name": "diamond_sword x64*",
			"from": [8, 8.75, 4.75],
			"to": [9, 9.125, 6.25],
			"faces": {
				"north": {"uv": [11.5, 2, 11.25, 2.5], "texture": "#texture"},
				"east": {"uv": [10, 2.25, 11.3125, 2.5], "texture": "#texture"},
				"south": {"uv": [11, 2.125, 11.25, 2.625], "texture": "#texture"},
				"west": {"uv": [11.5, 2.25, 10.0625, 2.5], "texture": "#texture"},
				"up": {"uv": [10, 2.25, 11.5, 2.5], "rotation": 270, "texture": "#texture"},
				"down": {"uv": [10, 2.5, 11.5, 2.25], "rotation": 90, "texture": "#texture"}
			}
		},
		{
			"name": "diamond_sword x64*",
			"from": [7.5, 7.25, 2.5],
			"to": [9.5, 7.5, 5.75],
			"faces": {
				"north": {"uv": [13.5, 8.5, 13.25, 8.75], "texture": "#texture"},
				"east": {"uv": [10.25, 8.5, 13.5, 8.75], "texture": "#texture"},
				"south": {"uv": [10.25, 8.5, 10.5, 8.75], "texture": "#texture"},
				"west": {"uv": [13.5, 8.5, 10.25, 8.75], "texture": "#texture"},
				"down": {"uv": [10.25, 8.75, 13.5, 8.5], "rotation": 90, "texture": "#texture"}
			}
		},
		{
			"name": "diamond_sword x64*",
			"from": [8, 8.5, 4.75],
			"to": [9, 8.75, 5.75],
			"faces": {
				"north": {"uv": [11.5, 2.5, 11.25, 2.75], "texture": "#texture"},
				"east": {"uv": [10.5, 2.5, 11.5, 2.75], "texture": "#texture"},
				"west": {"uv": [11.5, 2.5, 10.5, 2.75], "texture": "#texture"},
				"down": {"uv": [10.5, 2.75, 11.5, 2.5], "rotation": 90, "texture": "#texture"}
			}
		},
		{
			"name": "diamond_sword x64*",
			"from": [8, 9.125, 4.75],
			"to": [9, 9.375, 5],
			"faces": {
				"east": {"uv": [11.25, 2, 11.5, 2.25], "texture": "#texture"},
				"south": {"uv": [11.25, 2, 11.5, 2.25], "texture": "#texture"},
				"west": {"uv": [11.5, 2, 11.25, 2.25], "texture": "#texture"},
				"up": {"uv": [11.125, 2, 11.375, 2.25], "rotation": 270, "texture": "#texture"}
			}
		},
		{
			"name": "diamond_sword x64*",
			"from": [7.5, 9, 4],
			"to": [9.5, 9.5, 4.75],
			"faces": {
				"north": {"uv": [12, 6.5, 11.75, 7], "texture": "#texture"},
				"east": {"uv": [11.25, 6.5, 12, 7], "texture": "#texture"},
				"south": {"uv": [11.25, 6.5, 11.5, 7], "texture": "#texture"},
				"west": {"uv": [12, 6.5, 11.25, 7], "texture": "#texture"},
				"up": {"uv": [11.25, 6.5, 12, 6.75], "rotation": 270, "texture": "#texture"},
				"down": {"uv": [11.25, 7, 12, 6.75], "rotation": 90, "texture": "#texture"}
			}
		},
		{
			"name": "diamond_sword x64*",
			"from": [8, 8.75, 4.5],
			"to": [9, 9, 4.75],
			"faces": {
				"east": {"uv": [11.5, 2.25, 11.75, 2.5], "texture": "#texture"},
				"west": {"uv": [11.75, 2.25, 11.5, 2.5], "texture": "#texture"},
				"down": {"uv": [11.5, 2.5, 11.75, 2.25], "rotation": 90, "texture": "#texture"}
			}
		},
		{
			"name": "diamond_sword x64*",
			"from": [7.5, 8.75, 3.5],
			"to": [9.5, 9, 4.5],
			"faces": {
				"north": {"uv": [12.5, 7, 12.25, 7.25], "texture": "#texture"},
				"east": {"uv": [11.5, 7, 12.5, 7.25], "texture": "#texture"},
				"south": {"uv": [11.5, 7, 11.75, 7.25], "texture": "#texture"},
				"west": {"uv": [12.5, 7, 11.5, 7.25], "texture": "#texture"},
				"up": {"uv": [11.5, 7, 12.5, 7.25], "rotation": 270, "texture": "#texture"},
				"down": {"uv": [11.5, 7.25, 12.5, 7], "rotation": 90, "texture": "#texture"}
			}
		},
		{
			"name": "diamond_sword x64*",
			"from": [7.5, 9, 3.75],
			"to": [9.5, 9.25, 4],
			"faces": {
				"north": {"uv": [12.25, 6.75, 12, 7], "texture": "#texture"},
				"east": {"uv": [12, 6.75, 12.25, 7], "texture": "#texture"},
				"west": {"uv": [12.25, 6.75, 12, 7], "texture": "#texture"},
				"up": {"uv": [12, 6.75, 12.25, 7], "rotation": 270, "texture": "#texture"}
			}
		},
		{
			"name": "diamond_sword x64*",
			"from": [7.5, 8.5, 3],
			"to": [9.5, 8.75, 4],
			"faces": {
				"north": {"uv": [13, 7.25, 12.75, 7.5], "texture": "#texture"},
				"east": {"uv": [12, 7.25, 13, 7.5], "texture": "#texture"},
				"south": {"uv": [12, 7.25, 12.25, 7.5], "texture": "#texture"},
				"west": {"uv": [13, 7.25, 12, 7.5], "texture": "#texture"},
				"up": {"uv": [12, 7.25, 13, 7.5], "rotation": 270, "texture": "#texture"},
				"down": {"uv": [12, 7.5, 13, 7.25], "rotation": 90, "texture": "#texture"}
			}
		},
		{
			"name": "diamond_sword x64*",
			"from": [7.5, 8.25, 2.25],
			"to": [9.5, 8.5, 3.75],
			"faces": {
				"north": {"uv": [13.75, 7.5, 13.5, 7.75], "texture": "#texture"},
				"east": {"uv": [12.25, 7.5, 13.75, 7.75], "texture": "#texture"},
				"south": {"uv": [12.25, 7.5, 12.5, 7.75], "texture": "#texture"},
				"west": {"uv": [13.75, 7.5, 12.25, 7.75], "texture": "#texture"},
				"up": {"uv": [12.25, 7.5, 13.75, 7.75], "rotation": 270, "texture": "#texture"},
				"down": {"uv": [12.25, 7.75, 13.75, 7.5], "rotation": 90, "texture": "#texture"}
			}
		},
		{
			"name": "diamond_sword x64*",
			"from": [8.25, 11.625, 11.375],
			"to": [8.5, 11.875, 12.25],
			"faces": {
				"north": {"uv": [3.75, 4.25, 3.5, 4.5], "texture": "#texture"},
				"east": {"uv": [3.25, 4.25, 3.75, 4.5], "texture": "#texture"},
				"south": {"uv": [3.25, 4.25, 3.5, 4.5], "texture": "#texture"},
				"west": {"uv": [3.75, 4.25, 3.25, 4.5], "texture": "#texture"},
				"up": {"uv": [3.25, 4.25, 3.75, 4.5], "rotation": 270, "texture": "#texture"},
				"down": {"uv": [3.25, 4.5, 3.75, 4.25], "rotation": 90, "texture": "#texture"}
			}
		},
		{
			"name": "diamond_sword x64*",
			"from": [8.25, 11.375, 10],
			"to": [8.5, 11.625, 10.875],
			"faces": {
				"north": {"uv": [3.75, 4.25, 3.5, 4.5], "texture": "#texture"},
				"east": {"uv": [3.25, 4.25, 3.75, 4.5], "texture": "#texture"},
				"south": {"uv": [3.25, 4.25, 3.5, 4.5], "texture": "#texture"},
				"west": {"uv": [3.75, 4.25, 3.25, 4.5], "texture": "#texture"},
				"up": {"uv": [3.25, 4.25, 3.75, 4.5], "rotation": 270, "texture": "#texture"},
				"down": {"uv": [3.25, 4.5, 3.75, 4.25], "rotation": 90, "texture": "#texture"}
			}
		},
		{
			"name": "diamond_sword x64*",
			"from": [8.25, 11.125, 8.875],
			"to": [8.5, 11.375, 9.75],
			"faces": {
				"north": {"uv": [3.75, 4.25, 3.5, 4.5], "texture": "#texture"},
				"east": {"uv": [3.25, 4.25, 3.75, 4.5], "texture": "#texture"},
				"south": {"uv": [3.25, 4.25, 3.5, 4.5], "texture": "#texture"},
				"west": {"uv": [3.75, 4.25, 3.25, 4.5], "texture": "#texture"},
				"up": {"uv": [3.25, 4.25, 3.75, 4.5], "rotation": 270, "texture": "#texture"},
				"down": {"uv": [3.25, 4.5, 3.75, 4.25], "rotation": 90, "texture": "#texture"}
			}
		},
		{
			"name": "diamond_sword x64*",
			"from": [8.375, 10.625, 6.875],
			"to": [8.625, 10.875, 7.75],
			"faces": {
				"north": {"uv": [3.75, 4.25, 3.5, 4.5], "texture": "#texture"},
				"east": {"uv": [3.25, 4.25, 3.75, 4.5], "texture": "#texture"},
				"south": {"uv": [3.25, 4.25, 3.5, 4.5], "texture": "#texture"},
				"west": {"uv": [3.75, 4.25, 3.25, 4.5], "texture": "#texture"},
				"up": {"uv": [3.25, 4.25, 3.75, 4.5], "rotation": 270, "texture": "#texture"},
				"down": {"uv": [3.25, 4.5, 3.75, 4.25], "rotation": 90, "texture": "#texture"}
			}
		},
		{
			"name": "diamond_sword x64*",
			"from": [8, 10.25, -9.5],
			"to": [9, 10.5, -9],
			"faces": {
				"east": {"uv": [4.25, 0.75, 3.75, 1], "texture": "#texture", "cullface": "north"},
				"west": {"uv": [3.75, 0.75, 4.25, 1], "texture": "#texture", "cullface": "north"}
			}
		},
		{
			"name": "diamond_sword x64*",
			"from": [8, 10.25, 13],
			"to": [9, 10.5, 13.5],
			"faces": {
				"east": {"uv": [3.75, 0.75, 4.25, 1], "texture": "#texture"},
				"west": {"uv": [4.25, 0.75, 3.75, 1], "texture": "#texture"}
			}
		},
		{
			"name": "diamond_sword x64*",
			"from": [8.375, 11.625, 2],
			"to": [8.625, 11.875, 11.375],
			"faces": {
				"east": {"uv": [3.75, 4.25, 3.25, 4.5], "texture": "#texture"},
				"south": {"uv": [3.75, 4.25, 3.5, 4.5], "texture": "#texture"},
				"west": {"uv": [3.25, 4.25, 3.75, 4.5], "texture": "#texture"},
				"up": {"uv": [3.25, 4.25, 3.75, 4.5], "rotation": 90, "texture": "#texture"},
				"down": {"uv": [3.25, 4.5, 3.75, 4.25], "rotation": 270, "texture": "#texture"}
			}
		},
		{
			"from": [8.25, 2, 1.75],
			"to": [8.75, 11, 2.25],
			"faces": {
				"north": {"uv": [13.75, 2.5, 14, 5.5], "texture": "#texture"},
				"east": {"uv": [13.75, 2.5, 14, 5.5], "texture": "#texture"},
				"south": {"uv": [13.75, 2.5, 14, 5.375], "texture": "#texture"},
				"west": {"uv": [13.75, 2.5, 14.125, 5.5], "texture": "#texture"},
				"up": {"uv": [2.25, 10.375, 2.5, 10.625], "texture": "#texture"},
				"down": {"uv": [3.25, 11.125, 3, 10.875], "texture": "#texture"}
			}
		},
		{
			"from": [8.5, 10.125, 1.25],
			"to": [8.5625, 12.875, 2.75],
			"faces": {
				"east": {"uv": [11.625, 4.125, 12.625, 5.5], "texture": "#texture"},
				"west": {"uv": [11.625, 4.125, 12.625, 5.625], "texture": "#texture"}
			}
		},
		{
			"from": [8.375, 0.5, 1.375],
			"to": [8.4375, 3.25, 2.625],
			"faces": {
				"east": {"uv": [11.625, 4.125, 12.625, 5.5], "texture": "#texture"},
				"west": {"uv": [11.625, 4.125, 12.625, 5.625], "texture": "#texture"}
			}
		},
		{
			"from": [7.75, 10, 2],
			"to": [9.25, 12.75, 2.0625],
			"faces": {
				"north": {"uv": [11.625, 4.125, 12.625, 5.625], "texture": "#texture"},
				"south": {"uv": [11.625, 4.125, 12.625, 5.5], "texture": "#texture"}
			}
		},
		{
			"from": [7.75, 0.375, 2],
			"to": [9.25, 3.25, 2.0625],
			"faces": {
				"north": {"uv": [11.625, 4.125, 12.625, 5.625], "texture": "#texture"},
				"south": {"uv": [11.625, 4.125, 12.625, 5.5], "texture": "#texture"}
			}
		}
	],
	"display": {
		"thirdperson_righthand": {
			"rotation": [120, 0, 0],
			"translation": [-0.57, -5.67, -3.4],
			"scale": [1.3, 1.5, 1.3]
		},
		"thirdperson_lefthand": {
			"rotation": [120, 0, 0],
			"translation": [-0.57, -5.67, -3.4],
			"scale": [1.3, 1.5, 1.3]
		},
		"firstperson_righthand": {
			"rotation": [89, 0, 0],
			"translation": [5, -3.97, -9],
			"scale": [1.4, 1.4, 1.4]
		},
		"firstperson_lefthand": {
			"rotation": [89, 0, 0],
			"translation": [5, -3.97, -9],
			"scale": [1.4, 1.4, 1.4]
		},
		"ground": {
			"rotation": [90, 0, 0]
		},
		"gui": {
			"rotation": [88, 40, -88],
			"translation": [2.08, -6.43, 0]
		},
		"head": {
			"translation": [0, 7.5, 0],
			"scale": [1.3, 1.3, 1.3]
		},
		"fixed": {
			"rotation": [90, -6, -90],
			"translation": [-3.97, -6.61, -3.97],
			"scale": [1.5, 1.5, 1.5]
		}
	}
}