{
	"credit": "Made with Blockbench",
	"textures": {
		"1": "customitem/default_bow",
		"2": "customitem/red-blue_swirl"
	},
	"elements": [
		{
			"from": [4, 8, 7],
			"to": [6, 14, 9],
			"faces": {
				"north": {"uv": [15, 1, 16, 7], "texture": "#1"},
				"east": {"uv": [15, 1, 16, 7], "texture": "#1"},
				"south": {"uv": [15, 10, 16, 16], "texture": "#1"},
				"west": {"uv": [13, 9, 15, 15], "texture": "#1"},
				"up": {"uv": [0, 0, 0, 0], "texture": "#1"},
				"down": {"uv": [0, 0, 0, 0], "texture": "#1"}
			}
		},
		{
			"from": [1, 14, 7],
			"to": [7, 15, 9],
			"faces": {
				"north": {"uv": [15, 8, 12, 9], "texture": "#1"},
				"east": {"uv": [14, 8, 15, 9], "texture": "#1"},
				"south": {"uv": [12, 8, 15, 9], "texture": "#1"},
				"west": {"uv": [12, 8, 13, 9], "texture": "#1"},
				"up": {"uv": [12, 8, 15, 9], "texture": "#1"},
				"down": {"uv": [12, 8, 15, 9], "texture": "#1"}
			}
		},
		{
			"from": [1, 7, 7],
			"to": [7, 8, 9],
			"faces": {
				"north": {"uv": [15, 16, 12, 15], "texture": "#1"},
				"east": {"uv": [14, 15, 15, 16], "texture": "#1"},
				"south": {"uv": [12, 8, 15, 9], "texture": "#1"},
				"west": {"uv": [12, 15, 13, 16], "texture": "#1"},
				"up": {"uv": [12, 15, 15, 16], "texture": "#1"},
				"down": {"uv": [12, 15, 15, 16], "texture": "#1"}
			}
		},
		{
			"from": [-9, 12, 7],
			"to": [-5, 20, 9],
			"rotation": {"angle": -45, "axis": "z", "origin": [0, 0, 0]},
			"faces": {
				"north": {"uv": [2, 10, 0, 16], "texture": "#1"},
				"east": {"uv": [1, 10, 2, 16], "texture": "#1"},
				"south": {"uv": [0, 10, 2, 16], "texture": "#1"},
				"west": {"uv": [0, 10, 1, 16], "texture": "#1"},
				"up": {"uv": [0, 10, 2, 11], "texture": "#1"},
				"down": {"uv": [0, 0, 0, 0], "texture": "#1"}
			}
		},
		{
			"from": [-3, 5, 7],
			"to": [5, 9, 9],
			"rotation": {"angle": -45, "axis": "z", "origin": [0, 0, 0]},
			"faces": {
				"north": {"uv": [2, 10, 0, 16], "rotation": 90, "texture": "#1"},
				"east": {"uv": [0, 0, 0, 0], "rotation": 270, "texture": "#1"},
				"south": {"uv": [0, 11, 2, 16], "rotation": 270, "texture": "#1"},
				"west": {"uv": [0, 10, 2, 11], "rotation": 270, "texture": "#1"},
				"up": {"uv": [1, 10, 2, 16], "rotation": 270, "texture": "#1"},
				"down": {"uv": [0, 10, 1, 16], "rotation": 270, "texture": "#1"}
			}
		},
		{
			"from": [3, 6, 7],
			"to": [11, 10, 9],
			"rotation": {"angle": -45, "axis": "z", "origin": [0, 0, 0]},
			"faces": {
				"north": {"uv": [16, 13, 16, 16], "rotation": 90, "texture": "#1"},
				"east": {"uv": [0, 0, 0, 0], "rotation": 270, "texture": "#1"},
				"south": {"uv": [0, 10, 2, 16], "rotation": 270, "texture": "#1"},
				"west": {"uv": [0, 10, 2, 11], "rotation": 270, "texture": "#1"},
				"up": {"uv": [1, 10, 2, 16], "rotation": 270, "texture": "#1"},
				"down": {"uv": [0, 10, 1, 16], "rotation": 270, "texture": "#1"}
			}
		},
		{
			"from": [12, 28, 7],
			"to": [14, 29, 9],
			"color": 5,
			"faces": {
				"north": {"uv": [10, 2, 8, 3], "texture": "#missing"},
				"east": {"uv": [9, 2, 10, 3], "texture": "#missing"},
				"south": {"uv": [8, 2, 10, 3], "texture": "#missing"},
				"west": {"uv": [8, 2, 9, 3], "texture": "#missing"},
				"up": {"uv": [8, 2, 10, 3], "texture": "#missing"},
				"down": {"uv": [8, 2, 10, 3], "texture": "#missing"}
			}
		},
		{
			"from": [13.5, 11, 7.99],
			"to": [14, 28, 8.0525],
			"color": 5,
			"faces": {
				"north": {"uv": [15, 0, 16, 16], "texture": "#missing"},
				"south": {"uv": [15, 0, 16, 16], "texture": "#missing"}
			}
		},
		{
			"from": [13.5, 0, 7.99],
			"to": [14, 11, 8.0525],
			"color": 3,
			"faces": {
				"north": {"uv": [15, 16, 16, 0], "texture": "#missing"},
				"south": {"uv": [15, 16, 16, 0], "texture": "#missing"}
			}
		},
		{
			"from": [0, 22, 6],
			"to": [2, 27, 10],
			"rotation": {"angle": -22.5, "axis": "z", "origin": [0, 0, 0]},
			"faces": {
				"north": {"uv": [0, 11, 2, 16], "texture": "#1"},
				"east": {"uv": [0, 11, 2, 16], "texture": "#1"},
				"south": {"uv": [0, 11, 2, 16], "texture": "#1"},
				"west": {"uv": [0, 11, 2, 16], "texture": "#1"},
				"up": {"uv": [0, 12, 2, 16], "texture": "#1"},
				"down": {"uv": [0, 12, 2, 16], "texture": "#1"}
			}
		},
		{
			"from": [-1, 21, 7],
			"to": [1, 27, 9],
			"rotation": {"angle": -22.5, "axis": "z", "origin": [0, 0, 0]},
			"faces": {
				"north": {"uv": [0, 10, 2, 16], "texture": "#1"},
				"east": {"uv": [0, 10, 2, 16], "texture": "#1"},
				"south": {"uv": [0, 10, 2, 16], "texture": "#1"},
				"west": {"uv": [0, 10, 2, 16], "texture": "#1"},
				"up": {"uv": [0, 14, 1, 16], "texture": "#1"},
				"down": {"uv": [0, 14, 2, 16], "texture": "#1"}
			}
		},
		{
			"from": [-11, 23, 6],
			"to": [-9, 28, 10],
			"rotation": {"angle": -45, "axis": "z", "origin": [0, 0, 0]},
			"faces": {
				"north": {"uv": [0, 11, 2, 16], "texture": "#1"},
				"east": {"uv": [0, 11, 2, 16], "texture": "#1"},
				"south": {"uv": [0, 11, 2, 16], "texture": "#1"},
				"west": {"uv": [0, 11, 2, 16], "texture": "#1"},
				"up": {"uv": [0, 12, 2, 16], "texture": "#1"},
				"down": {"uv": [0, 12, 2, 16], "texture": "#1"}
			}
		},
		{
			"from": [-11, 26, 6],
			"to": [-9, 31, 10],
			"rotation": {"angle": -45, "axis": "z", "origin": [0, 0, 0]},
			"faces": {
				"north": {"uv": [0, 11, 2, 16], "texture": "#1"},
				"east": {"uv": [0, 11, 2, 16], "texture": "#1"},
				"south": {"uv": [0, 11, 2, 16], "texture": "#1"},
				"west": {"uv": [0, 11, 2, 16], "texture": "#1"},
				"up": {"uv": [0, 12, 2, 16], "texture": "#1"},
				"down": {"uv": [0, 12, 2, 16], "texture": "#1"}
			}
		},
		{
			"from": [1, 10, 5],
			"to": [7, 10, 11],
			"faces": {
				"north": {"uv": [0, 0, 6, 1], "texture": "#2"},
				"east": {"uv": [0, 0, 6, 1], "texture": "#2"},
				"south": {"uv": [0, 0, 6, 1], "texture": "#2"},
				"west": {"uv": [0, 0, 6, 1], "texture": "#2"},
				"up": {"uv": [1.5, 0.5, 14.5, 15.5], "rotation": 270, "texture": "#2"},
				"down": {"uv": [1.5, 0.5, 14.5, 15.5], "texture": "#2"}
			}
		},
		{
			"from": [0, 5, 4],
			"to": [10, 5, 14],
			"faces": {
				"north": {"uv": [0, 0, 6, 1], "texture": "#2"},
				"east": {"uv": [0, 0, 6, 1], "texture": "#2"},
				"south": {"uv": [0, 0, 6, 1], "texture": "#2"},
				"west": {"uv": [0, 0, 6, 1], "texture": "#2"},
				"up": {"uv": [1.5, 0.5, 14.5, 15.5], "rotation": 270, "texture": "#2"},
				"down": {"uv": [1.5, 0.5, 14.5, 15.5], "texture": "#2"}
			}
		},
		{
			"from": [5, 1, 3],
			"to": [15, 1, 13],
			"faces": {
				"north": {"uv": [0, 0, 6, 1], "texture": "#2"},
				"east": {"uv": [0, 0, 6, 1], "texture": "#2"},
				"south": {"uv": [0, 0, 6, 1], "texture": "#2"},
				"west": {"uv": [0, 0, 6, 1], "texture": "#2"},
				"up": {"uv": [1.5, 0.5, 14.5, 15.5], "rotation": 270, "texture": "#2"},
				"down": {"uv": [1.5, 0.5, 14.5, 15.5], "texture": "#2"}
			}
		},
		{
			"from": [3, 20, 3],
			"to": [13, 20, 13],
			"faces": {
				"north": {"uv": [0, 0, 6, 1], "texture": "#2"},
				"east": {"uv": [0, 0, 6, 1], "texture": "#2"},
				"south": {"uv": [0, 0, 6, 1], "texture": "#2"},
				"west": {"uv": [0, 0, 6, 1], "texture": "#2"},
				"up": {"uv": [1.5, 0.5, 14.5, 15.5], "rotation": 270, "texture": "#2"},
				"down": {"uv": [1.5, 0.5, 14.5, 15.5], "texture": "#2"}
			}
		},
		{
			"from": [6, 26, 3],
			"to": [16, 26, 13],
			"faces": {
				"north": {"uv": [0, 0, 6, 1], "texture": "#2"},
				"east": {"uv": [0, 0, 6, 1], "texture": "#2"},
				"south": {"uv": [0, 0, 6, 1], "texture": "#2"},
				"west": {"uv": [0, 0, 6, 1], "texture": "#2"},
				"up": {"uv": [1.5, 0.5, 14.5, 15.5], "rotation": 270, "texture": "#2"},
				"down": {"uv": [1.5, 0.5, 14.5, 15.5], "texture": "#2"}
			}
		}
	],
	"display": {
		"thirdperson_righthand": {
			"rotation": [116.31, -86.24, 52.56],
			"translation": [0.24, 3.73, -0.78]
		},
		"thirdperson_lefthand": {
			"rotation": [0, 90, 14],
			"translation": [-0.76, -2.27, 3.97]
		},
		"firstperson_righthand": {
			"rotation": [1, -96, 0],
			"translation": [1.75, 4.73, -5.54],
			"scale": [0.7, 0.7, 0.7]
		},
		"firstperson_lefthand": {
			"rotation": [0, 96, 0],
			"translation": [-0.57, 5.48, -4.54],
			"scale": [0.7, 0.7, 0.7]
		},
		"ground": {
			"translation": [0, 12.66, 0]
		},
		"gui": {
			"rotation": [-14, 10, 43],
			"translation": [-1.32, -0.38, 6.43],
			"scale": [0.7, 0.7, 0.7]
		}
	}
}