{
	"credit": "Made with Blockbench",
	"texture_size": [80, 80],
	"textures": {
		"4": "customitem/texture"
	},
	"elements": [
		{
			"name": "base",
			"from": [0.5, 1.1, 0.3],
			"to": [15.5, 14.6, 14.3],
			"rotation": {"angle": 0, "axis": "y", "origin": [8, 7.85, 6.55]},
			"color": 2,
			"faces": {
				"north": {"uv": [3.2, 3.2, 6.2, 5.8], "texture": "#missing"},
				"east": {"uv": [0, 6, 2.8, 8.6], "texture": "#missing"},
				"south": {"uv": [3.2, 0, 6.2, 2.6], "texture": "#missing"},
				"west": {"uv": [3, 6, 5.8, 8.6], "texture": "#missing"},
				"up": {"uv": [3, 2.8, 0, 0], "texture": "#missing"},
				"down": {"uv": [3, 3, 0, 5.8], "texture": "#missing"}
			}
		},
		{
			"from": [-0.62427, 1, 11.18548],
			"to": [1.37573, 14.6, 14.18548],
			"rotation": {"angle": 22.5, "axis": "y", "origin": [0.37573, 6.1, 11.43548]},
			"faces": {
				"north": {"uv": [11.8, 4.4, 12.2, 7.2], "texture": "#4"},
				"east": {"uv": [0, 9.6, 0.6, 12.4], "texture": "#4"},
				"south": {"uv": [4.6, 12, 5, 14.8], "texture": "#4"},
				"west": {"uv": [6.2, 8.8, 5.6, 11.6], "texture": "#4"},
				"up": {"uv": [4.8, 15.6, 4.4, 15], "texture": "#4"},
				"down": {"uv": [10.8, 15, 10.4, 15.6], "texture": "#4"}
			}
		},
		{
			"from": [-0.64805, 3.6, 2.07164],
			"to": [1.35195, 14.6, 11.57164],
			"rotation": {"angle": 0, "axis": "y", "origin": [0.35195, 6.1, 3.32164]},
			"faces": {
				"north": {"uv": [6.8, 0, 7.2, 2.2], "texture": "#4"},
				"east": {"uv": [2.8, 0, 4.6, 2.2], "texture": "#4"},
				"south": {"uv": [11, 0, 11.4, 2.2], "texture": "#4"},
				"west": {"uv": [4.8, 0, 6.6, 2.2], "texture": "#4"},
				"up": {"uv": [12.2, 9.2, 11.8, 7.4], "texture": "#4"},
				"down": {"uv": [10.2, 12, 9.8, 13.8], "texture": "#4"}
			}
		},
		{
			"from": [0.32821, 1, -0.33635],
			"to": [2.32821, 14.6, 2.66365],
			"rotation": {"angle": -22.5, "axis": "y", "origin": [1.32821, 6.1, -0.08635]},
			"faces": {
				"north": {"uv": [8, 11.6, 8.4, 14.4], "texture": "#4"},
				"east": {"uv": [4.8, 6, 5.4, 8.8], "texture": "#4"},
				"south": {"uv": [8.6, 11.6, 9, 14.4], "texture": "#4"},
				"west": {"uv": [5.6, 8.8, 6.2, 11.6], "texture": "#4"},
				"up": {"uv": [4.2, 15.4, 3.8, 14.8], "texture": "#4"},
				"down": {"uv": [5.6, 14.8, 5.2, 15.4], "texture": "#4"}
			}
		},
		{
			"from": [14.63272, 1, 11.18548],
			"to": [16.63272, 14.6, 14.18548],
			"rotation": {"angle": -22.5, "axis": "y", "origin": [15.63272, 6.1, 11.43548]},
			"faces": {
				"north": {"uv": [6.8, 11.8, 7.2, 14.6], "texture": "#4"},
				"east": {"uv": [5.6, 8.8, 6.2, 11.6], "texture": "#4"},
				"south": {"uv": [7.4, 11.8, 7.8, 14.6], "texture": "#4"},
				"west": {"uv": [4.8, 9, 5.4, 11.8], "texture": "#4"},
				"up": {"uv": [7.4, 15.4, 7, 14.8], "texture": "#4"},
				"down": {"uv": [1.6, 15, 1.2, 15.6], "texture": "#4"}
			}
		},
		{
			"from": [14.64805, 3.6, 2.07164],
			"to": [16.64805, 14.6, 11.57164],
			"rotation": {"angle": 0, "axis": "y", "origin": [15.64805, 6.1, 3.32164]},
			"faces": {
				"north": {"uv": [11.6, 0, 12, 2.2], "texture": "#4"},
				"east": {"uv": [6.6, 0, 4.8, 2.2], "texture": "#4"},
				"south": {"uv": [9.2, 12, 9.6, 14.2], "texture": "#4"},
				"west": {"uv": [2.8, 6, 4.6, 8.2], "texture": "#4"},
				"up": {"uv": [12.4, 13.8, 12, 12], "texture": "#4"},
				"down": {"uv": [12.4, 2.4, 12, 4.2], "texture": "#4"}
			}
		},
		{
			"from": [13.67179, 1, -0.33635],
			"to": [15.67179, 14.6, 2.66365],
			"rotation": {"angle": 22.5, "axis": "y", "origin": [14.67179, 6.1, -0.08635]},
			"faces": {
				"north": {"uv": [5.6, 11.8, 6, 14.6], "texture": "#4"},
				"east": {"uv": [6.2, 8.8, 5.6, 11.6], "texture": "#4"},
				"south": {"uv": [6.2, 11.8, 6.6, 14.6], "texture": "#4"},
				"west": {"uv": [7.2, 8.8, 7.8, 11.6], "texture": "#4"},
				"up": {"uv": [6.2, 15.4, 5.8, 14.8], "texture": "#4"},
				"down": {"uv": [6.8, 14.8, 6.4, 15.4], "texture": "#4"}
			}
		},
		{
			"from": [9.82665, 11.1, -1.8285],
			"to": [15.32665, 14.6, 0.1715],
			"rotation": {"angle": -22.5, "axis": "y", "origin": [12.57665, 12.85, -0.8285]},
			"faces": {
				"north": {"uv": [13, 10.4, 12, 11], "texture": "#4"},
				"east": {"uv": [14.6, 5.4, 15, 6], "texture": "#4"},
				"south": {"uv": [12.2, 0.8, 13.2, 1.4], "texture": "#4"},
				"west": {"uv": [14.6, 6.2, 15, 6.8], "texture": "#4"},
				"up": {"uv": [14.8, 8.8, 13.8, 8.4], "texture": "#4"},
				"down": {"uv": [14.8, 9, 13.8, 9.4], "texture": "#4"}
			}
		},
		{
			"from": [12.13635, 5.9, -0.87179],
			"to": [15.13635, 11.1, 1.12821],
			"rotation": {"angle": -22.5, "axis": "y", "origin": [14.88635, 6.1, 0.12821]},
			"faces": {
				"north": {"uv": [13, 4.4, 12.4, 5.4], "texture": "#4"},
				"east": {"uv": [0, 14.2, 0.4, 15.2], "texture": "#4"},
				"south": {"uv": [12.4, 8, 13, 9], "texture": "#4"},
				"west": {"uv": [0.6, 14.2, 1, 15.2], "texture": "#4"},
				"up": {"uv": [15.2, 13.2, 14.6, 12.8], "texture": "#4"},
				"down": {"uv": [2.4, 14.8, 1.8, 15.2], "texture": "#4"}
			}
		},
		{
			"from": [9.82665, -1.5, -1.8285],
			"to": [15.32665, 5.9, 0.1715],
			"rotation": {"angle": -22.5, "axis": "y", "origin": [12.57665, 3.5, -0.8285]},
			"faces": {
				"north": {"uv": [11.8, 10.8, 10.8, 12.2], "texture": "#4"},
				"east": {"uv": [0, 12.6, 0.4, 14], "texture": "#4"},
				"south": {"uv": [9.6, 10.4, 10.6, 11.8], "texture": "#4"},
				"west": {"uv": [0.6, 12.6, 1, 14], "texture": "#4"},
				"up": {"uv": [14.4, 1, 13.4, 0.6], "texture": "#4"},
				"down": {"uv": [14.4, 1.2, 13.4, 1.6], "texture": "#4"}
			}
		},
		{
			"from": [5.58134, 11.1, -2.80476],
			"to": [10.43134, 14.6, -0.60476],
			"rotation": {"angle": 0, "axis": "y", "origin": [8.33134, 12.85, -1.80476]},
			"faces": {
				"north": {"uv": [12.2, 1.6, 13.2, 2.2], "texture": "#4"},
				"east": {"uv": [14.6, 7, 15, 7.6], "texture": "#4"},
				"south": {"uv": [10.4, 12.4, 11.4, 13], "texture": "#4"},
				"west": {"uv": [14.6, 10.2, 15, 10.8], "texture": "#4"},
				"up": {"uv": [14.8, 10, 13.8, 9.6], "texture": "#4"},
				"down": {"uv": [15, 11.6, 14, 12], "texture": "#4"}
			}
		},
		{
			"from": [7.08134, 8.1, -2.80476],
			"to": [8.93134, 11.1, -1.80476],
			"rotation": {"angle": 0, "axis": "y", "origin": [8.33134, 9.35, -1.80476]},
			"faces": {
				"north": {"uv": [2.6, 14.8, 3, 15.4], "texture": "#4"},
				"east": {"uv": [2.4, 6.4, 2.6, 7], "texture": "#4"},
				"south": {"uv": [3.2, 14.8, 3.6, 15.4], "texture": "#4"},
				"west": {"uv": [2.4, 7.2, 2.6, 7.8], "texture": "#4"},
				"up": {"uv": [3.2, 2.6, 2.8, 2.4], "texture": "#4"},
				"down": {"uv": [3.8, 2.4, 3.4, 2.6], "texture": "#4"}
			}
		},
		{
			"from": [7.25, 7.3, -2.80476],
			"to": [8.7, 8.75, -1.80476],
			"rotation": {"angle": 45, "axis": "z", "origin": [8.00634, 8.05, -1.70476]},
			"faces": {
				"north": {"uv": [4, 2.4, 4.2, 2.6], "texture": "#4"},
				"east": {"uv": [4.4, 2.4, 4.6, 2.6], "texture": "#4"},
				"south": {"uv": [4.8, 2.4, 5, 2.6], "texture": "#4"},
				"west": {"uv": [5.2, 2.4, 5.4, 2.6], "texture": "#4"},
				"up": {"uv": [2.6, 8.2, 2.4, 8], "texture": "#4"},
				"down": {"uv": [8.6, 8, 8.4, 8.2], "texture": "#4"}
			}
		},
		{
			"from": [0.67335, 11.1, -1.8285],
			"to": [6.17335, 14.6, 0.1715],
			"rotation": {"angle": 22.5, "axis": "y", "origin": [3.42335, 9.6, -0.8285]},
			"faces": {
				"north": {"uv": [12, 10.4, 13, 11], "texture": "#4"},
				"east": {"uv": [1.2, 14.2, 1.6, 14.8], "texture": "#4"},
				"south": {"uv": [12, 11.2, 13, 11.8], "texture": "#4"},
				"west": {"uv": [9.2, 14.4, 9.6, 15], "texture": "#4"},
				"up": {"uv": [14.2, 14.2, 13.2, 13.8], "texture": "#4"},
				"down": {"uv": [14.8, 7.8, 13.8, 8.2], "texture": "#4"}
			}
		},
		{
			"from": [0.67335, 5.9, -1.8285],
			"to": [3.67335, 11.1, 0.1715],
			"rotation": {"angle": 22.5, "axis": "y", "origin": [3.42335, 6.1, -0.8285]},
			"faces": {
				"north": {"uv": [12.4, 4.4, 13, 5.4], "texture": "#4"},
				"east": {"uv": [9.8, 14, 10.2, 15], "texture": "#4"},
				"south": {"uv": [12.4, 5.6, 13, 6.6], "texture": "#4"},
				"west": {"uv": [11.6, 14, 12, 15], "texture": "#4"},
				"up": {"uv": [15.2, 11.4, 14.6, 11], "texture": "#4"},
				"down": {"uv": [15.2, 12.2, 14.6, 12.6], "texture": "#4"}
			}
		},
		{
			"from": [0.67335, -1.5, -1.8285],
			"to": [6.17335, 5.9, 0.1715],
			"rotation": {"angle": 22.5, "axis": "y", "origin": [3.42335, 3.5, -0.8285]},
			"faces": {
				"north": {"uv": [10.8, 10.8, 11.8, 12.2], "texture": "#4"},
				"east": {"uv": [12.6, 12.6, 13, 14], "texture": "#4"},
				"south": {"uv": [10.8, 2.8, 11.8, 4.2], "texture": "#4"},
				"west": {"uv": [12.6, 2.4, 13, 3.8], "texture": "#4"},
				"up": {"uv": [14.4, 2.2, 13.4, 1.8], "texture": "#4"},
				"down": {"uv": [11.4, 13.8, 10.4, 14.2], "texture": "#4"}
			}
		},
		{
			"from": [5.57289, -0.9, 14.26359],
			"to": [10.42289, 14.6, 16.46359],
			"rotation": {"angle": 0, "axis": "y", "origin": [8.00211, 12.85, 14.77941]},
			"faces": {
				"north": {"uv": [0, 6.4, 1, 9.4], "texture": "#4"},
				"east": {"uv": [1.6, 9.6, 2, 12.6], "texture": "#4"},
				"south": {"uv": [1.2, 6.4, 2.2, 9.4], "texture": "#4"},
				"west": {"uv": [11.2, 6.4, 11.6, 9.4], "texture": "#4"},
				"up": {"uv": [9, 15, 8, 14.6], "texture": "#4"},
				"down": {"uv": [15.6, 14.6, 14.6, 15], "texture": "#4"}
			}
		},
		{
			"from": [0.91402, -0.9, 15.26016],
			"to": [6.41402, 14.6, 17.26016],
			"rotation": {"angle": -22.5, "axis": "y", "origin": [8.00211, 12.85, 14.77941]},
			"faces": {
				"north": {"uv": [7.6, 0, 8.6, 3], "texture": "#4"},
				"east": {"uv": [2.2, 11.6, 2.6, 14.6], "texture": "#4"},
				"south": {"uv": [2.4, 8.4, 3.4, 11.4], "texture": "#4"},
				"west": {"uv": [2.8, 11.6, 3.2, 14.6], "texture": "#4"},
				"up": {"uv": [15.6, 1, 14.6, 0.6], "texture": "#4"},
				"down": {"uv": [15.6, 1.2, 14.6, 1.6], "texture": "#4"}
			}
		},
		{
			"from": [9.59411, -0.9, 15.26178],
			"to": [15.09411, 14.6, 17.26178],
			"rotation": {"angle": 22.5, "axis": "y", "origin": [8.00211, 12.85, 14.77941]},
			"faces": {
				"north": {"uv": [3.6, 8.4, 4.6, 11.4], "texture": "#4"},
				"east": {"uv": [3.4, 11.6, 3.8, 14.6], "texture": "#4"},
				"south": {"uv": [3.4, 8.4, 2.4, 11.4], "texture": "#4"},
				"west": {"uv": [4, 11.6, 4.4, 14.6], "texture": "#4"},
				"up": {"uv": [15.6, 2.2, 14.6, 1.8], "texture": "#4"},
				"down": {"uv": [15.6, 2.4, 14.6, 2.8], "texture": "#4"}
			}
		},
		{
			"from": [1.0939, 14.6, 0.24689],
			"to": [7.0939, 16.3, 2.24689],
			"rotation": {"angle": 45, "axis": "y", "origin": [4.3439, 13.1, 1.24689]},
			"faces": {
				"north": {"uv": [13.2, 13.2, 14.4, 13.6], "texture": "#4"},
				"east": {"uv": [13.4, 15, 13.8, 15.4], "texture": "#4"},
				"south": {"uv": [13.2, 2.4, 14.4, 2.8], "texture": "#4"},
				"west": {"uv": [14, 15, 14.4, 15.4], "texture": "#4"},
				"up": {"uv": [14.4, 3.4, 13.2, 3], "texture": "#4"},
				"down": {"uv": [14.4, 3.6, 13.2, 4], "texture": "#4"}
			}
		},
		{
			"from": [5.58134, 14.6, -1.40476],
			"to": [10.43134, 16.3, 0.79524],
			"rotation": {"angle": 0, "axis": "y", "origin": [8.33134, 16.35, -0.40476]},
			"faces": {
				"north": {"uv": [10.4, 14.4, 11.4, 14.8], "texture": "#4"},
				"east": {"uv": [14.8, 0, 15.2, 0.4], "texture": "#4"},
				"south": {"uv": [12.2, 14.4, 13.2, 14.8], "texture": "#4"},
				"west": {"uv": [11, 15, 11.4, 15.4], "texture": "#4"},
				"up": {"uv": [14.4, 14.8, 13.4, 14.4], "texture": "#4"},
				"down": {"uv": [15.4, 13.8, 14.4, 14.2], "texture": "#4"}
			}
		},
		{
			"from": [8.91877, 14.6, 0.24689],
			"to": [14.91877, 16.3, 2.24689],
			"rotation": {"angle": -45, "axis": "y", "origin": [11.66877, 16.35, 1.24689]},
			"faces": {
				"north": {"uv": [12.4, 9.2, 13.6, 9.6], "texture": "#4"},
				"east": {"uv": [12.2, 15, 12.6, 15.4], "texture": "#4"},
				"south": {"uv": [12.4, 9.8, 13.6, 10.2], "texture": "#4"},
				"west": {"uv": [12.8, 15, 13.2, 15.4], "texture": "#4"},
				"up": {"uv": [13.8, 12.4, 12.6, 12], "texture": "#4"},
				"down": {"uv": [11.6, 13.2, 10.4, 13.6], "texture": "#4"}
			}
		},
		{
			"from": [8.12847, 14.6, 14.15487],
			"to": [14.12847, 16.3, 16.15487],
			"rotation": {"angle": 45, "axis": "y", "origin": [8.00634, 15.45, 12.84753]},
			"faces": {
				"north": {"uv": [13.2, 4.2, 14.4, 4.6], "texture": "#4"},
				"east": {"uv": [15, 7.8, 15.4, 8.2], "texture": "#4"},
				"south": {"uv": [13.2, 4.8, 14.4, 5.2], "texture": "#4"},
				"west": {"uv": [15, 8.4, 15.4, 8.8], "texture": "#4"},
				"up": {"uv": [14.4, 5.8, 13.2, 5.4], "texture": "#4"},
				"down": {"uv": [14.4, 6, 13.2, 6.4], "texture": "#4"}
			}
		},
		{
			"from": [5.58134, 14.6, 12.89981],
			"to": [10.43134, 16.3, 15.09981],
			"rotation": {"angle": 0, "axis": "y", "origin": [8.00634, 15.45, 12.84753]},
			"faces": {
				"north": {"uv": [14.6, 3, 15.6, 3.4], "texture": "#4"},
				"east": {"uv": [15, 9, 15.4, 9.4], "texture": "#4"},
				"south": {"uv": [14.6, 3.6, 15.6, 4], "texture": "#4"},
				"west": {"uv": [15, 9.6, 15.4, 10], "texture": "#4"},
				"up": {"uv": [15.6, 4.6, 14.6, 4.2], "texture": "#4"},
				"down": {"uv": [15.6, 4.8, 14.6, 5.2], "texture": "#4"}
			}
		},
		{
			"from": [4.699, 14.6, 6.7254],
			"to": [6.699, 16.3, 12.7254],
			"rotation": {"angle": 45, "axis": "y", "origin": [8.00634, 15.45, 12.84753]},
			"faces": {
				"north": {"uv": [7.6, 15.2, 8, 15.6], "texture": "#4"},
				"east": {"uv": [13.2, 6.6, 14.4, 7], "texture": "#4"},
				"south": {"uv": [8.2, 15.2, 8.6, 15.6], "texture": "#4"},
				"west": {"uv": [13.2, 7.2, 14.4, 7.6], "texture": "#4"},
				"up": {"uv": [1.6, 14, 1.2, 12.8], "texture": "#4"},
				"down": {"uv": [13.6, 7.8, 13.2, 9], "texture": "#4"}
			}
		},
		{
			"from": [1.38134, 12.7, -0.70476],
			"to": [14.63134, 16.2, 14.29524],
			"rotation": {"angle": 0, "axis": "y", "origin": [8.33134, 14.45, 6.59524]},
			"faces": {
				"north": {"uv": [8.4, 6.4, 11, 7], "texture": "#4"},
				"east": {"uv": [5.6, 4.8, 8.6, 5.4], "texture": "#4"},
				"south": {"uv": [8.4, 7.2, 11, 7.8], "texture": "#4"},
				"west": {"uv": [7.6, 3.2, 10.6, 3.8], "texture": "#4"},
				"up": {"uv": [2.6, 3, 0, 0], "texture": "#4"},
				"down": {"uv": [5.4, 2.8, 2.8, 5.8], "texture": "#4"}
			}
		},
		{
			"from": [1.28134, 11.1, -0.70476],
			"to": [14.63134, 14.5, 14.19524],
			"rotation": {"angle": 0, "axis": "y", "origin": [8.33134, 12.75, 6.59524]},
			"faces": {
				"north": {"uv": [8.8, 4.8, 11.4, 5.4], "texture": "#4"},
				"east": {"uv": [7.6, 4, 10.6, 4.6], "texture": "#4"},
				"south": {"uv": [9.6, 9.6, 12.2, 10.2], "texture": "#4"},
				"west": {"uv": [8.4, 5.6, 11.4, 6.2], "texture": "#4"},
				"up": {"uv": [2.6, 6.2, 0, 3.2], "texture": "#4"},
				"down": {"uv": [8.2, 5.6, 5.6, 8.6], "texture": "#4"}
			}
		},
		{
			"from": [5.18134, 15.9, 3.89524],
			"to": [10.78134, 17.6, 9.49524],
			"rotation": {"angle": 45, "axis": "y", "origin": [7.98134, 16.75, 6.69524]},
			"faces": {
				"north": {"uv": [13.2, 10.4, 14.4, 10.8], "texture": "#4"},
				"east": {"uv": [13.2, 11, 14.4, 11.4], "texture": "#4"},
				"south": {"uv": [13.2, 12.6, 14.4, 13], "texture": "#4"},
				"west": {"uv": [13.4, 0, 14.6, 0.4], "texture": "#4"},
				"up": {"uv": [10.8, 1.2, 9.6, 0], "texture": "#4"},
				"down": {"uv": [10.8, 1.4, 9.6, 2.6], "texture": "#4"}
			}
		}
	],
	"display": {
		"thirdperson_righthand": {
			"rotation": [65, 0, 0],
			"scale": [0.4, 0.4, 0.4]
		},
		"thirdperson_lefthand": {
			"rotation": [65, 0, 0],
			"scale": [0.4, 0.4, 0.4]
		},
		"firstperson_righthand": {
			"rotation": [10, 135, 0],
			"translation": [0.5, 3.5, 0],
			"scale": [0.4, 0.4, 0.4]
		},
		"firstperson_lefthand": {
			"rotation": [10, 135, 0],
			"translation": [0.5, 3.5, 0],
			"scale": [0.4, 0.4, 0.4]
		},
		"ground": {
			"translation": [0, 8, 0],
			"scale": [0.45, 0.45, 0.45]
		},
		"gui": {
			"rotation": [0, -180, 0],
			"translation": [0, 0, -10]
		},
		"head": {
			"translation": [0, 0, 0.75]
		},
		"fixed": {
			"rotation": [0, 0, -30],
			"translation": [2, 3, -10]
		}
	},
	"groups": [
		0,
		{
			"name": "group",
			"origin": [1.32821, 6.1, -0.08635],
			"color": 0,
			"children": [1, 2, 3]
		},
		{
			"name": "group",
			"origin": [14.67179, 6.1, -0.08635],
			"color": 0,
			"children": [4, 5, 6]
		},
		{
			"name": "group",
			"origin": [3.42335, 3.5, -0.8285],
			"color": 0,
			"children": [7, 8, 9, 10, 11, 12, 13, 14, 15]
		},
		{
			"name": "group",
			"origin": [8.00211, 12.85, 14.77941],
			"color": 0,
			"children": [16, 17, 18]
		},
		{
			"name": "group",
			"origin": [11.66877, 16.35, 1.24689],
			"color": 0,
			"children": [19, 20, 21]
		},
		{
			"name": "group",
			"origin": [11.66877, 16.35, 1.24689],
			"color": 0,
			"children": [22, 23, 24]
		},
		25,
		26,
		27
	]
}