{
	"credit": "Made with Blockbench",
	"textures": {
		"0": "customitem/uccool_0000_image-1",
		"particle": "customitem/uccool_0000_image-1"
	},
	"elements": [
		{
			"from": [-2, 0, 8],
			"to": [18, 20, 8.1],
			"rotation": {"angle": 0, "axis": "y", "origin": [8, 10, 8]},
			"faces": {
				"north": {"uv": [0, 0, 16, 16], "texture": "#0"},
				"east": {"uv": [0, 0, 0, 5], "texture": "#0"},
				"south": {"uv": [0, 0, 15.78, 16], "texture": "#0"},
				"west": {"uv": [0, 0, 0, 5], "texture": "#0"},
				"up": {"uv": [8, 0, 0, 0.52], "texture": "#0"},
				"down": {"uv": [8, 0, 0, 0], "texture": "#0"}
			}
		}
	],
	"display": {
		"thirdperson_righthand": {
			"translation": [-3, 9.25, 0.5],
			"scale": [1.21, 1.21, 1.32]
		},
		"ground": {
			"scale": [4, 4, 1]
		},
		"gui": {
			"translation": [-1.5, -1.25, 0],
			"scale": [1.49, 1.44, 1]
		},
		"head": {
			"translation": [-1.5, -16.75, 10.5],
			"scale": [4, 4, 4]
		},
		"fixed": {
			"translation": [0, 0, -5.25],
			"scale": [2.21, 2.26, 1]
		}
	}
}