{"textures":{"0":"modelengine:entity/unknown"},"elements":[{"name":"bone34","from":[7.17734,11.914675,7.3525105],"to":[8.765924,13.049377,17.394619],"rotation":{"angle":45.0,"axis":"x","origin":[7.347548,14.8649,9.565179]},"faces":{"down":{"uv":[7.75,10.5,7.375,12.625],"rotation":0,"texture":"#0","tintindex":0},"east":{"uv":[11.25,2.625,13.375,2.875],"rotation":0,"texture":"#0","tintindex":0},"north":{"uv":[12.875,10.25,13.25,10.5],"rotation":0,"texture":"#0","tintindex":0},"south":{"uv":[10.375,12.875,10.75,13.125],"rotation":0,"texture":"#0","tintindex":0},"up":{"uv":[7.375,12.5,7.0,10.375],"rotation":0,"texture":"#0","tintindex":0},"west":{"uv":[11.25,6.25,13.375,6.5],"rotation":0,"texture":"#0","tintindex":0}}},{"name":"bone34","from":[7.971632,10.054676,4.3525105],"to":[7.971632,15.989378,17.394619],"rotation":{"angle":45.0,"axis":"x","origin":[6.553256,14.8649,9.565179]},"faces":{"down":{"uv":[0.0,0.0,0.0,2.75],"rotation":0,"texture":"#0","tintindex":0},"east":{"uv":[0.0,2.0,2.75,3.25],"rotation":0,"texture":"#0","tintindex":0},"north":{"uv":[0.0,0.0,0.0,1.25],"rotation":0,"texture":"#0","tintindex":0},"south":{"uv":[0.0,0.0,0.0,1.25],"rotation":0,"texture":"#0","tintindex":0},"up":{"uv":[0.0,2.75,0.0,0.0],"rotation":0,"texture":"#0","tintindex":0},"west":{"uv":[2.75,2.0,5.5,3.25],"rotation":0,"texture":"#0","tintindex":0}}},{"name":"bone34","from":[6.383054,7.3003573,2.4499402],"to":[9.560216,10.81793,15.49901],"rotation":{"angle":0.0,"axis":"x","origin":[8.113472,8.045708,8.226938]},"faces":{"down":{"uv":[6.5,6.5,5.875,9.25],"rotation":0,"texture":"#0","tintindex":0},"east":{"uv":[2.75,3.25,5.5,4.0],"rotation":0,"texture":"#0","tintindex":0},"north":{"uv":[0.625,11.5,1.25,12.25],"rotation":0,"texture":"#0","tintindex":0},"south":{"uv":[11.625,0.875,12.25,1.625],"rotation":0,"texture":"#0","tintindex":0},"up":{"uv":[5.875,9.25,5.25,6.5],"rotation":0,"texture":"#0","tintindex":0},"west":{"uv":[3.875,0.0,6.625,0.75],"rotation":0,"texture":"#0","tintindex":0}}},{"name":"bone34","from":[6.8369303,6.464918,2.4583516],"to":[9.106335,8.166968,12.103316],"rotation":{"angle":0.0,"axis":"x","origin":[8.0,8.045708,8.0]},"faces":{"down":{"uv":[3.0,10.25,2.5,12.25],"rotation":0,"texture":"#0","tintindex":0},"east":{"uv":[10.875,4.25,12.875,4.625],"rotation":0,"texture":"#0","tintindex":0},"north":{"uv":[5.25,6.125,5.75,6.5],"rotation":0,"texture":"#0","tintindex":0},"south":{"uv":[12.375,10.125,12.875,10.5],"rotation":0,"texture":"#0","tintindex":0},"up":{"uv":[2.5,11.875,2.0,9.875],"rotation":0,"texture":"#0","tintindex":0},"west":{"uv":[10.875,4.625,12.875,5.0],"rotation":0,"texture":"#0","tintindex":0}}}],"display":{"head":{"translation":[0.0,-6.4,0.0],"rotation":[0.0,0.0,0.0],"scale":[3.8095,3.8095,3.8095]}}}