{"textures":{"0":"modelengine:entity/unknown"},"elements":[{"name":"bone12","from":[7.3759103,6.5989637,7.31918],"to":[8.624084,8.35775,8.68082],"rotation":{"angle":0.0,"axis":"x","origin":[8.0,8.045708,8.0]},"faces":{"down":{"uv":[13.375,8.125,13.125,8.375],"rotation":0,"texture":"#0","tintindex":0},"east":{"uv":[8.0,7.25,8.25,7.625],"rotation":0,"texture":"#0","tintindex":0},"north":{"uv":[7.75,6.125,8.0,6.5],"rotation":0,"texture":"#0","tintindex":0},"south":{"uv":[2.25,11.875,2.5,12.25],"rotation":0,"texture":"#0","tintindex":0},"up":{"uv":[13.375,5.75,13.125,5.5],"rotation":0,"texture":"#0","tintindex":0},"west":{"uv":[12.875,1.0,13.125,1.375],"rotation":0,"texture":"#0","tintindex":0}}},{"name":"bone12","from":[7.205708,6.0316095,6.638354],"to":[8.794292,7.223048,8.4538765],"rotation":{"angle":0.0,"axis":"x","origin":[11.971455,6.042638,13.446567]},"faces":{"down":{"uv":[13.125,0.0,12.75,0.375],"rotation":0,"texture":"#0","tintindex":0},"east":{"uv":[12.875,4.25,13.25,4.5],"rotation":0,"texture":"#0","tintindex":0},"north":{"uv":[12.875,1.625,13.25,1.875],"rotation":0,"texture":"#0","tintindex":0},"south":{"uv":[12.875,4.5,13.25,4.75],"rotation":0,"texture":"#0","tintindex":0},"up":{"uv":[13.0,12.75,12.625,12.375],"rotation":0,"texture":"#0","tintindex":0},"west":{"uv":[12.875,4.75,13.25,5.0],"rotation":0,"texture":"#0","tintindex":0}}}],"display":{"head":{"translation":[0.0,-6.4,0.0],"rotation":[0.0,0.0,0.0],"scale":[3.8095,3.8095,3.8095]}}}