{"textures":{"0":"modelengine:entity/unknown"},"elements":[{"name":"bone10","from":[7.1489778,4.63508,7.1065702],"to":[7.716326,7.4718323,9.943321],"rotation":{"angle":0.0,"axis":"x","origin":[11.971455,-5.282531,14.482131]},"faces":{"down":{"uv":[10.875,12.875,10.75,13.5],"rotation":0,"texture":"#0","tintindex":0},"east":{"uv":[8.625,5.5,9.25,6.125],"rotation":0,"texture":"#0","tintindex":0},"north":{"uv":[2.625,6.875,2.75,7.5],"rotation":0,"texture":"#0","tintindex":0},"south":{"uv":[7.0,2.25,7.125,2.875],"rotation":0,"texture":"#0","tintindex":0},"up":{"uv":[12.625,12.25,12.5,11.625],"rotation":0,"texture":"#0","tintindex":0},"west":{"uv":[3.0,11.75,3.625,12.375],"rotation":0,"texture":"#0","tintindex":0}}},{"name":"bone10","from":[7.356326,-0.82492065,8.42657],"to":[7.356326,6.991832,12.763322],"rotation":{"angle":0.0,"axis":"x","origin":[7.356326,5.063456,11.254946]},"faces":{"down":{"uv":[0.0,0.0,0.0,0.875],"rotation":0,"texture":"#0","tintindex":0},"east":{"uv":[2.625,7.5,3.5,9.125],"rotation":0,"texture":"#0","tintindex":0},"north":{"uv":[0.0,0.0,0.0,1.625],"rotation":0,"texture":"#0","tintindex":0},"south":{"uv":[0.0,0.0,0.0,1.625],"rotation":0,"texture":"#0","tintindex":0},"up":{"uv":[0.0,0.875,0.0,0.0],"rotation":0,"texture":"#0","tintindex":0},"west":{"uv":[3.5,7.5,4.375,9.125],"rotation":0,"texture":"#0","tintindex":0}}},{"name":"bone10","from":[7.716326,4.63508,6.539222],"to":[8.283674,8.606533,10.510675],"rotation":{"angle":0.0,"axis":"x","origin":[11.971455,-5.282531,14.482131]},"faces":{"down":{"uv":[11.25,12.75,11.125,13.625],"rotation":0,"texture":"#0","tintindex":0},"east":{"uv":[7.75,10.5,8.625,11.375],"rotation":0,"texture":"#0","tintindex":0},"north":{"uv":[0.5,12.375,0.625,13.25],"rotation":0,"texture":"#0","tintindex":0},"south":{"uv":[7.625,12.625,7.75,13.5],"rotation":0,"texture":"#0","tintindex":0},"up":{"uv":[9.25,13.625,9.125,12.75],"rotation":0,"texture":"#0","tintindex":0},"west":{"uv":[8.625,10.5,9.5,11.375],"rotation":0,"texture":"#0","tintindex":0}}},{"name":"bone10","from":[7.205702,1.2375016,7.716326],"to":[8.851023,4.868546,8.794292],"rotation":{"angle":0.0,"axis":"x","origin":[8.0,2.9395518,8.0]},"faces":{"down":{"uv":[13.125,8.125,12.75,8.375],"rotation":0,"texture":"#0","tintindex":0},"east":{"uv":[7.125,3.25,7.375,4.0],"rotation":0,"texture":"#0","tintindex":0},"north":{"uv":[8.875,12.0,9.25,12.75],"rotation":0,"texture":"#0","tintindex":0},"south":{"uv":[10.875,12.0,11.25,12.75],"rotation":0,"texture":"#0","tintindex":0},"up":{"uv":[9.875,10.75,9.5,10.5],"rotation":0,"texture":"#0","tintindex":0},"west":{"uv":[1.75,11.0,2.0,11.75],"rotation":0,"texture":"#0","tintindex":0}}},{"name":"bone10","from":[7.148972,1.0040352,8.241272],"to":[8.851023,4.63508,9.943321],"rotation":{"angle":0.0,"axis":"x","origin":[11.971455,-5.282531,14.482131]},"faces":{"down":{"uv":[7.0,1.125,6.625,1.5],"rotation":0,"texture":"#0","tintindex":0},"east":{"uv":[12.125,0.0,12.5,0.75],"rotation":0,"texture":"#0","tintindex":0},"north":{"uv":[11.25,12.0,11.625,12.75],"rotation":0,"texture":"#0","tintindex":0},"south":{"uv":[12.125,2.875,12.5,3.625],"rotation":0,"texture":"#0","tintindex":0},"up":{"uv":[5.5,2.0,5.125,1.625],"rotation":0,"texture":"#0","tintindex":0},"west":{"uv":[9.25,12.125,9.625,12.875],"rotation":0,"texture":"#0","tintindex":0}}}],"display":{"head":{"translation":[0.0,-6.4,0.0],"rotation":[0.0,0.0,0.0],"scale":[3.8095,3.8095,3.8095]}}}