{"textures":{"0":"modelengine:entity/unknown"},"elements":[{"name":"bone22","from":[4.8511996,11.7027445,11.365076],"to":[11.148794,12.326828,16.471233],"rotation":{"angle":0.0,"axis":"x","origin":[8.0,-4.0018487,8.528324]},"faces":{"down":{"uv":[9.375,0.0,8.125,1.125],"rotation":0,"texture":"#0","tintindex":0},"east":{"uv":[12.25,4.125,13.375,4.25],"rotation":0,"texture":"#0","tintindex":0},"north":{"uv":[3.875,1.875,5.125,2.0],"rotation":0,"texture":"#0","tintindex":0},"south":{"uv":[12.25,1.5,13.5,1.625],"rotation":0,"texture":"#0","tintindex":0},"up":{"uv":[9.25,7.25,8.0,6.125],"rotation":0,"texture":"#0","tintindex":0},"west":{"uv":[12.5,6.875,13.625,7.0],"rotation":0,"texture":"#0","tintindex":0}}},{"name":"bone22","from":[4.2838516,6.3696437,10.797728],"to":[11.716148,11.759474,17.038586],"rotation":{"angle":0.0,"axis":"x","origin":[8.0,-4.0018487,8.528324]},"faces":{"down":{"uv":[5.75,4.875,4.25,6.125],"rotation":0,"texture":"#0","tintindex":0},"east":{"uv":[8.25,7.25,9.5,8.375],"rotation":0,"texture":"#0","tintindex":0},"north":{"uv":[6.5,6.5,8.0,7.625],"rotation":0,"texture":"#0","tintindex":0},"south":{"uv":[6.625,0.0,8.125,1.125],"rotation":0,"texture":"#0","tintindex":0},"up":{"uv":[4.25,6.125,2.75,4.875],"rotation":0,"texture":"#0","tintindex":0},"west":{"uv":[8.25,8.375,9.5,9.5],"rotation":0,"texture":"#0","tintindex":0}}},{"name":"bone22","from":[4.8511996,4.5408792,5.201372],"to":[11.148794,6.8102837,11.669168],"rotation":{"angle":0.0,"axis":"x","origin":[8.0,3.8681414,5.0462]},"faces":{"down":{"uv":[7.0,5.125,5.75,6.5],"rotation":0,"texture":"#0","tintindex":0},"east":{"uv":[10.875,5.0,12.25,5.5],"rotation":0,"texture":"#0","tintindex":0},"north":{"uv":[7.375,4.625,8.625,5.125],"rotation":0,"texture":"#0","tintindex":0},"south":{"uv":[0.0,11.0,1.25,11.5],"rotation":0,"texture":"#0","tintindex":0},"up":{"uv":[2.75,6.875,1.5,5.5],"rotation":0,"texture":"#0","tintindex":0},"west":{"uv":[10.875,7.375,12.25,7.875],"rotation":0,"texture":"#0","tintindex":0}}},{"name":"bone22","from":[4.000178,6.7667894,5.6915717],"to":[11.999823,11.362334,10.797728],"rotation":{"angle":0.0,"axis":"x","origin":[8.0,-4.0018487,8.528324]},"faces":{"down":{"uv":[7.375,4.0,5.75,5.125],"rotation":0,"texture":"#0","tintindex":0},"east":{"uv":[8.75,9.5,9.875,10.5],"rotation":0,"texture":"#0","tintindex":0},"north":{"uv":[7.0,5.125,8.625,6.125],"rotation":0,"texture":"#0","tintindex":0},"south":{"uv":[7.125,2.25,8.75,3.25],"rotation":0,"texture":"#0","tintindex":0},"up":{"uv":[7.125,4.0,5.5,2.875],"rotation":0,"texture":"#0","tintindex":0},"west":{"uv":[9.75,1.0,10.875,2.0],"rotation":0,"texture":"#0","tintindex":0}}},{"name":"bone22","from":[7.94,9.58679,2.691572],"to":[7.94,15.382334,20.99773],"rotation":{"angle":0.0,"axis":"x","origin":[7.94,13.084562,11.84465]},"faces":{"down":{"uv":[0.0,0.0,0.0,3.875],"rotation":0,"texture":"#0","tintindex":0},"east":{"uv":[0.0,0.0,3.875,1.0],"rotation":0,"texture":"#0","tintindex":0},"north":{"uv":[0.0,0.0,0.0,1.0],"rotation":0,"texture":"#0","tintindex":0},"south":{"uv":[0.0,0.0,0.0,1.0],"rotation":0,"texture":"#0","tintindex":0},"up":{"uv":[0.0,3.875,0.0,0.0],"rotation":0,"texture":"#0","tintindex":0},"west":{"uv":[0.0,1.0,3.875,2.0],"rotation":0,"texture":"#0","tintindex":0}}},{"name":"bone22","from":[5.673866,6.3696437,-1.6839876],"to":[10.326139,11.5892725,3.422168],"rotation":{"angle":0.0,"axis":"x","origin":[8.538986,7.7312894,0.86908937]},"faces":{"down":{"uv":[10.875,4.375,9.875,5.5],"rotation":0,"texture":"#0","tintindex":0},"east":{"uv":[9.25,5.5,10.375,6.625],"rotation":0,"texture":"#0","tintindex":0},"north":{"uv":[9.75,3.25,10.75,4.375],"rotation":0,"texture":"#0","tintindex":0},"south":{"uv":[0.0,9.875,1.0,11.0],"rotation":0,"texture":"#0","tintindex":0},"up":{"uv":[2.0,11.0,1.0,9.875],"rotation":0,"texture":"#0","tintindex":0},"west":{"uv":[6.375,9.25,7.5,10.375],"rotation":0,"texture":"#0","tintindex":0}}},{"name":"bone22","from":[4.8511996,4.5541215,0.0180614],"to":[11.148794,11.305597,5.124218],"rotation":{"angle":0.0,"axis":"x","origin":[8.0,-4.0018487,8.528324]},"faces":{"down":{"uv":[9.75,3.25,8.5,4.375],"rotation":0,"texture":"#0","tintindex":0},"east":{"uv":[1.5,6.875,2.625,8.25],"rotation":0,"texture":"#0","tintindex":0},"north":{"uv":[2.75,6.125,4.0,7.5],"rotation":0,"texture":"#0","tintindex":0},"south":{"uv":[4.0,6.125,5.25,7.5],"rotation":0,"texture":"#0","tintindex":0},"up":{"uv":[9.75,2.25,8.5,1.125],"rotation":0,"texture":"#0","tintindex":0},"west":{"uv":[7.375,3.25,8.5,4.625],"rotation":0,"texture":"#0","tintindex":0}}},{"name":"bone22","from":[4.2838516,5.3484135,-0.5492861],"to":[11.716148,10.738244,5.6915717],"rotation":{"angle":0.0,"axis":"x","origin":[8.0,-4.0018487,8.528324]},"faces":{"down":{"uv":[7.0,1.625,5.5,2.875],"rotation":0,"texture":"#0","tintindex":0},"east":{"uv":[8.625,4.375,9.875,5.5],"rotation":0,"texture":"#0","tintindex":0},"north":{"uv":[0.0,6.75,1.5,7.875],"rotation":0,"texture":"#0","tintindex":0},"south":{"uv":[7.0,1.125,8.5,2.25],"rotation":0,"texture":"#0","tintindex":0},"up":{"uv":[1.5,6.75,0.0,5.5],"rotation":0,"texture":"#0","tintindex":0},"west":{"uv":[2.625,9.125,3.875,10.25],"rotation":0,"texture":"#0","tintindex":0}}},{"name":"bone22","from":[6.723464,7.5981016,1.5226038],"to":[9.276543,11.683028,7.423052],"rotation":{"angle":0.0,"axis":"x","origin":[7.432652,9.640568,2.9977157]},"faces":{"down":{"uv":[11.625,10.75,11.125,12.0],"rotation":0,"texture":"#0","tintindex":0},"east":{"uv":[9.875,9.375,11.125,10.25],"rotation":0,"texture":"#0","tintindex":0},"north":{"uv":[6.125,0.75,6.625,1.625],"rotation":0,"texture":"#0","tintindex":0},"south":{"uv":[11.625,2.875,12.125,3.75],"rotation":0,"texture":"#0","tintindex":0},"up":{"uv":[1.75,12.25,1.25,11.0],"rotation":0,"texture":"#0","tintindex":0},"west":{"uv":[10.0,2.0,11.25,2.875],"rotation":0,"texture":"#0","tintindex":0}}},{"name":"bone22","from":[4.8511996,5.4618855,11.365076],"to":[11.148794,6.42638,16.471233],"rotation":{"angle":0.0,"axis":"x","origin":[8.0,-4.0018487,8.528324]},"faces":{"down":{"uv":[6.375,9.25,5.125,10.375],"rotation":0,"texture":"#0","tintindex":0},"east":{"uv":[11.625,7.0,12.75,7.25],"rotation":0,"texture":"#0","tintindex":0},"north":{"uv":[3.875,1.625,5.125,1.875],"rotation":0,"texture":"#0","tintindex":0},"south":{"uv":[11.625,1.625,12.875,1.875],"rotation":0,"texture":"#0","tintindex":0},"up":{"uv":[5.125,10.25,3.875,9.125],"rotation":0,"texture":"#0","tintindex":0},"west":{"uv":[7.75,12.0,8.875,12.25],"rotation":0,"texture":"#0","tintindex":0}}},{"name":"bone22","from":[4.822832,6.256178,5.6915717],"to":[11.177162,10.73825,16.471237],"rotation":{"angle":0.0,"axis":"x","origin":[8.0,-4.0018487,8.528324]},"faces":{"down":{"uv":[2.75,3.25,1.375,5.5],"rotation":0,"texture":"#0","tintindex":0},"east":{"uv":[3.875,0.75,6.125,1.625],"rotation":0,"texture":"#0","tintindex":0},"north":{"uv":[9.5,7.625,10.875,8.5],"rotation":0,"texture":"#0","tintindex":0},"south":{"uv":[9.5,8.5,10.875,9.375],"rotation":0,"texture":"#0","tintindex":0},"up":{"uv":[1.375,5.5,0.0,3.25],"rotation":0,"texture":"#0","tintindex":0},"west":{"uv":[2.75,4.0,5.0,4.875],"rotation":0,"texture":"#0","tintindex":0}}}],"display":{"head":{"translation":[0.0,-6.4,0.0],"rotation":[0.0,0.0,0.0],"scale":[3.8095,3.8095,3.8095]}}}