{
	"credit": "Made with Blockbench",
	"texture_size": [200, 200],
	"textures": {
		"1": "blocks/1/1",
		"6": "blocks/1/2",
		"7": "blocks/1/3",
		"8": "blocks/1/4",
		"9": "blocks/1/5",
		"particle": "blocks/1/7"
	},
	"elements": [
		{
			"from": [8.3476, 29.31707, 8],
			"to": [8.6525, 30.60976, 9],
			"faces": {
				"north": {"uv": [0.08, 0.08, 0.08, 0.16], "texture": "#8"},
				"east": {"uv": [0, 0.08, 0.08, 0.16], "texture": "#8"},
				"south": {"uv": [0.16, 0.08, 0.16, 0.16], "texture": "#8"},
				"west": {"uv": [0.08, 0.08, 0.16, 0.16], "texture": "#8"},
				"up": {"uv": [0.08, 0.08, 0.08, 0], "texture": "#8"},
				"down": {"uv": [0.08, 0, 0.08, 0.08], "texture": "#8"}
			}
		},
		{
			"from": [8.1402, 28.41463, 8.19512],
			"to": [8.8597, 30, 8.80488],
			"faces": {
				"north": {"uv": [0, 0, 0, 0.08], "texture": "#8"},
				"east": {"uv": [0, 0, 0, 0.08], "texture": "#8"},
				"south": {"uv": [0, 0, 0, 0.08], "texture": "#8"},
				"west": {"uv": [0, 0, 0, 0.08], "texture": "#8"},
				"up": {"uv": [0, 0, 0, 0], "texture": "#8"},
				"down": {"uv": [0, 0, 0, 0], "texture": "#8"}
			}
		},
		{
			"from": [8.3476, 28.43902, 7.5122],
			"to": [8.6525, 29.43902, 9.5122],
			"faces": {
				"north": {"uv": [0.16, 0.16, 0.16, 0.24], "texture": "#8"},
				"east": {"uv": [0, 0.16, 0.16, 0.24], "texture": "#8"},
				"south": {"uv": [0.32, 0.16, 0.32, 0.24], "texture": "#8"},
				"west": {"uv": [0.16, 0.16, 0.32, 0.24], "texture": "#8"},
				"up": {"uv": [0.16, 0.16, 0.16, 0], "texture": "#8"},
				"down": {"uv": [0.16, 0, 0.16, 0.16], "texture": "#8"}
			}
		},
		{
			"name": "剑柄",
			"from": [8.09756, 1.19512, 8],
			"to": [8.90244, 7.70732, 9],
			"rotation": {"angle": 0, "axis": "y", "origin": [8, 1.19512, 8]},
			"faces": {
				"north": {"uv": [0.48, 1.44, 0.48, 1.92], "texture": "#7"},
				"east": {"uv": [0.4, 1.44, 0.48, 1.92], "texture": "#7"},
				"south": {"uv": [0.56, 1.44, 0.56, 1.92], "texture": "#7"},
				"west": {"uv": [0.48, 1.44, 0.56, 1.92], "texture": "#7"},
				"up": {"uv": [0.48, 1.44, 0.48, 1.36], "texture": "#7"},
				"down": {"uv": [0.48, 1.36, 0.48, 1.44], "texture": "#7"}
			}
		},
		{
			"name": "剑身1",
			"from": [8.34756, 11, 7.25],
			"to": [8.65244, 28.5122, 9.75],
			"rotation": {"angle": 0, "axis": "y", "origin": [8, 1, 8]},
			"faces": {
				"north": {"uv": [1.12, 0.4, 1.12, 1.76], "texture": "#8"},
				"east": {"uv": [0.96, 0.4, 1.12, 1.76], "texture": "#8"},
				"south": {"uv": [1.28, 0.4, 1.28, 1.76], "texture": "#8"},
				"west": {"uv": [1.12, 0.4, 1.28, 1.76], "texture": "#8"},
				"up": {"uv": [1.12, 0.4, 1.12, 0.24], "texture": "#8"},
				"down": {"uv": [1.12, 0.24, 1.12, 0.4], "texture": "#8"}
			}
		},
		{
			"name": "剑身2",
			"from": [8.14024, 11, 8],
			"to": [8.85976, 28.92683, 9],
			"rotation": {"angle": 0, "axis": "y", "origin": [8, 1, 8]},
			"faces": {
				"north": {"uv": [0.96, 0.56, 0.96, 1.92], "texture": "#8"},
				"east": {"uv": [0.88, 0.56, 0.96, 1.92], "texture": "#8"},
				"south": {"uv": [1.04, 0.56, 1.04, 1.92], "texture": "#8"},
				"west": {"uv": [0.96, 0.56, 1.04, 1.92], "texture": "#8"},
				"up": {"uv": [0.96, 0.56, 0.96, 0.48], "texture": "#8"},
				"down": {"uv": [0.96, 0.48, 0.96, 0.56], "texture": "#8"}
			}
		},
		{
			"name": "剑身3",
			"from": [7.75, 8.19512, 8],
			"to": [9.25, 10.19512, 9],
			"rotation": {"angle": 0, "axis": "y", "origin": [8, 1.19512, 8]},
			"faces": {
				"north": {"uv": [0.96, 0.56, 1.04, 0.72], "texture": "#9"},
				"east": {"uv": [0.88, 0.56, 0.96, 0.72], "texture": "#9"},
				"south": {"uv": [1.12, 0.56, 1.2, 0.72], "texture": "#9"},
				"west": {"uv": [1.04, 0.56, 1.12, 0.72], "texture": "#9"},
				"up": {"uv": [1.04, 0.56, 0.96, 0.48], "texture": "#9"},
				"down": {"uv": [1.12, 0.48, 1.04, 0.56], "texture": "#9"}
			}
		},
		{
			"name": "剑柄2",
			"from": [7.29268, 2.19512, 8],
			"to": [9.79268, 2.99512, 9],
			"rotation": {"angle": 0, "axis": "y", "origin": [8, 9.19512, 8]},
			"faces": {
				"north": {"uv": [0.08, 0.08, 0.24, 0.08], "texture": "#1"},
				"east": {"uv": [0, 0.08, 0.08, 0.08], "texture": "#1"},
				"south": {"uv": [0.32, 0.08, 0.48, 0.08], "texture": "#1"},
				"west": {"uv": [0.24, 0.08, 0.32, 0.08], "texture": "#1"},
				"up": {"uv": [0.24, 0.08, 0.08, 0], "texture": "#1"},
				"down": {"uv": [0.4, 0, 0.24, 0.08], "texture": "#1"}
			}
		},
		{
			"name": "剑柄3",
			"from": [8, 2.19512, 7.25],
			"to": [9, 2.99512, 9.75],
			"rotation": {"angle": 0, "axis": "y", "origin": [8, 9.19512, 8]},
			"faces": {
				"north": {"uv": [0.16, 0.16, 0.24, 0.16], "texture": "#1"},
				"east": {"uv": [0, 0.16, 0.16, 0.16], "texture": "#1"},
				"south": {"uv": [0.4, 0.16, 0.48, 0.16], "texture": "#1"},
				"west": {"uv": [0.24, 0.16, 0.4, 0.16], "texture": "#1"},
				"up": {"uv": [0.24, 0.16, 0.16, 0], "texture": "#1"},
				"down": {"uv": [0.32, 0, 0.24, 0.16], "texture": "#1"}
			}
		},
		{
			"from": [7.90244, 9.19512, 4.8],
			"to": [9.09268, 9.99512, 12],
			"rotation": {"angle": 0, "axis": "y", "origin": [8.09756, 6.79512, 8]},
			"faces": {
				"north": {"uv": [0.56, 0.56, 0.64, 0.56], "texture": "#1"},
				"east": {"uv": [0, 0.56, 0.56, 0.56], "texture": "#1"},
				"south": {"uv": [1.2, 0.56, 1.28, 0.56], "texture": "#1"},
				"west": {"uv": [0.64, 0.56, 1.2, 0.56], "texture": "#1"},
				"up": {"uv": [0.64, 0.56, 0.56, 0], "texture": "#1"},
				"down": {"uv": [0.72, 0, 0.64, 0.56], "texture": "#1"}
			}
		},
		{
			"from": [7.90244, 8.39512, 11.5],
			"to": [9.09268, 9.19512, 12.3],
			"rotation": {"angle": 0, "axis": "y", "origin": [8.19512, 6.79512, 8]},
			"faces": {
				"north": {"uv": [0, 0, 0.08, 0], "texture": "#1"},
				"east": {"uv": [0, 0, 0, 0], "texture": "#1"},
				"south": {"uv": [0.08, 0, 0.16, 0], "texture": "#1"},
				"west": {"uv": [0.08, 0, 0.08, 0], "texture": "#1"},
				"up": {"uv": [0.08, 0, 0, 0], "texture": "#1"},
				"down": {"uv": [0.16, 0, 0.08, 0], "texture": "#1"}
			}
		},
		{
			"from": [7.90244, 8.39512, 4.5],
			"to": [9.09268, 9.19512, 5.3],
			"rotation": {"angle": 0, "axis": "y", "origin": [8.19512, 6.79512, 8]},
			"faces": {
				"north": {"uv": [0, 0, 0.08, 0], "texture": "#1"},
				"east": {"uv": [0, 0, 0, 0], "texture": "#1"},
				"south": {"uv": [0.08, 0, 0.16, 0], "texture": "#1"},
				"west": {"uv": [0.08, 0, 0.08, 0], "texture": "#1"},
				"up": {"uv": [0.08, 0, 0, 0], "texture": "#1"},
				"down": {"uv": [0.16, 0, 0.08, 0], "texture": "#1"}
			}
		},
		{
			"from": [7.90244, 9.99512, 5.81707],
			"to": [9.09268, 10.79512, 6.41707],
			"rotation": {"angle": 0, "axis": "y", "origin": [8.19512, 6.79512, 8]},
			"faces": {
				"north": {"uv": [0, 0, 0.08, 0], "texture": "#6"},
				"east": {"uv": [0, 0, 0, 0], "texture": "#6"},
				"south": {"uv": [0.08, 0, 0.16, 0], "texture": "#6"},
				"west": {"uv": [0.08, 0, 0.08, 0], "texture": "#6"},
				"up": {"uv": [0.08, 0, 0, 0], "texture": "#6"},
				"down": {"uv": [0.16, 0, 0.08, 0], "texture": "#6"}
			}
		},
		{
			"from": [7.90244, 9.99512, 10.39512],
			"to": [9.09268, 10.79512, 10.99512],
			"rotation": {"angle": 0, "axis": "y", "origin": [8.19512, 6.79512, 8]},
			"faces": {
				"north": {"uv": [0, 0, 0.08, 0], "texture": "#6"},
				"east": {"uv": [0, 0, 0, 0], "texture": "#6"},
				"south": {"uv": [0.08, 0, 0.16, 0], "texture": "#6"},
				"west": {"uv": [0.08, 0, 0.08, 0], "texture": "#6"},
				"up": {"uv": [0.08, 0, 0, 0], "texture": "#6"},
				"down": {"uv": [0.16, 0, 0.08, 0], "texture": "#6"}
			}
		},
		{
			"from": [7.29756, 10.19512, 7.29756],
			"to": [9.69756, 10.99512, 9.69756],
			"rotation": {"angle": 0, "axis": "y", "origin": [8, 8.59512, 8]},
			"faces": {
				"north": {"uv": [0.16, 0.16, 0.32, 0.16], "texture": "#1"},
				"east": {"uv": [0, 0.16, 0.16, 0.16], "texture": "#1"},
				"south": {"uv": [0.48, 0.16, 0.64, 0.16], "texture": "#1"},
				"west": {"uv": [0.32, 0.16, 0.48, 0.16], "texture": "#1"},
				"up": {"uv": [0.32, 0.16, 0.16, 0], "texture": "#1"},
				"down": {"uv": [0.48, 0, 0.32, 0.16], "texture": "#1"}
			}
		},
		{
			"name": "小剑柄2",
			"from": [8.05488, 7.69512, 7.5],
			"to": [8.94512, 10.2439, 9.46341],
			"rotation": {"angle": 0, "axis": "y", "origin": [8.09756, 8.19512, 8]},
			"faces": {
				"north": {"uv": [0.08, 0.08, 0.08, 0.24], "texture": "#1"},
				"east": {"uv": [0, 0.08, 0.08, 0.24], "texture": "#1"},
				"south": {"uv": [0.16, 0.08, 0.16, 0.24], "texture": "#1"},
				"west": {"uv": [0.08, 0.08, 0.16, 0.24], "texture": "#1"},
				"up": {"uv": [0.08, 0.08, 0.08, 0], "texture": "#1"},
				"down": {"uv": [0.08, 0, 0.08, 0.08], "texture": "#1"}
			}
		}
	],
	"display": {
		"thirdperson_righthand": {
			"translation": [0, 0.75, 1.75],
			"scale": [0.70313, 1.0332, 0.82813]
		},
		"thirdperson_lefthand": {
			"rotation": [-63, -68, -307.5],
			"translation": [-2.75, -5.5, 16]
		},
		"firstperson_righthand": {
			"translation": [-1, 1.25, 0]
		},
		"firstperson_lefthand": {
			"rotation": [0, -231, -1.25],
			"translation": [8.75, 0, 0]
		},
		"gui": {
			"rotation": [92.25, 60, -62.25],
			"translation": [-2.25, -3.5, 0],
			"scale": [1.58125, 0.59883, 0.55]
		},
		"head": {
			"rotation": [-136.5, 102.75, -40.75],
			"translation": [-1.5, -9, 7.5],
			"scale": [1, 1.35938, 1.17383]
		},
		"fixed": {
			"rotation": [0, 89.75, 0],
			"translation": [0, -2.25, -1]
		}
	},
	"groups": [
		{
			"name": "group",
			"origin": [8, 8, 8],
			"color": 0,
			"children": [0, 1, 2, 3, 4, 5, 6, 7, 8, 9, 10, 11, 12, 13, 14, 15]
		}
	]
}