{
	"credit": "Made with Blockbench",
	"textures": {
		"texture": "customitem/stone_axe_ref",
		"texture2": "customitem/stone_axe_ref2"
	},
	"elements": [
		{
			"from": [4, 5, 3],
			"to": [7, 6, 4.5],
			"faces": {
				"north": {"uv": [14, 14.5, 11, 15.5], "texture": "#texture"},
				"east": {"uv": [12, 14.5, 13.5, 15.5], "texture": "#texture"},
				"south": {"uv": [11, 14.5, 14, 15.5], "texture": "#texture"},
				"west": {"uv": [11.5, 14.5, 13, 15.5], "texture": "#texture"},
				"up": {"uv": [5.5, 3, 8.5, 4.5], "texture": "#texture"},
				"down": {"uv": [5.5, 3, 8.5, 4.5], "texture": "#texture"}
			}
		},
		{
			"from": [4.5, 4.5, 3],
			"to": [6.5, 5, 4.5],
			"faces": {
				"north": {"uv": [13.5, 15.5, 11.5, 16], "texture": "#texture"},
				"east": {"uv": [12, 15.5, 13.5, 16], "texture": "#texture"},
				"south": {"uv": [11.5, 15.5, 13.5, 16], "texture": "#texture"},
				"west": {"uv": [11.5, 15.5, 13, 16], "texture": "#texture"},
				"down": {"uv": [5.5, 4, 7.5, 5.5], "texture": "#texture"}
			}
		},
		{
			"from": [5, 6, 3],
			"to": [6, 11, 4.5],
			"faces": {
				"north": {"uv": [13, 9.5, 12, 14.5], "texture": "#texture"},
				"east": {"uv": [11.5, 9.5, 13, 14.5], "texture": "#texture"},
				"south": {"uv": [12, 9.5, 13, 14.5], "texture": "#texture"},
				"west": {"uv": [13, 9.5, 11.5, 14.5], "texture": "#texture"}
			}
		},
		{
			"from": [2.5, 11, 3],
			"to": [8.5, 11.5, 4.5],
			"faces": {
				"north": {"uv": [15.5, 9, 9.5, 9.5], "texture": "#texture"},
				"east": {"uv": [5.5, 5, 7, 5.5], "texture": "#texture"},
				"south": {"uv": [9.5, 9, 15.5, 9.5], "texture": "#texture"},
				"west": {"uv": [5.5, 5, 7, 5.5], "texture": "#texture"},
				"down": {"uv": [6.5, 5.5, 12.5, 7], "texture": "#texture2"}
			}
		},
		{
			"from": [2, 11.5, 2.5],
			"to": [9, 12.5, 5],
			"faces": {
				"north": {"uv": [16, 8, 9, 9], "texture": "#texture"},
				"east": {"uv": [9.5, 8, 12, 9], "texture": "#texture"},
				"south": {"uv": [9, 8, 16, 9], "texture": "#texture"},
				"west": {"uv": [13, 8, 15.5, 9], "texture": "#texture"},
				"up": {"uv": [8.5, 5.5, 1.5, 8], "texture": "#texture2"},
				"down": {"uv": [1.5, 5.5, 8.5, 8], "texture": "#texture2"}
			}
		},
		{
			"from": [3.5, 12, 3.5],
			"to": [7.5, 26, 4],
			"faces": {
				"north": {"uv": [9, 2.5, 5, 16], "texture": "#texture", "cullface": "up"},
				"east": {"uv": [8.5, 2.5, 9, 16], "texture": "#texture", "cullface": "up"},
				"south": {"uv": [5, 2.5, 9, 16], "texture": "#texture", "cullface": "up"},
				"west": {"uv": [5, 2.5, 5.5, 16], "texture": "#texture", "cullface": "up"},
				"up": {"uv": [5, 2.5, 9, 3], "texture": "#texture", "cullface": "up"},
				"down": {"uv": [9, 3, 5, 2.5], "texture": "#texture", "cullface": "up"}
			}
		},
		{
			"from": [4, 26, 3.5],
			"to": [7, 27, 4],
			"faces": {
				"north": {"uv": [8.5, 1.5, 5.5, 2.5], "texture": "#texture", "cullface": "up"},
				"east": {"uv": [8, 1.5, 8.5, 2.5], "texture": "#texture", "cullface": "up"},
				"south": {"uv": [5.5, 1.5, 8.5, 2.5], "texture": "#texture", "cullface": "up"},
				"west": {"uv": [5.5, 1.5, 6, 2.5], "texture": "#texture", "cullface": "up"},
				"up": {"uv": [5, 2.5, 8, 3], "texture": "#texture", "cullface": "up"}
			}
		},
		{
			"from": [4.5, 27.5, 3.5],
			"to": [6.5, 28, 4],
			"faces": {
				"north": {"uv": [8, 0.5, 6, 1], "texture": "#texture", "cullface": "up"},
				"east": {"uv": [8, 1, 8.5, 1.5], "texture": "#texture", "cullface": "up"},
				"south": {"uv": [6, 0.5, 8, 1], "texture": "#texture", "cullface": "up"},
				"west": {"uv": [6, 1, 6.5, 1.5], "texture": "#texture", "cullface": "up"},
				"up": {"uv": [6, 0.5, 8, 1], "texture": "#texture", "cullface": "up"}
			}
		},
		{
			"from": [5, 28, 3.5],
			"to": [6, 28.5, 4],
			"faces": {
				"north": {"uv": [7.5, 0, 6.5, 0.5], "texture": "#texture", "cullface": "up"},
				"east": {"uv": [7, 0, 7.5, 0.5], "texture": "#texture", "cullface": "up"},
				"south": {"uv": [6.5, 0, 7.5, 0.5], "texture": "#texture", "cullface": "up"},
				"west": {"uv": [6.5, 0, 7, 0.5], "texture": "#texture", "cullface": "up"},
				"up": {"uv": [6.5, 0, 7.5, 0.5], "texture": "#texture", "cullface": "up"}
			}
		},
		{
			"from": [4.5, 6, 3.5],
			"to": [6.5, 11, 4],
			"faces": {
				"north": {"uv": [13.5, 9.5, 11.5, 14.5], "texture": "#texture"},
				"east": {"uv": [12, 9.5, 12.5, 14.5], "texture": "#texture"},
				"south": {"uv": [11.5, 9.5, 13.5, 14.5], "texture": "#texture"},
				"west": {"uv": [12.5, 9.5, 12, 14.5], "texture": "#texture"}
			}
		},
		{
			"from": [7, 13, 3.25],
			"to": [7.625, 15, 4.25],
			"faces": {
				"north": {"uv": [4.5, 13.5, 4, 15.5], "texture": "#texture"},
				"east": {"uv": [4, 13.5, 4.5, 15.5], "texture": "#texture"},
				"south": {"uv": [4, 13.5, 4.5, 15.5], "texture": "#texture"},
				"west": {"uv": [4.5, 13.5, 4, 15.5], "texture": "#texture"},
				"up": {"uv": [4, 10, 4.5, 10.5], "texture": "#texture"},
				"down": {"uv": [4, 10.5, 4.5, 11], "texture": "#texture"}
			}
		},
		{
			"from": [6.5, 13.5, 3.25],
			"to": [7, 15.5, 4.25],
			"faces": {
				"north": {"uv": [4, 13, 3.5, 15], "texture": "#texture"},
				"east": {"uv": [3.5, 13, 4, 15], "texture": "#texture"},
				"south": {"uv": [3.5, 13, 4, 15], "texture": "#texture"},
				"west": {"uv": [4, 13, 3.5, 15], "texture": "#texture"},
				"up": {"uv": [3.5, 13, 4, 13.5], "texture": "#texture"},
				"down": {"uv": [3.5, 14.5, 4, 15], "texture": "#texture"}
			}
		},
		{
			"from": [6, 14, 3.125],
			"to": [6.5, 16, 4.375],
			"faces": {
				"north": {"uv": [3.5, 12.5, 3, 14.5], "texture": "#texture"},
				"east": {"uv": [3, 12.5, 3.5, 14.5], "texture": "#texture"},
				"south": {"uv": [3, 12.5, 3.5, 14.5], "texture": "#texture"},
				"west": {"uv": [3.5, 12.5, 3, 14.5], "texture": "#texture"},
				"up": {"uv": [3, 12.5, 3.5, 13], "texture": "#texture", "cullface": "up"},
				"down": {"uv": [3, 14, 3.5, 14.5], "texture": "#texture"}
			}
		},
		{
			"from": [5.5, 14.5, 3],
			"to": [6, 16.5, 4.5],
			"faces": {
				"north": {"uv": [3, 12, 2.5, 14], "texture": "#texture", "cullface": "up"},
				"east": {"uv": [2.5, 12, 3, 14], "texture": "#texture", "cullface": "up"},
				"south": {"uv": [2.5, 12, 3, 14], "texture": "#texture", "cullface": "up"},
				"west": {"uv": [3, 12, 2.5, 14], "texture": "#texture", "cullface": "up"},
				"up": {"uv": [2.5, 12, 3, 12.5], "texture": "#texture", "cullface": "up"},
				"down": {"uv": [2.5, 13.5, 3, 14], "texture": "#texture", "cullface": "up"}
			}
		},
		{
			"from": [5, 15, 3],
			"to": [5.5, 17, 4.5],
			"faces": {
				"north": {"uv": [2.5, 11.5, 2, 13.5], "texture": "#texture", "cullface": "up"},
				"east": {"uv": [2, 11.5, 2.5, 13.5], "texture": "#texture", "cullface": "up"},
				"south": {"uv": [2, 11.5, 2.5, 13.5], "texture": "#texture", "cullface": "up"},
				"west": {"uv": [2.5, 11.5, 2, 13.5], "texture": "#texture", "cullface": "up"},
				"up": {"uv": [2, 11.5, 2.5, 12], "texture": "#texture", "cullface": "up"},
				"down": {"uv": [2, 13, 2.5, 13.5], "texture": "#texture", "cullface": "up"}
			}
		},
		{
			"from": [4.5, 15.625, 3.125],
			"to": [5, 17.5, 4.375],
			"faces": {
				"north": {"uv": [2, 11, 1.5, 13], "texture": "#texture", "cullface": "up"},
				"east": {"uv": [1.5, 11, 2, 13], "texture": "#texture", "cullface": "up"},
				"south": {"uv": [1.5, 11, 2, 13], "texture": "#texture", "cullface": "up"},
				"west": {"uv": [2, 11, 1.5, 13], "texture": "#texture", "cullface": "up"},
				"up": {"uv": [1.5, 11, 2, 11.5], "texture": "#texture", "cullface": "up"},
				"down": {"uv": [2, 13, 1.5, 12.5], "texture": "#texture", "cullface": "up"}
			}
		},
		{
			"from": [3.875, 16, 3.25],
			"to": [4.5, 18, 4.25],
			"faces": {
				"north": {"uv": [1.5, 10.5, 1, 12.5], "texture": "#texture", "cullface": "up"},
				"east": {"uv": [1, 10.5, 1.5, 12.5], "texture": "#texture", "cullface": "up"},
				"south": {"uv": [1, 10.5, 1.5, 12.5], "texture": "#texture", "cullface": "up"},
				"west": {"uv": [1.5, 10.5, 1, 12.5], "texture": "#texture", "cullface": "up"},
				"up": {"uv": [1, 10.5, 1.5, 11], "texture": "#texture", "cullface": "up"},
				"down": {"uv": [1.5, 12.5, 1, 12], "texture": "#texture", "cullface": "up"}
			}
		},
		{
			"from": [3.5, 16.5, 3.25],
			"to": [3.875, 18.5, 4.25],
			"faces": {
				"north": {"uv": [1, 10, 0.5, 12], "texture": "#texture", "cullface": "up"},
				"east": {"uv": [0.5, 10, 1, 12], "texture": "#texture", "cullface": "up"},
				"south": {"uv": [0.5, 10, 1, 12], "texture": "#texture", "cullface": "up"},
				"west": {"uv": [1, 10, 0.5, 12], "texture": "#texture", "cullface": "up"},
				"up": {"uv": [0.5, 10, 1, 10.5], "texture": "#texture", "cullface": "up"},
				"down": {"uv": [1, 12, 0.5, 11.5], "texture": "#texture", "cullface": "up"}
			}
		},
		{
			"from": [3.375, 16.5, 3.375],
			"to": [3.625, 18.625, 4.125],
			"faces": {
				"north": {"uv": [0.5, 10, 0, 11.5], "texture": "#texture", "cullface": "up"},
				"east": {"uv": [0, 10, 0.5, 11.5], "texture": "#texture", "cullface": "up"},
				"south": {"uv": [0, 10, 0.5, 11.5], "texture": "#texture", "cullface": "up"},
				"west": {"uv": [0.5, 10, 0, 11.5], "texture": "#texture", "cullface": "up"},
				"up": {"uv": [0, 10, 0.5, 10.5], "texture": "#texture", "cullface": "up"},
				"down": {"uv": [0, 11.5, 0.5, 11], "texture": "#texture", "cullface": "up"}
			}
		},
		{
			"from": [7.5, 12.5, 3.375],
			"to": [7.75, 14.5, 4.125],
			"faces": {
				"north": {"uv": [5, 14, 4.5, 16], "texture": "#texture"},
				"east": {"uv": [4.5, 14, 5, 16], "texture": "#texture"},
				"south": {"uv": [4.5, 14, 5, 16], "texture": "#texture"},
				"west": {"uv": [5, 14, 4.5, 16], "texture": "#texture"},
				"up": {"uv": [4.5, 14, 5, 14.5], "texture": "#texture"}
			}
		},
		{
			"from": [4.5, 5, 2.5],
			"to": [6.5, 6, 5],
			"faces": {
				"north": {"uv": [11.5, 14.5, 13.5, 15.5], "texture": "#texture"},
				"east": {"uv": [11, 14.5, 13.5, 15.5], "texture": "#texture"},
				"south": {"uv": [11.5, 14.5, 13.5, 15.5], "texture": "#texture"},
				"west": {"uv": [11.5, 14.5, 14, 15.5], "texture": "#texture"},
				"up": {"uv": [5.5, 3, 7.5, 5.5], "texture": "#texture"},
				"down": {"uv": [5.5, 3, 7.5, 5.5], "texture": "#texture"}
			}
		},
		{
			"from": [3.5, 13, 3.25],
			"to": [3.875, 14.5, 4.25],
			"faces": {
				"north": {"uv": [0.5, 14, 0, 15.5], "texture": "#texture"},
				"east": {"uv": [0, 14, 0.5, 15.5], "texture": "#texture"},
				"south": {"uv": [0, 14, 0.5, 15.5], "texture": "#texture"},
				"west": {"uv": [0.5, 14, 0, 15.5], "texture": "#texture"},
				"up": {"uv": [0, 14, 0.5, 14.5], "texture": "#texture"},
				"down": {"uv": [0.5, 15.5, 0, 15], "texture": "#texture"}
			}
		},
		{
			"from": [3.875, 13.625, 3.25],
			"to": [4.5, 15.125, 4.25],
			"faces": {
				"north": {"uv": [1, 13.5, 0.5, 15], "texture": "#texture"},
				"east": {"uv": [0.5, 13.5, 1, 15], "texture": "#texture"},
				"south": {"uv": [0.5, 13.5, 1, 15], "texture": "#texture"},
				"west": {"uv": [1, 13.5, 0.5, 15], "texture": "#texture"},
				"up": {"uv": [0.5, 13.5, 1, 14], "texture": "#texture"},
				"down": {"uv": [1, 15, 0.5, 14.5], "texture": "#texture"}
			}
		},
		{
			"from": [4.5, 13.875, 3.25],
			"to": [5, 15.5, 4.25],
			"faces": {
				"north": {"uv": [1.5, 13, 1, 14.5], "texture": "#texture"},
				"east": {"uv": [1, 13, 1.5, 14.5], "texture": "#texture"},
				"south": {"uv": [1, 13, 1.5, 14.5], "texture": "#texture"},
				"west": {"uv": [1.5, 13, 1, 14.5], "texture": "#texture"},
				"up": {"uv": [1, 13, 1.5, 13.5], "texture": "#texture"},
				"down": {"uv": [1, 14, 1.5, 14.5], "texture": "#texture"}
			}
		},
		{
			"from": [5, 14.375, 3.25],
			"to": [5.5, 15.5, 4.25],
			"faces": {
				"north": {"uv": [2, 13, 1.5, 14], "texture": "#texture"},
				"east": {"uv": [1.5, 13, 2, 14], "texture": "#texture"},
				"south": {"uv": [1.5, 13, 2, 14], "texture": "#texture"},
				"up": {"uv": [1.5, 14, 2, 13.5], "texture": "#texture"},
				"down": {"uv": [1.5, 13.5, 2, 14], "texture": "#texture"}
			}
		},
		{
			"from": [5.5, 16.5, 3.25],
			"to": [6, 17.5, 4.25],
			"faces": {
				"north": {"uv": [3, 11, 2.5, 12], "texture": "#texture", "cullface": "up"},
				"south": {"uv": [2.5, 11, 3, 12], "texture": "#texture", "cullface": "up"},
				"west": {"uv": [3, 11, 2.5, 12], "texture": "#texture", "cullface": "up"},
				"up": {"uv": [4, 10, 4.5, 10.5], "texture": "#texture", "cullface": "up"}
			}
		},
		{
			"from": [6, 16, 3.25],
			"to": [6.5, 17.5, 4.25],
			"faces": {
				"north": {"uv": [3.5, 11, 3, 12.5], "texture": "#texture", "cullface": "up"},
				"east": {"uv": [3, 11, 3.5, 12.5], "texture": "#texture", "cullface": "up"},
				"south": {"uv": [3, 11, 3.5, 12.5], "texture": "#texture", "cullface": "up"},
				"west": {"uv": [3.5, 11, 3, 12.5], "texture": "#texture", "cullface": "up"},
				"up": {"uv": [3, 11, 3.5, 11.5], "texture": "#texture", "cullface": "up"}
			}
		},
		{
			"from": [6.5, 16.5, 3.25],
			"to": [7, 18, 4.25],
			"faces": {
				"north": {"uv": [4, 10.5, 3.5, 12], "texture": "#texture", "cullface": "up"},
				"east": {"uv": [3.5, 10.5, 4, 12], "texture": "#texture", "cullface": "up"},
				"south": {"uv": [3.5, 10.5, 4, 12], "texture": "#texture", "cullface": "up"},
				"west": {"uv": [4, 10.5, 3.5, 12], "texture": "#texture", "cullface": "up"},
				"up": {"uv": [3.5, 11, 4, 10.5], "texture": "#texture", "cullface": "up"},
				"down": {"uv": [3.5, 11.5, 4, 12], "texture": "#texture", "cullface": "up"}
			}
		},
		{
			"from": [7, 17, 3.25],
			"to": [7.625, 18.5, 4.25],
			"faces": {
				"north": {"uv": [4.5, 9.5, 4, 11.5], "texture": "#texture", "cullface": "up"},
				"east": {"uv": [4, 9.5, 4.5, 11.5], "texture": "#texture", "cullface": "up"},
				"south": {"uv": [4, 9.5, 4.5, 11.5], "texture": "#texture", "cullface": "up"},
				"west": {"uv": [4.5, 9.5, 4, 11.5], "texture": "#texture", "cullface": "up"},
				"up": {"uv": [2, 12, 2.5, 13], "texture": "#texture", "cullface": "up"},
				"down": {"uv": [4.5, 9.5, 5, 10.5], "texture": "#texture", "cullface": "up"}
			}
		},
		{
			"from": [7.5, 17.5, 3.375],
			"to": [7.75, 19, 4.125],
			"faces": {
				"north": {"uv": [5, 9.5, 4.5, 11], "texture": "#texture", "cullface": "up"},
				"east": {"uv": [5, 9.5, 4.5, 11], "texture": "#texture", "cullface": "up"},
				"south": {"uv": [4.5, 9.5, 5, 11], "texture": "#texture", "cullface": "up"},
				"west": {"uv": [5, 9.5, 4.5, 11], "texture": "#texture", "cullface": "up"},
				"up": {"uv": [4.5, 10, 5, 9.5], "texture": "#texture", "cullface": "up"},
				"down": {"uv": [4.5, 11, 5, 10.5], "texture": "#texture", "cullface": "up"}
			}
		},
		{
			"from": [3.375, 13, 3.375],
			"to": [3.625, 14.5, 4.125],
			"faces": {
				"north": {"uv": [5, 9.5, 4.5, 11], "texture": "#texture"},
				"east": {"uv": [5, 9.5, 4.5, 11], "texture": "#texture"},
				"south": {"uv": [4.5, 9.5, 5, 11], "texture": "#texture"},
				"west": {"uv": [5, 9.5, 4.5, 11], "texture": "#texture"},
				"up": {"uv": [4.5, 10, 5, 9.5], "texture": "#texture"},
				"down": {"uv": [4.5, 11, 5, 10.5], "texture": "#texture"}
			}
		},
		{
			"from": [4.5, 27, 3.5],
			"to": [7, 27.5, 4],
			"faces": {
				"north": {"uv": [8.5, 1, 6, 1.5], "texture": "#texture", "cullface": "up"},
				"east": {"uv": [8, 1, 8.5, 1.5], "texture": "#texture", "cullface": "up"},
				"south": {"uv": [6, 1, 8.5, 1.5], "texture": "#texture", "cullface": "up"},
				"west": {"uv": [6, 1, 6.5, 1.5], "texture": "#texture", "cullface": "up"},
				"up": {"uv": [6, 1, 8.5, 1.5], "texture": "#texture", "cullface": "up"}
			}
		}
	],
	"display": {
		"thirdperson_righthand": {
			"rotation": [0, 90, 0],
			"translation": [2.65, -0.76, -0.94],
			"scale": [0.8, 0.8, 0.8]
		},
		"thirdperson_lefthand": {
			"rotation": [0, 90, 0],
			"translation": [2.83, -2.46, 3.59],
			"scale": [0.8, 0.8, 0.8]
		},
		"firstperson_righthand": {
			"rotation": [-14, 90, 0],
			"translation": [6.8, -3.02, -7.37],
			"scale": [0.8, 0.8, 0.8]
		},
		"firstperson_lefthand": {
			"rotation": [-14, 90, 0],
			"translation": [8.69, -3.02, -7.37],
			"scale": [0.8, 0.8, 0.8]
		},
		"ground": {
			"scale": [0.8, 0.8, 0.8]
		},
		"gui": {
			"rotation": [0, 0, 45],
			"translation": [3.21, -6.43, 0],
			"scale": [-0.7, 0.8, 0.8]
		},
		"head": {
			"translation": [0, 0, -3.97]
		},
		"fixed": {
			"rotation": [0, 0, -43],
			"translation": [-5.29, -6.43, 1.13]
		}
	}
}