{
	"credit": "Made with Blockbench",
	"textures": {
		"particle": "customitem/wooden_axe_ref",
		"texture": "customitem/wooden_axe_ref"
	},
	"elements": [
		{
			"from": [7, 2.5, 7.5],
			"to": [9, 7, 8],
			"faces": {
				"north": {"uv": [10, 2, 12, 6.5], "texture": "#texture"},
				"east": {"uv": [11.5, 2, 12, 6.5], "texture": "#texture"},
				"south": {"uv": [10, 1.75, 12, 6.25], "texture": "#texture"},
				"west": {"uv": [10, 2, 10.5, 6.5], "texture": "#texture"}
			}
		},
		{
			"from": [7.5, 2.5, 7],
			"to": [8.5, 7, 8.5],
			"faces": {
				"north": {"uv": [10.5, 2, 11.5, 6.5], "texture": "#texture"},
				"east": {"uv": [10.5, 2, 12, 6.5], "texture": "#texture"},
				"south": {"uv": [10.5, 2, 11.5, 6.5], "texture": "#texture"},
				"west": {"uv": [10.5, 2, 12, 6.5], "texture": "#texture"}
			}
		},
		{
			"from": [7, 2, 7],
			"to": [9, 2.5, 8.5],
			"faces": {
				"north": {"uv": [10, 6.5, 12, 7], "texture": "#texture"},
				"east": {"uv": [10, 8.5, 11.5, 9], "texture": "#texture"},
				"south": {"uv": [10, 6.5, 12, 7], "texture": "#texture"},
				"west": {"uv": [10, 8.5, 11.5, 9], "texture": "#texture"},
				"up": {"uv": [10, 6.5, 12, 8], "texture": "#texture"}
			}
		},
		{
			"from": [6.5, 0.5, 6.5],
			"to": [9.5, 2, 9],
			"faces": {
				"north": {"uv": [9.5, 7, 12.5, 8.5], "texture": "#texture"},
				"east": {"uv": [11.5, 13, 14, 14.5], "texture": "#texture"},
				"south": {"uv": [9.5, 7, 12.5, 8.5], "texture": "#texture"},
				"west": {"uv": [9, 13, 11.5, 14.5], "texture": "#texture"},
				"up": {"uv": [9, 13.5, 12, 16], "texture": "#texture"},
				"down": {"uv": [9, 13.5, 12, 16], "texture": "#texture"}
			}
		},
		{
			"from": [7, 0, 7],
			"to": [9, 0.5, 8.5],
			"faces": {
				"north": {"uv": [10, 8.5, 12, 9], "texture": "#texture"},
				"east": {"uv": [10, 8.5, 11.5, 9], "texture": "#texture"},
				"south": {"uv": [10, 8.5, 12, 9], "texture": "#texture"},
				"west": {"uv": [10, 8.5, 11.5, 9], "texture": "#texture"},
				"down": {"uv": [9.5, 7, 11.5, 8.5], "texture": "#texture", "cullface": "down"}
			}
		},
		{
			"from": [6, 7.5, 6.5],
			"to": [10, 8.5, 9],
			"faces": {
				"north": {"uv": [9, 0.5, 13, 1.5], "texture": "#texture"},
				"east": {"uv": [7.5, 0.5, 10, 1.5], "texture": "#texture"},
				"south": {"uv": [9, 0.5, 13, 1.5], "texture": "#texture"},
				"west": {"uv": [12, 0.5, 14.5, 1.5], "texture": "#texture"},
				"up": {"uv": [9, 13.5, 13, 16], "texture": "#texture"},
				"down": {"uv": [14, 16, 10, 13.5], "texture": "#texture"}
			}
		},
		{
			"from": [5.5, 7, 7],
			"to": [10.5, 7.5, 8.5],
			"faces": {
				"north": {"uv": [8.5, 1.5, 13.5, 2], "texture": "#texture"},
				"east": {"uv": [10, 1.5, 11.5, 2], "texture": "#texture"},
				"south": {"uv": [8.5, 1.5, 13.5, 2], "texture": "#texture"},
				"west": {"uv": [10, 1.5, 11.5, 2], "texture": "#texture"},
				"up": {"uv": [9, 13.5, 14, 15], "texture": "#texture"},
				"down": {"uv": [9, 13.5, 14, 15], "texture": "#texture"}
			}
		},
		{
			"from": [4, 7.5, 7],
			"to": [6, 8.5, 8.5],
			"faces": {
				"north": {"uv": [12, 0.5, 14, 1.5], "texture": "#texture"},
				"south": {"uv": [13, 0.5, 15, 1.5], "texture": "#texture"},
				"west": {"uv": [13.5, 0.5, 15, 1.5], "texture": "#texture"},
				"up": {"uv": [11, 14, 13, 15.5], "texture": "#texture"},
				"down": {"uv": [14, 15, 12, 13.5], "texture": "#texture"}
			}
		},
		{
			"from": [10, 7.5, 7],
			"to": [12, 8.5, 8.5],
			"faces": {
				"north": {"uv": [7, 0.5, 9, 1.5], "texture": "#texture"},
				"east": {"uv": [7, 0.5, 8.5, 1.5], "texture": "#texture"},
				"south": {"uv": [7, 0.5, 9, 1.5], "texture": "#texture"},
				"up": {"uv": [11.5, 13.5, 13.5, 15], "texture": "#texture"},
				"down": {"uv": [11, 15, 9, 13.5], "texture": "#texture"}
			}
		},
		{
			"from": [3, 8, 7.5],
			"to": [4.5, 9, 8],
			"faces": {
				"north": {"uv": [14, 0, 15.5, 1], "texture": "#texture"},
				"east": {"uv": [15, 0, 15.5, 1], "texture": "#texture"},
				"south": {"uv": [14, 0, 15.5, 1], "texture": "#texture"},
				"west": {"uv": [15, 0, 15.5, 1], "texture": "#texture"},
				"up": {"uv": [14, 0.5, 15.5, 1], "texture": "#texture"},
				"down": {"uv": [14, 0.5, 15.5, 1], "texture": "#texture"}
			}
		},
		{
			"from": [11.5, 8, 7.5],
			"to": [13, 9, 8],
			"faces": {
				"north": {"uv": [6, 0, 7.5, 1], "texture": "#texture"},
				"east": {"uv": [6, 0, 6.5, 1], "texture": "#texture"},
				"south": {"uv": [6, 0, 7.5, 1], "texture": "#texture"},
				"west": {"uv": [6, 0, 6.5, 1], "texture": "#texture"},
				"up": {"uv": [6, 0.5, 7.5, 1], "texture": "#texture"},
				"down": {"uv": [6, 0.5, 7.5, 1], "texture": "#texture"}
			}
		},
		{
			"from": [6.5, 8.5, 7.5],
			"to": [9.5, 20, 8],
			"faces": {
				"north": {"uv": [0, 0, 3, 11.5], "texture": "#texture", "cullface": "up"},
				"east": {"uv": [2.5, 0, 3, 11.5], "texture": "#texture", "cullface": "up"},
				"south": {"uv": [0, 0, 3, 11.5], "texture": "#texture", "cullface": "up"},
				"west": {"uv": [0, 0, 0.5, 11.5], "texture": "#texture", "cullface": "up"},
				"up": {"uv": [0, 0, 3, 0.5], "texture": "#texture", "cullface": "up"}
			}
		},
		{
			"from": [7, 20, 7.5],
			"to": [9, 26.5, 8],
			"faces": {
				"north": {"uv": [3.5, 0, 5.5, 6.5], "texture": "#texture", "cullface": "up"},
				"east": {"uv": [5, 0, 5.5, 6.5], "texture": "#texture", "cullface": "up"},
				"south": {"uv": [3.5, 0, 5.5, 6.5], "texture": "#texture", "cullface": "up"},
				"west": {"uv": [3.5, 0, 4, 6.5], "texture": "#texture", "cullface": "up"},
				"up": {"uv": [3.5, 0, 5.5, 0.5], "texture": "#texture", "cullface": "up"}
			}
		},
		{
			"from": [7.5, 26.5, 7.5],
			"to": [8.5, 28.5, 8],
			"faces": {
				"north": {"uv": [6, 4.5, 7, 6.5], "texture": "#texture", "cullface": "up"},
				"east": {"uv": [6.5, 4.5, 7, 6.5], "texture": "#texture", "cullface": "up"},
				"south": {"uv": [6, 4.5, 7, 6.5], "texture": "#texture", "cullface": "up"},
				"west": {"uv": [6, 4.5, 6.5, 6.5], "texture": "#texture", "cullface": "up"},
				"up": {"uv": [6, 4.5, 7, 5], "texture": "#texture", "cullface": "up"}
			}
		},
		{
			"from": [7, 8.5, 7],
			"to": [9, 19, 8.5],
			"faces": {
				"north": {"uv": [0.5, 1, 2.5, 11.5], "texture": "#texture", "cullface": "up"},
				"east": {"uv": [1.5, 1, 3, 11.5], "texture": "#texture", "cullface": "up"},
				"south": {"uv": [0.5, 1, 2.5, 11.5], "texture": "#texture", "cullface": "up"},
				"west": {"uv": [0, 1, 1.5, 11.5], "texture": "#texture", "cullface": "up"},
				"up": {"uv": [0.5, 1, 2.5, 2.5], "texture": "#texture", "cullface": "up"}
			}
		},
		{
			"from": [7.5, 19, 7],
			"to": [8.5, 25.5, 8.5],
			"faces": {
				"north": {"uv": [3.5, 0, 4.5, 6.5], "texture": "#texture", "cullface": "up"},
				"east": {"uv": [4, 0, 5.5, 6.5], "texture": "#texture", "cullface": "up"},
				"south": {"uv": [4.5, 0, 5.5, 6.5], "texture": "#texture", "cullface": "up"},
				"west": {"uv": [3.5, 0, 5, 6.5], "texture": "#texture", "cullface": "up"},
				"up": {"uv": [3.5, 0, 4.5, 1.5], "texture": "#texture", "cullface": "up"}
			}
		},
		{
			"from": [7.75, 25.5, 7.25],
			"to": [8.25, 26.5, 8.25],
			"faces": {
				"north": {"uv": [6.25, 6, 6.75, 6.5], "texture": "#texture", "cullface": "up"},
				"east": {"uv": [6, 6, 7, 6.5], "texture": "#texture", "cullface": "up"},
				"south": {"uv": [6.25, 6, 6.75, 6.5], "texture": "#texture", "cullface": "up"},
				"west": {"uv": [6, 6, 7, 6.5], "texture": "#texture", "cullface": "up"},
				"up": {"uv": [6.25, 5.5, 6.75, 6.5], "texture": "#texture", "cullface": "up"}
			}
		},
		{
			"from": [7.75, 28.5, 7.5],
			"to": [8.25, 29.5, 8],
			"faces": {
				"north": {"uv": [6.25, 5.25, 6.75, 6.25], "texture": "#texture", "cullface": "up"},
				"east": {"uv": [6.25, 5, 6.75, 6], "texture": "#texture", "cullface": "up"},
				"south": {"uv": [6.25, 5.25, 6.75, 6.25], "texture": "#texture", "cullface": "up"},
				"west": {"uv": [6.25, 5, 6.75, 6], "texture": "#texture", "cullface": "up"},
				"up": {"uv": [6, 6, 6.5, 6.5], "texture": "#texture", "cullface": "up"}
			}
		}
	],
	"display": {
		"thirdperson_righthand": {
			"rotation": [0, 90, 0],
			"translation": [0, 2.08, 1]
		},
		"thirdperson_lefthand": {
			"rotation": [0, 90, 0],
			"translation": [0, 1.13, 1]
		},
		"firstperson_righthand": {
			"rotation": [-14, 86, 0],
			"translation": [5.48, -1.32, -9],
			"scale": [1.2, 1.2, 1.2]
		},
		"firstperson_lefthand": {
			"rotation": [-14, 86, 0],
			"translation": [-4.35, -1.32, -9],
			"scale": [1.4, 1.4, 1.4]
		},
		"ground": {
			"translation": [0, 4.16, 0]
		},
		"gui": {
			"rotation": [0, 0, 45],
			"translation": [3.78, -4.16, 0],
			"scale": [0.8, 0.8, 0.8]
		},
		"fixed": {
			"translation": [0.19, -4.35, -3.97]
		}
	}
}