{
	"parent": "item/generated",
	"textures": {
		"layer0": "item/bow"
	},
	
	"overrides": [
		{"predicate": {"custom_model_data":1}, "model": "customitem/1"},
		{"predicate": {"custom_model_data":2}, "model": "customitem/2"},
		{"predicate": {"custom_model_data":3}, "model": "customitem/3"},
		{"predicate": {"custom_model_data":4}, "model": "customitem/4"},
		{"predicate": {"custom_model_data":5}, "model": "customitem/5"},
		{"predicate": {"custom_model_data":6}, "model": "customitem/6"},
		{"predicate": {"custom_model_data":7}, "model": "customitem/7"},
		{"predicate": {"custom_model_data":8}, "model": "customitem/8"},
		{"predicate": {"custom_model_data":9}, "model": "customitem/9"},
		{"predicate": {"custom_model_data":10}, "model": "customitem/10"},
		{"predicate": {"custom_model_data":11}, "model": "customitem/11"},
		{"predicate": {"custom_model_data":12}, "model": "customitem/12"},
		{"predicate": {"custom_model_data":13}, "model": "customitem/13"},
		{"predicate": {"custom_model_data":14}, "model": "customitem/14"},
		{"predicate": {"custom_model_data":15}, "model": "customitem/15"},
		{"predicate": {"custom_model_data":16}, "model": "customitem/16"},
		{"predicate": {"custom_model_data":17}, "model": "customitem/17"},
		{"predicate": {"custom_model_data":18}, "model": "customitem/18"},
		{"predicate": {"custom_model_data":19}, "model": "customitem/19"},
		{"predicate": {"custom_model_data":20}, "model": "customitem/20"},
		{"predicate": {"custom_model_data":21}, "model": "customitem/21"},
		{"predicate": {"custom_model_data":22}, "model": "customitem/22"},
		{"predicate": {"custom_model_data":23}, "model": "customitem/23"},
		{"predicate": {"custom_model_data":24}, "model": "customitem/24"},
		{"predicate": {"custom_model_data":25}, "model": "customitem/25"},
		{"predicate": {"custom_model_data":26}, "model": "customitem/26"},
		{"predicate": {"custom_model_data":27}, "model": "customitem/27"},
		{"predicate": {"custom_model_data":28}, "model": "customitem/28"},
		{"predicate": {"custom_model_data":29}, "model": "customitem/29"},
		{"predicate": {"custom_model_data":30}, "model": "customitem/30"},
		{"predicate": {"custom_model_data":31}, "model": "customitem/31"},
		{"predicate": {"custom_model_data":32}, "model": "customitem/32"},
		{"predicate": {"custom_model_data":33}, "model": "customitem/33"},
		{"predicate": {"custom_model_data":34}, "model": "customitem/34"},
		{"predicate": {"custom_model_data":35}, "model": "customitem/35"},
		{"predicate": {"custom_model_data":36}, "model": "customitem/36"},
		{"predicate": {"custom_model_data":37}, "model": "customitem/37"},
		{"predicate": {"custom_model_data":38}, "model": "customitem/38"},
		{"predicate": {"custom_model_data":39}, "model": "customitem/39"},
		{"predicate": {"custom_model_data":40}, "model": "customitem/40"},
		{"predicate": {"custom_model_data":41}, "model": "customitem/41"},
		{"predicate": {"custom_model_data":42}, "model": "customitem/42"},
		{"predicate": {"custom_model_data":43}, "model": "customitem/43"},
		{"predicate": {"custom_model_data":44}, "model": "customitem/44"},
		{"predicate": {"custom_model_data":45}, "model": "customitem/45"},
		{"predicate": {"custom_model_data":46}, "model": "customitem/46"},
		{"predicate": {"custom_model_data":47}, "model": "customitem/47"},
		{"predicate": {"custom_model_data":48}, "model": "customitem/48"},
		{"predicate": {"custom_model_data":49}, "model": "customitem/49"},
		{"predicate": {"custom_model_data":50}, "model": "customitem/50"}
	]
}