{
	"parent": "item/generated",
	"textures": {
		"layer0": "item/diamond"
	},
	
	"overrides": [
		{"predicate": {"custom_model_data":1}, "model": "rpgitem/ring1"},
		{"predicate": {"custom_model_data":2}, "model": "rpgitem/ring2"},
		{"predicate": {"custom_model_data":3}, "model": "rpgitem/ring3"},
		{"predicate": {"custom_model_data":4}, "model": "rpgitem/ring4"},
		{"predicate": {"custom_model_data":5}, "model": "rpgitem/ring5"},
		{"predicate": {"custom_model_data":6}, "model": "rpgitem/ring6"},
		{"predicate": {"custom_model_data":7}, "model": "rpgitem/ring7"},
		{"predicate": {"custom_model_data":8}, "model": "rpgitem/ring8"},
		{"predicate": {"custom_model_data":9}, "model": "rpgitem/ring9"},
		{"predicate": {"custom_model_data":10}, "model": "rpgitem/ring10"},
		{"predicate": {"custom_model_data":11}, "model": "rpgitem/ring11"},
		{"predicate": {"custom_model_data":12}, "model": "rpgitem/ring12"},
		{"predicate": {"custom_model_data":13}, "model": "rpgitem/ring13"},
		{"predicate": {"custom_model_data":14}, "model": "rpgitem/ring14"},
		{"predicate": {"custom_model_data":15}, "model": "rpgitem/ring15"},
		{"predicate": {"custom_model_data":16}, "model": "rpgitem/ring16"},
		{"predicate": {"custom_model_data":17}, "model": "rpgitem/ring17"},
		{"predicate": {"custom_model_data":18}, "model": "rpgitem/ring18"},
		{"predicate": {"custom_model_data":19}, "model": "rpgitem/ring19"},
		{"predicate": {"custom_model_data":20}, "model": "rpgitem/ring20"},
		{"predicate": {"custom_model_data":21}, "model": "rpgitem/ring21"},
		{"predicate": {"custom_model_data":22}, "model": "rpgitem/ring22"},
		{"predicate": {"custom_model_data":23}, "model": "rpgitem/ring23"},
		{"predicate": {"custom_model_data":24}, "model": "rpgitem/ring24"},
		{"predicate": {"custom_model_data":25}, "model": "rpgitem/ring25"},
		{"predicate": {"custom_model_data":26}, "model": "rpgitem/ring26"},
		{"predicate": {"custom_model_data":27}, "model": "rpgitem/ring27"},
		{"predicate": {"custom_model_data":28}, "model": "rpgitem/ring28"},
		{"predicate": {"custom_model_data":29}, "model": "rpgitem/ring29"},
		{"predicate": {"custom_model_data":30}, "model": "rpgitem/ring30"},
		{"predicate": {"custom_model_data":31}, "model": "rpgitem/ring31"},
		{"predicate": {"custom_model_data":32}, "model": "rpgitem/ring32"},
		{"predicate": {"custom_model_data":33}, "model": "rpgitem/ring33"},
		{"predicate": {"custom_model_data":34}, "model": "rpgitem/ring34"},
		{"predicate": {"custom_model_data":35}, "model": "rpgitem/ring35"},
		{"predicate": {"custom_model_data":36}, "model": "rpgitem/ring36"},
		{"predicate": {"custom_model_data":37}, "model": "rpgitem/ring37"},
		{"predicate": {"custom_model_data":38}, "model": "rpgitem/ring38"},
		{"predicate": {"custom_model_data":39}, "model": "rpgitem/ring39"},
		{"predicate": {"custom_model_data":40}, "model": "rpgitem/ring40"},
		{"predicate": {"custom_model_data":41}, "model": "rpgitem/ring41"},
		{"predicate": {"custom_model_data":42}, "model": "rpgitem/ring42"},
		{"predicate": {"custom_model_data":43}, "model": "rpgitem/ring43"},
		{"predicate": {"custom_model_data":44}, "model": "rpgitem/ring44"},
		{"predicate": {"custom_model_data":45}, "model": "rpgitem/ring45"},
		{"predicate": {"custom_model_data":46}, "model": "rpgitem/ring46"},
		{"predicate": {"custom_model_data":47}, "model": "rpgitem/ring47"},
		{"predicate": {"custom_model_data":48}, "model": "rpgitem/ring48"},
		{"predicate": {"custom_model_data":49}, "model": "rpgitem/ring49"},
		{"predicate": {"custom_model_data":50}, "model": "rpgitem/ring50"}
	]
}