{"textures":{"0":"modelengine:entity/unknown"},"elements":[{"name":"bone37","from":[7.461014,9.378603,6.614396],"to":[8.312041,9.94595,8.9972725],"rotation":{"angle":0.0,"axis":"x","origin":[3.8016016,-5.2390785,1.7024059]},"faces":{"down":{"uv":[13.375,7.25,13.25,7.75],"rotation":0,"texture":"#0","tintindex":0},"east":{"uv":[12.0,2.5,12.5,2.625],"rotation":0,"texture":"#0","tintindex":0},"north":{"uv":[9.75,9.375,9.875,9.5],"rotation":0,"texture":"#0","tintindex":0},"south":{"uv":[2.5,10.125,2.625,10.25],"rotation":0,"texture":"#0","tintindex":0},"up":{"uv":[7.375,13.75,7.25,13.25],"rotation":0,"texture":"#0","tintindex":0},"west":{"uv":[12.0,6.125,12.5,6.25],"rotation":0,"texture":"#0","tintindex":0}}},{"name":"bone37","from":[7.461014,6.25817,5.309492],"to":[8.19857,9.038186,5.8768396],"rotation":{"angle":0.0,"axis":"x","origin":[3.8016016,-5.2390785,1.7024059]},"faces":{"down":{"uv":[7.5,10.375,7.375,10.5],"rotation":0,"texture":"#0","tintindex":0},"east":{"uv":[10.375,13.125,10.5,13.75],"rotation":0,"texture":"#0","tintindex":0},"north":{"uv":[9.5,13.125,9.625,13.75],"rotation":0,"texture":"#0","tintindex":0},"south":{"uv":[10.5,13.125,10.625,13.75],"rotation":0,"texture":"#0","tintindex":0},"up":{"uv":[5.125,10.375,5.0,10.25],"rotation":0,"texture":"#0","tintindex":0},"west":{"uv":[10.625,13.125,10.75,13.75],"rotation":0,"texture":"#0","tintindex":0}}},{"name":"bone37","from":[7.461014,5.6908216,5.8768396],"to":[8.709188,9.378603,9.280947],"rotation":{"angle":0.0,"axis":"x","origin":[3.8016016,-5.2390785,1.7024059]},"faces":{"down":{"uv":[12.875,0.75,12.625,1.5],"rotation":0,"texture":"#0","tintindex":0},"east":{"uv":[11.25,1.875,12.0,2.625],"rotation":0,"texture":"#0","tintindex":0},"north":{"uv":[12.5,10.875,12.75,11.625],"rotation":0,"texture":"#0","tintindex":0},"south":{"uv":[11.625,12.5,11.875,13.25],"rotation":0,"texture":"#0","tintindex":0},"up":{"uv":[12.125,13.25,11.875,12.5],"rotation":0,"texture":"#0","tintindex":0},"west":{"uv":[11.25,5.5,12.0,6.25],"rotation":0,"texture":"#0","tintindex":0}}},{"name":"bone37","from":[8.41673,0.5985317,6.5068455],"to":[8.41673,8.415284,10.843598],"rotation":{"angle":0.0,"axis":"x","origin":[8.41673,5.1069083,9.875222]},"faces":{"down":{"uv":[0.0,0.0,0.0,0.875],"rotation":0,"texture":"#0","tintindex":0},"east":{"uv":[2.625,8.25,1.75,9.875],"rotation":0,"texture":"#0","tintindex":0},"north":{"uv":[0.0,0.0,0.0,1.625],"rotation":0,"texture":"#0","tintindex":0},"south":{"uv":[0.0,0.0,0.0,1.625],"rotation":0,"texture":"#0","tintindex":0},"up":{"uv":[0.0,0.875,0.0,0.0],"rotation":0,"texture":"#0","tintindex":0},"west":{"uv":[1.75,8.25,0.875,9.875],"rotation":0,"texture":"#0","tintindex":0}}},{"name":"bone37","from":[7.574486,2.6555173,6.344024],"to":[8.765924,6.0596232,7.932608],"rotation":{"angle":0.0,"axis":"x","origin":[8.141833,4.3575735,7.3085184]},"faces":{"down":{"uv":[8.5,13.0,8.25,13.375],"rotation":0,"texture":"#0","tintindex":0},"east":{"uv":[4.25,12.25,4.625,13.0],"rotation":0,"texture":"#0","tintindex":0},"north":{"uv":[1.0,12.625,1.25,13.375],"rotation":0,"texture":"#0","tintindex":0},"south":{"uv":[1.25,12.625,1.5,13.375],"rotation":0,"texture":"#0","tintindex":0},"up":{"uv":[8.25,13.375,8.0,13.0],"rotation":0,"texture":"#0","tintindex":0},"west":{"uv":[4.625,12.25,5.0,13.0],"rotation":0,"texture":"#0","tintindex":0}}},{"name":"bone37","from":[7.631222,2.0030417,7.351952],"to":[8.595716,5.6908216,9.224211],"rotation":{"angle":0.0,"axis":"x","origin":[3.8016016,-5.2390785,1.7024059]},"faces":{"down":{"uv":[8.75,13.0,8.5,13.375],"rotation":0,"texture":"#0","tintindex":0},"east":{"uv":[5.0,12.25,5.375,13.0],"rotation":0,"texture":"#0","tintindex":0},"north":{"uv":[1.5,12.625,1.75,13.375],"rotation":0,"texture":"#0","tintindex":0},"south":{"uv":[1.75,12.625,2.0,13.375],"rotation":0,"texture":"#0","tintindex":0},"up":{"uv":[13.25,8.75,13.0,8.375],"rotation":0,"texture":"#0","tintindex":0},"west":{"uv":[5.375,12.25,5.75,13.0],"rotation":0,"texture":"#0","tintindex":0}}}],"display":{"head":{"translation":[0.0,-6.4,0.0],"rotation":[0.0,0.0,0.0],"scale":[3.8095,3.8095,3.8095]}}}