{"textures":{"0":"modelengine:entity/unknown"},"elements":[{"name":"bone11","from":[7.31918,4.329566,8.032646],"to":[8.68082,7.7904077,9.507758],"rotation":{"angle":0.0,"axis":"x","origin":[11.971455,2.638538,14.046566]},"faces":{"down":{"uv":[11.125,11.75,10.875,12.0],"rotation":0,"texture":"#0","tintindex":0},"east":{"uv":[12.375,12.25,12.625,13.0],"rotation":0,"texture":"#0","tintindex":0},"north":{"uv":[6.75,11.375,7.0,12.125],"rotation":0,"texture":"#0","tintindex":0},"south":{"uv":[12.5,0.0,12.75,0.75],"rotation":0,"texture":"#0","tintindex":0},"up":{"uv":[10.0,2.25,9.75,2.0],"rotation":0,"texture":"#0","tintindex":0},"west":{"uv":[12.5,1.875,12.75,2.625],"rotation":0,"texture":"#0","tintindex":0}}},{"name":"bone11","from":[7.148972,7.7336664,7.97591],"to":[8.851023,8.925104,9.734695],"rotation":{"angle":0.0,"axis":"x","origin":[11.971455,2.638538,14.046566]},"faces":{"down":{"uv":[13.0,7.5,12.625,7.875],"rotation":0,"texture":"#0","tintindex":0},"east":{"uv":[12.75,11.375,13.125,11.625],"rotation":0,"texture":"#0","tintindex":0},"north":{"uv":[12.75,9.375,13.125,9.625],"rotation":0,"texture":"#0","tintindex":0},"south":{"uv":[12.75,12.75,13.125,13.0],"rotation":0,"texture":"#0","tintindex":0},"up":{"uv":[6.125,11.25,5.75,10.875],"rotation":0,"texture":"#0","tintindex":0},"west":{"uv":[12.875,0.75,13.25,1.0],"rotation":0,"texture":"#0","tintindex":0}}}],"display":{"head":{"translation":[0.0,-6.4,0.0],"rotation":[0.0,0.0,0.0],"scale":[3.8095,3.8095,3.8095]}}}