{"textures":{"0":"modelengine:entity/unknown"},"elements":[{"name":"bone44","from":[7.375916,6.5989637,7.31918],"to":[8.62409,8.35775,8.68082],"rotation":{"angle":0.0,"axis":"x","origin":[8.0,8.045708,8.0]},"faces":{"down":{"uv":[13.5,10.375,13.25,10.625],"rotation":0,"texture":"#0","tintindex":0},"east":{"uv":[13.125,2.25,13.375,2.625],"rotation":0,"texture":"#0","tintindex":0},"north":{"uv":[13.125,1.875,13.375,2.25],"rotation":0,"texture":"#0","tintindex":0},"south":{"uv":[13.125,2.875,13.375,3.25],"rotation":0,"texture":"#0","tintindex":0},"up":{"uv":[13.5,10.375,13.25,10.125],"rotation":0,"texture":"#0","tintindex":0},"west":{"uv":[13.125,3.25,13.375,3.625],"rotation":0,"texture":"#0","tintindex":0}}},{"name":"bone44","from":[7.205708,6.0316095,6.638354],"to":[8.794292,7.223048,8.4538765],"rotation":{"angle":0.0,"axis":"x","origin":[4.028546,6.042638,13.446567]},"faces":{"down":{"uv":[13.125,5.375,12.75,5.75],"rotation":0,"texture":"#0","tintindex":0},"east":{"uv":[13.125,3.875,13.5,4.125],"rotation":0,"texture":"#0","tintindex":0},"north":{"uv":[13.125,3.625,13.5,3.875],"rotation":0,"texture":"#0","tintindex":0},"south":{"uv":[13.125,5.0,13.5,5.25],"rotation":0,"texture":"#0","tintindex":0},"up":{"uv":[13.125,5.375,12.75,5.0],"rotation":0,"texture":"#0","tintindex":0},"west":{"uv":[13.125,5.25,13.5,5.5],"rotation":0,"texture":"#0","tintindex":0}}}],"display":{"head":{"translation":[0.0,-6.4,0.0],"rotation":[0.0,0.0,0.0],"scale":[3.8095,3.8095,3.8095]}}}