{"textures":{"0":"modelengine:entity/unknown"},"elements":[{"name":"bone6","from":[7.6879582,8.741876,6.238544],"to":[8.538986,9.309223,8.62142],"rotation":{"angle":0.0,"axis":"x","origin":[12.198398,-5.839079,1.7024059]},"faces":{"down":{"uv":[4.75,13.25,4.625,13.75],"rotation":0,"texture":"#0","tintindex":0},"east":{"uv":[5.0,4.75,5.5,4.875],"rotation":0,"texture":"#0","tintindex":0},"north":{"uv":[6.875,1.5,7.0,1.625],"rotation":0,"texture":"#0","tintindex":0},"south":{"uv":[5.125,9.125,5.25,9.25],"rotation":0,"texture":"#0","tintindex":0},"up":{"uv":[13.25,12.375,13.125,11.875],"rotation":0,"texture":"#0","tintindex":0},"west":{"uv":[4.25,10.25,4.75,10.375],"rotation":0,"texture":"#0","tintindex":0}}},{"name":"bone6","from":[7.80143,5.6214437,4.93364],"to":[8.538986,8.40146,5.500988],"rotation":{"angle":0.0,"axis":"x","origin":[12.198398,-5.839079,1.7024059]},"faces":{"down":{"uv":[0.875,9.75,0.75,9.875],"rotation":0,"texture":"#0","tintindex":0},"east":{"uv":[8.75,13.0,8.875,13.625],"rotation":0,"texture":"#0","tintindex":0},"north":{"uv":[0.875,13.0,1.0,13.625],"rotation":0,"texture":"#0","tintindex":0},"south":{"uv":[9.25,13.125,9.375,13.75],"rotation":0,"texture":"#0","tintindex":0},"up":{"uv":[9.75,1.125,9.625,1.0],"rotation":0,"texture":"#0","tintindex":0},"west":{"uv":[9.375,13.125,9.5,13.75],"rotation":0,"texture":"#0","tintindex":0}}},{"name":"bone6","from":[7.290812,5.054096,5.500988],"to":[8.538986,8.741876,8.905094],"rotation":{"angle":0.0,"axis":"x","origin":[12.198398,-5.839079,1.7024059]},"faces":{"down":{"uv":[7.375,12.5,7.125,13.25],"rotation":0,"texture":"#0","tintindex":0},"east":{"uv":[5.0,4.0,5.75,4.75],"rotation":0,"texture":"#0","tintindex":0},"north":{"uv":[12.5,2.875,12.75,3.625],"rotation":0,"texture":"#0","tintindex":0},"south":{"uv":[12.5,5.5,12.75,6.25],"rotation":0,"texture":"#0","tintindex":0},"up":{"uv":[7.125,13.25,6.875,12.5],"rotation":0,"texture":"#0","tintindex":0},"west":{"uv":[11.125,9.375,11.875,10.125],"rotation":0,"texture":"#0","tintindex":0}}},{"name":"bone6","from":[7.58327,-0.00146842,6.5068455],"to":[7.58327,7.8152843,10.843598],"rotation":{"angle":0.0,"axis":"x","origin":[7.58327,4.5069084,9.875222]},"faces":{"down":{"uv":[0.0,0.0,0.0,0.875],"rotation":0,"texture":"#0","tintindex":0},"east":{"uv":[0.875,8.25,1.75,9.875],"rotation":0,"texture":"#0","tintindex":0},"north":{"uv":[0.0,0.0,0.0,1.625],"rotation":0,"texture":"#0","tintindex":0},"south":{"uv":[0.0,0.0,0.0,1.625],"rotation":0,"texture":"#0","tintindex":0},"up":{"uv":[0.0,0.875,0.0,0.0],"rotation":0,"texture":"#0","tintindex":0},"west":{"uv":[1.75,8.25,2.625,9.875],"rotation":0,"texture":"#0","tintindex":0}}},{"name":"bone6","from":[7.234076,2.0187917,5.968172],"to":[8.425514,5.4228983,7.556756],"rotation":{"angle":0.0,"axis":"x","origin":[7.858166,3.7208478,6.932666]},"faces":{"down":{"uv":[13.125,12.0,12.875,12.375],"rotation":0,"texture":"#0","tintindex":0},"east":{"uv":[12.125,10.75,12.5,11.5],"rotation":0,"texture":"#0","tintindex":0},"north":{"uv":[12.5,8.875,12.75,9.625],"rotation":0,"texture":"#0","tintindex":0},"south":{"uv":[9.625,12.5,9.875,13.25],"rotation":0,"texture":"#0","tintindex":0},"up":{"uv":[13.125,12.0,12.875,11.625],"rotation":0,"texture":"#0","tintindex":0},"west":{"uv":[12.125,11.5,12.5,12.25],"rotation":0,"texture":"#0","tintindex":0}}},{"name":"bone6","from":[7.404284,1.3663157,6.9761],"to":[8.368778,5.054096,8.848358],"rotation":{"angle":0.0,"axis":"x","origin":[12.198398,-5.839079,1.7024059]},"faces":{"down":{"uv":[4.5,13.0,4.25,13.375],"rotation":0,"texture":"#0","tintindex":0},"east":{"uv":[0.625,12.25,1.0,13.0],"rotation":0,"texture":"#0","tintindex":0},"north":{"uv":[9.875,12.5,10.125,13.25],"rotation":0,"texture":"#0","tintindex":0},"south":{"uv":[10.125,12.5,10.375,13.25],"rotation":0,"texture":"#0","tintindex":0},"up":{"uv":[0.875,13.375,0.625,13.0],"rotation":0,"texture":"#0","tintindex":0},"west":{"uv":[12.25,0.75,12.625,1.5],"rotation":0,"texture":"#0","tintindex":0}}}],"display":{"head":{"translation":[0.0,-6.4,0.0],"rotation":[0.0,0.0,0.0],"scale":[3.8095,3.8095,3.8095]}}}