{"textures":{"0":"modelengine:entity/unknown"},"elements":[{"name":"bone43","from":[7.31918,4.329566,8.032646],"to":[8.68082,7.7904077,9.507758],"rotation":{"angle":0.0,"axis":"x","origin":[4.028546,2.638538,14.046566]},"faces":{"down":{"uv":[10.375,13.25,10.125,13.5],"rotation":0,"texture":"#0","tintindex":0},"east":{"uv":[2.75,12.625,3.0,13.375],"rotation":0,"texture":"#0","tintindex":0},"north":{"uv":[2.5,12.625,2.75,13.375],"rotation":0,"texture":"#0","tintindex":0},"south":{"uv":[7.375,12.625,7.625,13.375],"rotation":0,"texture":"#0","tintindex":0},"up":{"uv":[13.5,10.125,13.25,9.875],"rotation":0,"texture":"#0","tintindex":0},"west":{"uv":[12.625,11.625,12.875,12.375],"rotation":0,"texture":"#0","tintindex":0}}},{"name":"bone43","from":[7.1489778,7.7336664,7.97591],"to":[8.851028,8.925104,9.734695],"rotation":{"angle":0.0,"axis":"x","origin":[4.028546,2.638538,14.046566]},"faces":{"down":{"uv":[13.125,3.625,12.75,4.0],"rotation":0,"texture":"#0","tintindex":0},"east":{"uv":[13.125,0.5,13.5,0.75],"rotation":0,"texture":"#0","tintindex":0},"north":{"uv":[13.125,0.25,13.5,0.5],"rotation":0,"texture":"#0","tintindex":0},"south":{"uv":[13.125,1.0,13.5,1.25],"rotation":0,"texture":"#0","tintindex":0},"up":{"uv":[13.125,3.625,12.75,3.25],"rotation":0,"texture":"#0","tintindex":0},"west":{"uv":[13.125,1.25,13.5,1.5],"rotation":0,"texture":"#0","tintindex":0}}}],"display":{"head":{"translation":[0.0,-6.4,0.0],"rotation":[0.0,0.0,0.0],"scale":[3.8095,3.8095,3.8095]}}}