{"textures":{"0":"modelengine:entity/unknown"},"elements":[{"name":"bone38","from":[7.461014,7.620194,6.37877],"to":[8.822654,8.471222,8.818377],"rotation":{"angle":0.0,"axis":"x","origin":[8.141833,8.045708,7.59857]},"faces":{"down":{"uv":[13.0,10.875,12.75,11.375],"rotation":0,"texture":"#0","tintindex":0},"east":{"uv":[13.0,6.75,13.5,6.875],"rotation":0,"texture":"#0","tintindex":0},"north":{"uv":[10.375,6.5,10.625,6.625],"rotation":0,"texture":"#0","tintindex":0},"south":{"uv":[10.625,0.875,10.875,1.0],"rotation":0,"texture":"#0","tintindex":0},"up":{"uv":[11.125,13.25,10.875,12.75],"rotation":0,"texture":"#0","tintindex":0},"west":{"uv":[13.125,9.5,13.625,9.625],"rotation":0,"texture":"#0","tintindex":0}}},{"name":"bone38","from":[7.631222,2.7977118,7.343264],"to":[8.709188,7.620194,8.818377],"rotation":{"angle":0.0,"axis":"x","origin":[8.141833,8.045708,7.59857]},"faces":{"down":{"uv":[13.5,8.375,13.25,8.625],"rotation":0,"texture":"#0","tintindex":0},"east":{"uv":[3.5,12.375,3.75,13.375],"rotation":0,"texture":"#0","tintindex":0},"north":{"uv":[3.25,12.375,3.5,13.375],"rotation":0,"texture":"#0","tintindex":0},"south":{"uv":[3.75,12.375,4.0,13.375],"rotation":0,"texture":"#0","tintindex":0},"up":{"uv":[13.5,8.0,13.25,7.75],"rotation":0,"texture":"#0","tintindex":0},"west":{"uv":[4.0,12.375,4.25,13.375],"rotation":0,"texture":"#0","tintindex":0}}}],"display":{"head":{"translation":[0.0,-6.4,0.0],"rotation":[0.0,0.0,0.0],"scale":[3.8095,3.8095,3.8095]}}}