{"textures":{"0":"modelengine:entity/unknown"},"elements":[{"name":"bone5","from":[3.6628401,12.620001,6.479],"to":[8.34284,17.3,9.599],"rotation":{"angle":0.0,"axis":"x","origin":[14.6,-10.000001,8.0]},"faces":{"down":{"uv":[2.0,5.75,1.25,6.25],"rotation":0,"texture":"#0","tintindex":0},"east":{"uv":[0.0,6.25,0.5,7.0],"rotation":0,"texture":"#0","tintindex":0},"north":{"uv":[0.5,6.25,1.25,7.0],"rotation":0,"texture":"#0","tintindex":0},"south":{"uv":[1.75,6.25,2.5,7.0],"rotation":0,"texture":"#0","tintindex":0},"up":{"uv":[1.25,6.25,0.5,5.75],"rotation":0,"texture":"#0","tintindex":0},"west":{"uv":[1.25,6.25,1.75,7.0],"rotation":0,"texture":"#0","tintindex":0}}},{"name":"bone5","from":[1.5568398,17.3,8.039],"to":[9.35684,23.54,8.039],"rotation":{"angle":0.0,"axis":"x","origin":[14.6,-10.000001,8.0]},"faces":{"down":{"uv":[9.0,0.0,7.75,0.0],"rotation":0,"texture":"#0","tintindex":0},"east":{"uv":[6.5,0.0,6.5,1.0],"rotation":0,"texture":"#0","tintindex":0},"north":{"uv":[6.5,0.0,7.75,1.0],"rotation":0,"texture":"#0","tintindex":0},"south":{"uv":[7.75,0.0,9.0,1.0],"rotation":0,"texture":"#0","tintindex":0},"up":{"uv":[7.75,0.0,6.5,0.0],"rotation":0,"texture":"#0","tintindex":0},"west":{"uv":[7.75,0.0,7.75,1.0],"rotation":0,"texture":"#0","tintindex":0}}},{"name":"bone5","from":[1.3228402,7.9399996,8.039],"to":[9.12284,12.620001,8.039],"rotation":{"angle":0.0,"axis":"x","origin":[14.6,-10.000001,8.0]},"faces":{"down":{"uv":[5.0,6.5,3.75,6.5],"rotation":0,"texture":"#0","tintindex":0},"east":{"uv":[2.5,6.5,2.5,7.25],"rotation":0,"texture":"#0","tintindex":0},"north":{"uv":[2.5,6.5,3.75,7.25],"rotation":0,"texture":"#0","tintindex":0},"south":{"uv":[3.75,6.5,5.0,7.25],"rotation":0,"texture":"#0","tintindex":0},"up":{"uv":[3.75,6.5,2.5,6.5],"rotation":0,"texture":"#0","tintindex":0},"west":{"uv":[3.75,6.5,3.75,7.25],"rotation":0,"texture":"#0","tintindex":0}}}],"display":{"head":{"translation":[0.0,-6.4,0.0],"rotation":[0.0,0.0,0.0],"scale":[3.8095,3.8095,3.8095]}}}