{"textures":{"0":"modelengine:entity/unknown"},"elements":[{"name":"bone21","from":[9.362841,11.06,6.377],"to":[10.92284,12.620001,7.937],"rotation":{"angle":0.0,"axis":"x","origin":[0.7999997,-2.2000003,8.6]},"faces":{"down":{"uv":[4.375,0.375,4.125,0.625],"rotation":0,"texture":"#0","tintindex":0},"east":{"uv":[3.625,0.625,3.875,0.875],"rotation":0,"texture":"#0","tintindex":0},"north":{"uv":[3.875,0.625,4.125,0.875],"rotation":0,"texture":"#0","tintindex":0},"south":{"uv":[4.375,0.625,4.625,0.875],"rotation":0,"texture":"#0","tintindex":0},"up":{"uv":[4.125,0.625,3.875,0.375],"rotation":0,"texture":"#0","tintindex":0},"west":{"uv":[4.125,0.625,4.375,0.875],"rotation":0,"texture":"#0","tintindex":0}}}],"display":{"head":{"translation":[0.0,-6.4,0.0],"rotation":[0.0,0.0,0.0],"scale":[3.8095,3.8095,3.8095]}}}