{"textures":{"0":"modelengine:entity/unknown"},"elements":[{"name":"bone19","from":[9.90284,10.460001,7.079],"to":[11.46284,12.02,8.639],"rotation":{"angle":0.0,"axis":"x","origin":[-1.0000005,-2.8000002,8.6]},"faces":{"down":{"uv":[2.75,5.75,2.5,6.0],"rotation":0,"texture":"#0","tintindex":0},"east":{"uv":[2.0,6.0,2.25,6.25],"rotation":0,"texture":"#0","tintindex":0},"north":{"uv":[2.25,6.0,2.5,6.25],"rotation":0,"texture":"#0","tintindex":0},"south":{"uv":[2.75,6.0,3.0,6.25],"rotation":0,"texture":"#0","tintindex":0},"up":{"uv":[2.5,6.0,2.25,5.75],"rotation":0,"texture":"#0","tintindex":0},"west":{"uv":[2.5,6.0,2.75,6.25],"rotation":0,"texture":"#0","tintindex":0}}}],"display":{"head":{"translation":[0.0,-6.4,0.0],"rotation":[0.0,0.0,0.0],"scale":[3.8095,3.8095,3.8095]}}}