{"textures":{"0":"modelengine:entity/unknown"},"elements":[{"name":"bone12","from":[3.2428396,0.9200001,5.777],"to":[4.8028398,2.4799993,7.337],"rotation":{"angle":0.0,"axis":"x","origin":[13.400001,-10.000001,8.0]},"faces":{"down":{"uv":[5.625,8.0,5.375,8.25],"rotation":0,"texture":"#0","tintindex":0},"east":{"uv":[4.875,8.25,5.125,8.5],"rotation":0,"texture":"#0","tintindex":0},"north":{"uv":[5.125,8.25,5.375,8.5],"rotation":0,"texture":"#0","tintindex":0},"south":{"uv":[5.625,8.25,5.875,8.5],"rotation":0,"texture":"#0","tintindex":0},"up":{"uv":[5.375,8.25,5.125,8.0],"rotation":0,"texture":"#0","tintindex":0},"west":{"uv":[5.375,8.25,5.625,8.5],"rotation":0,"texture":"#0","tintindex":0}}}],"display":{"head":{"translation":[0.0,-6.4,0.0],"rotation":[0.0,0.0,0.0],"scale":[3.8095,3.8095,3.8095]}}}