{"textures":{"0":"modelengine:entity/unknown"},"elements":[{"name":"bone17","from":[10.50284,9.860001,7.619],"to":[12.06284,11.420001,9.179],"rotation":{"angle":0.0,"axis":"x","origin":[-0.40000033,-3.4000006,6.8]},"faces":{"down":{"uv":[7.875,7.875,7.625,8.125],"rotation":0,"texture":"#0","tintindex":0},"east":{"uv":[7.125,8.125,7.375,8.375],"rotation":0,"texture":"#0","tintindex":0},"north":{"uv":[7.375,8.125,7.625,8.375],"rotation":0,"texture":"#0","tintindex":0},"south":{"uv":[7.875,8.125,8.125,8.375],"rotation":0,"texture":"#0","tintindex":0},"up":{"uv":[7.625,8.125,7.375,7.875],"rotation":0,"texture":"#0","tintindex":0},"west":{"uv":[7.625,8.125,7.875,8.375],"rotation":0,"texture":"#0","tintindex":0}}}],"display":{"head":{"translation":[0.0,-6.4,0.0],"rotation":[0.0,0.0,0.0],"scale":[3.8095,3.8095,3.8095]}}}