{"textures":{"0":"modelengine:entity/unknown"},"elements":[{"name":"bone18","from":[13.50284,0.9200001,8.819],"to":[15.06284,2.4799993,10.379],"rotation":{"angle":0.0,"axis":"x","origin":[2.6,-10.000001,8.0]},"faces":{"down":{"uv":[7.125,7.625,6.875,7.875],"rotation":0,"texture":"#0","tintindex":0},"east":{"uv":[6.375,7.875,6.625,8.125],"rotation":0,"texture":"#0","tintindex":0},"north":{"uv":[6.625,7.875,6.875,8.125],"rotation":0,"texture":"#0","tintindex":0},"south":{"uv":[7.125,7.875,7.375,8.125],"rotation":0,"texture":"#0","tintindex":0},"up":{"uv":[6.875,7.875,6.625,7.625],"rotation":0,"texture":"#0","tintindex":0},"west":{"uv":[6.875,7.875,7.125,8.125],"rotation":0,"texture":"#0","tintindex":0}}}],"display":{"head":{"translation":[0.0,-6.4,0.0],"rotation":[0.0,0.0,0.0],"scale":[3.8095,3.8095,3.8095]}}}