{"textures":{"0":"modelengine:entity/unknown"},"elements":[{"name":"bone16","from":[9.60284,10.220001,6.479],"to":[14.28284,14.900001,9.599],"rotation":{"angle":0.0,"axis":"x","origin":[2.6,-4.6000004,8.0]},"faces":{"down":{"uv":[5.0,5.25,4.25,5.75],"rotation":0,"texture":"#0","tintindex":0},"east":{"uv":[3.0,5.75,3.5,6.5],"rotation":0,"texture":"#0","tintindex":0},"north":{"uv":[3.5,5.75,4.25,6.5],"rotation":0,"texture":"#0","tintindex":0},"south":{"uv":[4.75,5.75,5.5,6.5],"rotation":0,"texture":"#0","tintindex":0},"up":{"uv":[4.25,5.75,3.5,5.25],"rotation":0,"texture":"#0","tintindex":0},"west":{"uv":[4.25,5.75,4.75,6.5],"rotation":0,"texture":"#0","tintindex":0}}},{"name":"bone16","from":[8.07716,13.34,8.039],"to":[15.87716,18.02,8.039],"rotation":{"angle":0.0,"axis":"x","origin":[2.6,-4.6000004,8.0]},"faces":{"down":{"uv":[2.5,3.25,1.25,3.25],"rotation":0,"texture":"#0","tintindex":0},"east":{"uv":[0.0,3.25,0.0,4.0],"rotation":0,"texture":"#0","tintindex":0},"north":{"uv":[0.0,3.25,1.25,4.0],"rotation":0,"texture":"#0","tintindex":0},"south":{"uv":[1.25,3.25,2.5,4.0],"rotation":0,"texture":"#0","tintindex":0},"up":{"uv":[1.25,3.25,0.0,3.25],"rotation":0,"texture":"#0","tintindex":0},"west":{"uv":[1.25,3.25,1.25,4.0],"rotation":0,"texture":"#0","tintindex":0}}}],"display":{"head":{"translation":[0.0,-6.4,0.0],"rotation":[0.0,0.0,0.0],"scale":[3.8095,3.8095,3.8095]}}}