{"textures":{"0":"modelengine:entity/unknown"},"elements":[{"name":"bone3","from":[7.20284,22.34,10.379],"to":[8.76284,31.7,11.159],"rotation":{"angle":0.0,"axis":"x","origin":[8.0,4.3999996,8.0]},"faces":{"down":{"uv":[3.75,7.25,3.5,7.375],"rotation":0,"texture":"#0","tintindex":0},"east":{"uv":[3.125,7.375,3.25,8.875],"rotation":0,"texture":"#0","tintindex":0},"north":{"uv":[3.25,7.375,3.5,8.875],"rotation":0,"texture":"#0","tintindex":0},"south":{"uv":[3.625,7.375,3.875,8.875],"rotation":0,"texture":"#0","tintindex":0},"up":{"uv":[3.5,7.375,3.25,7.25],"rotation":0,"texture":"#0","tintindex":0},"west":{"uv":[3.5,7.375,3.625,8.875],"rotation":0,"texture":"#0","tintindex":0}}},{"name":"bone3","from":[3.3028398,23.900002,10.379],"to":[7.28084,25.46,11.159],"rotation":{"angle":0.0,"axis":"x","origin":[8.0,4.3999996,8.0]},"faces":{"down":{"uv":[8.75,1.375,8.125,1.5],"rotation":0,"texture":"#0","tintindex":0},"east":{"uv":[7.375,1.5,7.5,1.75],"rotation":0,"texture":"#0","tintindex":0},"north":{"uv":[7.5,1.5,8.125,1.75],"rotation":0,"texture":"#0","tintindex":0},"south":{"uv":[8.25,1.5,8.875,1.75],"rotation":0,"texture":"#0","tintindex":0},"up":{"uv":[8.125,1.5,7.5,1.375],"rotation":0,"texture":"#0","tintindex":0},"west":{"uv":[8.125,1.5,8.25,1.75],"rotation":0,"texture":"#0","tintindex":0}}},{"name":"bone3","from":[8.76284,23.900002,4.9189997],"to":[11.88284,25.46,5.699],"rotation":{"angle":0.0,"axis":"x","origin":[8.0,4.3999996,8.0]},"faces":{"down":{"uv":[8.875,4.625,8.375,4.75],"rotation":0,"texture":"#0","tintindex":0},"east":{"uv":[7.75,4.75,7.875,5.0],"rotation":0,"texture":"#0","tintindex":0},"north":{"uv":[7.875,4.75,8.375,5.0],"rotation":0,"texture":"#0","tintindex":0},"south":{"uv":[8.5,4.75,9.0,5.0],"rotation":0,"texture":"#0","tintindex":0},"up":{"uv":[8.375,4.75,7.875,4.625],"rotation":0,"texture":"#0","tintindex":0},"west":{"uv":[8.375,4.75,8.5,5.0],"rotation":0,"texture":"#0","tintindex":0}}},{"name":"bone3","from":[11.88284,23.900002,4.9189997],"to":[12.662841,25.46,10.379],"rotation":{"angle":0.0,"axis":"x","origin":[8.0,4.3999996,8.0]},"faces":{"down":{"uv":[8.375,6.75,8.25,7.625],"rotation":0,"texture":"#0","tintindex":0},"east":{"uv":[7.25,7.625,8.125,7.875],"rotation":0,"texture":"#0","tintindex":0},"north":{"uv":[8.125,7.625,8.25,7.875],"rotation":0,"texture":"#0","tintindex":0},"south":{"uv":[9.125,7.625,9.25,7.875],"rotation":0,"texture":"#0","tintindex":0},"up":{"uv":[8.25,7.625,8.125,6.75],"rotation":0,"texture":"#0","tintindex":0},"west":{"uv":[8.25,7.625,9.125,7.875],"rotation":0,"texture":"#0","tintindex":0}}},{"name":"bone3","from":[8.68484,23.900002,10.379],"to":[12.662841,25.46,11.159],"rotation":{"angle":0.0,"axis":"x","origin":[8.0,4.3999996,8.0]},"faces":{"down":{"uv":[8.75,1.0,8.125,1.125],"rotation":0,"texture":"#0","tintindex":0},"east":{"uv":[7.375,1.125,7.5,1.375],"rotation":0,"texture":"#0","tintindex":0},"north":{"uv":[7.5,1.125,8.125,1.375],"rotation":0,"texture":"#0","tintindex":0},"south":{"uv":[8.25,1.125,8.875,1.375],"rotation":0,"texture":"#0","tintindex":0},"up":{"uv":[8.125,1.125,7.5,1.0],"rotation":0,"texture":"#0","tintindex":0},"west":{"uv":[8.125,1.125,8.25,1.375],"rotation":0,"texture":"#0","tintindex":0}}},{"name":"bone3","from":[4.08284,27.02,4.9189997],"to":[7.20284,28.580002,5.699],"rotation":{"angle":0.0,"axis":"x","origin":[8.0,4.3999996,8.0]},"faces":{"down":{"uv":[6.25,7.625,5.75,7.75],"rotation":0,"texture":"#0","tintindex":0},"east":{"uv":[5.125,7.75,5.25,8.0],"rotation":0,"texture":"#0","tintindex":0},"north":{"uv":[5.25,7.75,5.75,8.0],"rotation":0,"texture":"#0","tintindex":0},"south":{"uv":[5.875,7.75,6.375,8.0],"rotation":0,"texture":"#0","tintindex":0},"up":{"uv":[5.75,7.75,5.25,7.625],"rotation":0,"texture":"#0","tintindex":0},"west":{"uv":[5.75,7.75,5.875,8.0],"rotation":0,"texture":"#0","tintindex":0}}},{"name":"bone3","from":[3.3028398,27.02,4.9189997],"to":[4.08284,28.580002,10.379],"rotation":{"angle":0.0,"axis":"x","origin":[8.0,4.3999996,8.0]},"faces":{"down":{"uv":[8.375,5.625,8.25,6.5],"rotation":0,"texture":"#0","tintindex":0},"east":{"uv":[7.25,6.5,8.125,6.75],"rotation":0,"texture":"#0","tintindex":0},"north":{"uv":[8.125,6.5,8.25,6.75],"rotation":0,"texture":"#0","tintindex":0},"south":{"uv":[9.125,6.5,9.25,6.75],"rotation":0,"texture":"#0","tintindex":0},"up":{"uv":[8.25,6.5,8.125,5.625],"rotation":0,"texture":"#0","tintindex":0},"west":{"uv":[8.25,6.5,9.125,6.75],"rotation":0,"texture":"#0","tintindex":0}}},{"name":"bone3","from":[3.3028398,27.02,10.379],"to":[7.28084,28.580002,11.159],"rotation":{"angle":0.0,"axis":"x","origin":[8.0,4.3999996,8.0]},"faces":{"down":{"uv":[6.625,6.875,6.0,7.0],"rotation":0,"texture":"#0","tintindex":0},"east":{"uv":[5.25,7.0,5.375,7.25],"rotation":0,"texture":"#0","tintindex":0},"north":{"uv":[5.375,7.0,6.0,7.25],"rotation":0,"texture":"#0","tintindex":0},"south":{"uv":[6.125,7.0,6.75,7.25],"rotation":0,"texture":"#0","tintindex":0},"up":{"uv":[6.0,7.0,5.375,6.875],"rotation":0,"texture":"#0","tintindex":0},"west":{"uv":[6.0,7.0,6.125,7.25],"rotation":0,"texture":"#0","tintindex":0}}},{"name":"bone3","from":[8.76284,27.02,4.9189997],"to":[11.88284,28.580002,5.699],"rotation":{"angle":0.0,"axis":"x","origin":[8.0,4.3999996,8.0]},"faces":{"down":{"uv":[5.0,7.625,4.5,7.75],"rotation":0,"texture":"#0","tintindex":0},"east":{"uv":[3.875,7.75,4.0,8.0],"rotation":0,"texture":"#0","tintindex":0},"north":{"uv":[4.0,7.75,4.5,8.0],"rotation":0,"texture":"#0","tintindex":0},"south":{"uv":[4.625,7.75,5.125,8.0],"rotation":0,"texture":"#0","tintindex":0},"up":{"uv":[4.5,7.75,4.0,7.625],"rotation":0,"texture":"#0","tintindex":0},"west":{"uv":[4.5,7.75,4.625,8.0],"rotation":0,"texture":"#0","tintindex":0}}},{"name":"bone3","from":[11.88284,27.02,4.9189997],"to":[12.662841,28.580002,10.379],"rotation":{"angle":0.0,"axis":"x","origin":[8.0,4.3999996,8.0]},"faces":{"down":{"uv":[2.25,7.25,2.125,8.125],"rotation":0,"texture":"#0","tintindex":0},"east":{"uv":[1.125,8.125,2.0,8.375],"rotation":0,"texture":"#0","tintindex":0},"north":{"uv":[2.0,8.125,2.125,8.375],"rotation":0,"texture":"#0","tintindex":0},"south":{"uv":[3.0,8.125,3.125,8.375],"rotation":0,"texture":"#0","tintindex":0},"up":{"uv":[2.125,8.125,2.0,7.25],"rotation":0,"texture":"#0","tintindex":0},"west":{"uv":[2.125,8.125,3.0,8.375],"rotation":0,"texture":"#0","tintindex":0}}},{"name":"bone3","from":[8.68484,27.02,10.379],"to":[12.662841,28.580002,11.159],"rotation":{"angle":0.0,"axis":"x","origin":[8.0,4.3999996,8.0]},"faces":{"down":{"uv":[6.625,6.5,6.0,6.625],"rotation":0,"texture":"#0","tintindex":0},"east":{"uv":[5.25,6.625,5.375,6.875],"rotation":0,"texture":"#0","tintindex":0},"north":{"uv":[5.375,6.625,6.0,6.875],"rotation":0,"texture":"#0","tintindex":0},"south":{"uv":[6.125,6.625,6.75,6.875],"rotation":0,"texture":"#0","tintindex":0},"up":{"uv":[6.0,6.625,5.375,6.5],"rotation":0,"texture":"#0","tintindex":0},"west":{"uv":[6.0,6.625,6.125,6.875],"rotation":0,"texture":"#0","tintindex":0}}},{"name":"bone3","from":[4.08284,29.36,4.9189997],"to":[7.20284,30.920002,5.699],"rotation":{"angle":0.0,"axis":"x","origin":[8.0,4.3999996,8.0]},"faces":{"down":{"uv":[8.625,5.0,8.125,5.125],"rotation":0,"texture":"#0","tintindex":0},"east":{"uv":[7.5,5.125,7.625,5.375],"rotation":0,"texture":"#0","tintindex":0},"north":{"uv":[7.625,5.125,8.125,5.375],"rotation":0,"texture":"#0","tintindex":0},"south":{"uv":[8.25,5.125,8.75,5.375],"rotation":0,"texture":"#0","tintindex":0},"up":{"uv":[8.125,5.125,7.625,5.0],"rotation":0,"texture":"#0","tintindex":0},"west":{"uv":[8.125,5.125,8.25,5.375],"rotation":0,"texture":"#0","tintindex":0}}},{"name":"bone3","from":[3.3028398,29.36,4.9189997],"to":[4.08284,30.920002,10.379],"rotation":{"angle":0.0,"axis":"x","origin":[8.0,4.3999996,8.0]},"faces":{"down":{"uv":[1.125,7.0,1.0,7.875],"rotation":0,"texture":"#0","tintindex":0},"east":{"uv":[0.0,7.875,0.875,8.125],"rotation":0,"texture":"#0","tintindex":0},"north":{"uv":[0.875,7.875,1.0,8.125],"rotation":0,"texture":"#0","tintindex":0},"south":{"uv":[1.875,7.875,2.0,8.125],"rotation":0,"texture":"#0","tintindex":0},"up":{"uv":[1.0,7.875,0.875,7.0],"rotation":0,"texture":"#0","tintindex":0},"west":{"uv":[1.0,7.875,1.875,8.125],"rotation":0,"texture":"#0","tintindex":0}}},{"name":"bone3","from":[3.3028398,29.36,10.379],"to":[7.28084,30.920002,11.159],"rotation":{"angle":0.0,"axis":"x","origin":[8.0,4.3999996,8.0]},"faces":{"down":{"uv":[7.625,4.625,7.0,4.75],"rotation":0,"texture":"#0","tintindex":0},"east":{"uv":[6.25,4.75,6.375,5.0],"rotation":0,"texture":"#0","tintindex":0},"north":{"uv":[6.375,4.75,7.0,5.0],"rotation":0,"texture":"#0","tintindex":0},"south":{"uv":[7.125,4.75,7.75,5.0],"rotation":0,"texture":"#0","tintindex":0},"up":{"uv":[7.0,4.75,6.375,4.625],"rotation":0,"texture":"#0","tintindex":0},"west":{"uv":[7.0,4.75,7.125,5.0],"rotation":0,"texture":"#0","tintindex":0}}},{"name":"bone3","from":[8.76284,29.36,4.9189997],"to":[11.88284,30.920002,5.699],"rotation":{"angle":0.0,"axis":"x","origin":[8.0,4.3999996,8.0]},"faces":{"down":{"uv":[8.5,1.75,8.0,1.875],"rotation":0,"texture":"#0","tintindex":0},"east":{"uv":[7.375,1.875,7.5,2.125],"rotation":0,"texture":"#0","tintindex":0},"north":{"uv":[7.5,1.875,8.0,2.125],"rotation":0,"texture":"#0","tintindex":0},"south":{"uv":[8.125,1.875,8.625,2.125],"rotation":0,"texture":"#0","tintindex":0},"up":{"uv":[8.0,1.875,7.5,1.75],"rotation":0,"texture":"#0","tintindex":0},"west":{"uv":[8.0,1.875,8.125,2.125],"rotation":0,"texture":"#0","tintindex":0}}},{"name":"bone3","from":[11.88284,29.36,4.9189997],"to":[12.662841,30.920002,10.379],"rotation":{"angle":0.0,"axis":"x","origin":[8.0,4.3999996,8.0]},"faces":{"down":{"uv":[7.25,6.5,7.125,7.375],"rotation":0,"texture":"#0","tintindex":0},"east":{"uv":[6.125,7.375,7.0,7.625],"rotation":0,"texture":"#0","tintindex":0},"north":{"uv":[7.0,7.375,7.125,7.625],"rotation":0,"texture":"#0","tintindex":0},"south":{"uv":[8.0,7.375,8.125,7.625],"rotation":0,"texture":"#0","tintindex":0},"up":{"uv":[7.125,7.375,7.0,6.5],"rotation":0,"texture":"#0","tintindex":0},"west":{"uv":[7.125,7.375,8.0,7.625],"rotation":0,"texture":"#0","tintindex":0}}},{"name":"bone3","from":[8.68484,29.36,10.379],"to":[12.662841,30.920002,11.159],"rotation":{"angle":0.0,"axis":"x","origin":[8.0,4.3999996,8.0]},"faces":{"down":{"uv":[5.0,0.0,4.375,0.125],"rotation":0,"texture":"#0","tintindex":0},"east":{"uv":[3.625,0.125,3.75,0.375],"rotation":0,"texture":"#0","tintindex":0},"north":{"uv":[3.75,0.125,4.375,0.375],"rotation":0,"texture":"#0","tintindex":0},"south":{"uv":[4.5,0.125,5.125,0.375],"rotation":0,"texture":"#0","tintindex":0},"up":{"uv":[4.375,0.125,3.75,0.0],"rotation":0,"texture":"#0","tintindex":0},"west":{"uv":[4.375,0.125,4.5,0.375],"rotation":0,"texture":"#0","tintindex":0}}},{"name":"bone3","from":[3.3028398,23.900002,4.9189997],"to":[4.08284,25.46,10.379],"rotation":{"angle":0.0,"axis":"x","origin":[8.0,4.3999996,8.0]},"faces":{"down":{"uv":[5.25,6.5,5.125,7.375],"rotation":0,"texture":"#0","tintindex":0},"east":{"uv":[4.125,7.375,5.0,7.625],"rotation":0,"texture":"#0","tintindex":0},"north":{"uv":[5.0,7.375,5.125,7.625],"rotation":0,"texture":"#0","tintindex":0},"south":{"uv":[6.0,7.375,6.125,7.625],"rotation":0,"texture":"#0","tintindex":0},"up":{"uv":[5.125,7.375,5.0,6.5],"rotation":0,"texture":"#0","tintindex":0},"west":{"uv":[5.125,7.375,6.0,7.625],"rotation":0,"texture":"#0","tintindex":0}}},{"name":"bone3","from":[4.08284,23.900002,4.9189997],"to":[7.20284,25.46,5.699],"rotation":{"angle":0.0,"axis":"x","origin":[8.0,4.3999996,8.0]},"faces":{"down":{"uv":[6.25,0.0,5.75,0.125],"rotation":0,"texture":"#0","tintindex":0},"east":{"uv":[5.125,0.125,5.25,0.375],"rotation":0,"texture":"#0","tintindex":0},"north":{"uv":[5.25,0.125,5.75,0.375],"rotation":0,"texture":"#0","tintindex":0},"south":{"uv":[5.875,0.125,6.375,0.375],"rotation":0,"texture":"#0","tintindex":0},"up":{"uv":[5.75,0.125,5.25,0.0],"rotation":0,"texture":"#0","tintindex":0},"west":{"uv":[5.75,0.125,5.875,0.375],"rotation":0,"texture":"#0","tintindex":0}}}],"display":{"head":{"translation":[0.0,-6.4,0.0],"rotation":[0.0,0.0,0.0],"scale":[3.8095,3.8095,3.8095]}}}