{"textures":{"0":"modelengine:entity/unknown"},"elements":[{"name":"bone14","from":[5.2708397,0.9200001,7.8050003],"to":[6.83084,2.4799993,9.365],"rotation":{"angle":0.0,"axis":"x","origin":[13.400001,-10.000001,8.0]},"faces":{"down":{"uv":[8.75,2.875,8.5,3.125],"rotation":0,"texture":"#0","tintindex":0},"east":{"uv":[8.0,3.125,8.25,3.375],"rotation":0,"texture":"#0","tintindex":0},"north":{"uv":[8.25,3.125,8.5,3.375],"rotation":0,"texture":"#0","tintindex":0},"south":{"uv":[8.75,3.125,9.0,3.375],"rotation":0,"texture":"#0","tintindex":0},"up":{"uv":[8.5,3.125,8.25,2.875],"rotation":0,"texture":"#0","tintindex":0},"west":{"uv":[8.5,3.125,8.75,3.375],"rotation":0,"texture":"#0","tintindex":0}}}],"display":{"head":{"translation":[0.0,-6.4,0.0],"rotation":[0.0,0.0,0.0],"scale":[3.8095,3.8095,3.8095]}}}