{"textures":{"0":"modelengine:entity/unknown"},"elements":[{"name":"bone2","from":[4.8628397,5.36,5.309],"to":[11.10284,12.38,10.769],"rotation":{"angle":0.0,"axis":"x","origin":[8.0,-4.0000005,8.0]},"faces":{"down":{"uv":[2.875,1.25,1.875,2.125],"rotation":0,"texture":"#0","tintindex":0},"east":{"uv":[0.0,2.125,0.875,3.25],"rotation":0,"texture":"#0","tintindex":0},"north":{"uv":[0.875,2.125,1.875,3.25],"rotation":0,"texture":"#0","tintindex":0},"south":{"uv":[2.75,2.125,3.75,3.25],"rotation":0,"texture":"#0","tintindex":0},"up":{"uv":[1.875,2.125,0.875,1.25],"rotation":0,"texture":"#0","tintindex":0},"west":{"uv":[1.875,2.125,2.75,3.25],"rotation":0,"texture":"#0","tintindex":0}}},{"name":"bone2","from":[4.08284,11.21,4.529],"to":[11.88284,11.99,11.549],"rotation":{"angle":0.0,"axis":"x","origin":[8.0,-4.0000005,8.0]},"faces":{"down":{"uv":[3.625,0.0,2.375,1.125],"rotation":0,"texture":"#0","tintindex":0},"east":{"uv":[0.0,1.125,1.125,1.25],"rotation":0,"texture":"#0","tintindex":0},"north":{"uv":[1.125,1.125,2.375,1.25],"rotation":0,"texture":"#0","tintindex":0},"south":{"uv":[3.5,1.125,4.75,1.25],"rotation":0,"texture":"#0","tintindex":0},"up":{"uv":[2.375,1.125,1.125,0.0],"rotation":0,"texture":"#0","tintindex":0},"west":{"uv":[2.375,1.125,3.5,1.25],"rotation":0,"texture":"#0","tintindex":0}}}],"display":{"head":{"translation":[0.0,-6.4,0.0],"rotation":[0.0,0.0,0.0],"scale":[3.8095,3.8095,3.8095]}}}