{"textures":{"0":"modelengine:entity/mso_lavastone_golem","1":"modelengine:entity/mso_lavastone_golem_e"},"elements":[{"name":"cube","from":[3.1999998,8.0,3.1999998],"to":[12.8,15.2,6.8],"rotation":{"angle":-22.5,"axis":"x","origin":[8.0,8.0,3.1999998]},"faces":{"down":{"uv":[11.0,4.75,9.0,5.5],"rotation":0,"texture":"#0","tintindex":0},"east":{"uv":[1.0,9.5,1.75,11.0],"rotation":0,"texture":"#0","tintindex":0},"north":{"uv":[4.5,4.0,6.5,5.5],"rotation":0,"texture":"#0","tintindex":0},"south":{"uv":[5.0,0.0,7.0,1.5],"rotation":0,"texture":"#0","tintindex":0},"up":{"uv":[6.75,9.75,4.75,9.0],"rotation":0,"texture":"#0","tintindex":0},"west":{"uv":[1.75,9.5,2.5,11.0],"rotation":0,"texture":"#0","tintindex":0}}},{"name":"cube","from":[4.3999996,15.2,4.3999996],"to":[11.6,18.8,8.0],"rotation":{"angle":-22.5,"axis":"x","origin":[8.0,8.0,3.1999998]},"faces":{"down":{"uv":[11.25,1.5,9.75,2.25],"rotation":0,"texture":"#0","tintindex":0},"east":{"uv":[12.5,10.25,13.25,11.0],"rotation":0,"texture":"#0","tintindex":0},"north":{"uv":[9.0,9.5,10.5,10.25],"rotation":0,"texture":"#0","tintindex":0},"south":{"uv":[9.75,0.0,11.25,0.75],"rotation":0,"texture":"#0","tintindex":0},"up":{"uv":[11.25,1.5,9.75,0.75],"rotation":0,"texture":"#0","tintindex":0},"west":{"uv":[12.5,11.0,13.25,11.75],"rotation":0,"texture":"#0","tintindex":0}}},{"name":"cube","from":[1.9999998,8.0,3.1999998],"to":[14.0,18.8,12.8],"rotation":{"angle":0.0,"axis":"x","origin":[8.0,8.0,8.0]},"faces":{"down":{"uv":[5.0,2.0,2.5,4.0],"rotation":0,"texture":"#0","tintindex":0},"east":{"uv":[2.5,4.0,4.5,6.25],"rotation":0,"texture":"#0","tintindex":0},"north":{"uv":[0.0,0.0,2.5,2.25],"rotation":0,"texture":"#0","tintindex":0},"south":{"uv":[0.0,2.25,2.5,4.5],"rotation":0,"texture":"#0","tintindex":0},"up":{"uv":[5.0,2.0,2.5,0.0],"rotation":0,"texture":"#0","tintindex":0},"west":{"uv":[0.0,4.5,2.0,6.75],"rotation":0,"texture":"#0","tintindex":0}}},{"name":"cube","from":[3.1999998,16.400002,6.2],"to":[5.6,21.2,9.8],"rotation":{"angle":22.5,"axis":"z","origin":[1.9999998,12.8,8.0]},"faces":{"down":{"uv":[14.25,0.0,13.75,0.75],"rotation":0,"texture":"#0","tintindex":0},"east":{"uv":[12.25,0.0,13.0,1.0],"rotation":0,"texture":"#0","tintindex":0},"north":{"uv":[11.75,13.0,12.25,14.0],"rotation":0,"texture":"#0","tintindex":0},"south":{"uv":[13.0,11.75,13.5,12.75],"rotation":0,"texture":"#0","tintindex":0},"up":{"uv":[9.25,11.75,8.75,11.0],"rotation":0,"texture":"#0","tintindex":0},"west":{"uv":[12.25,1.0,13.0,2.0],"rotation":0,"texture":"#0","tintindex":0}}},{"name":"cube","from":[0.7999997,8.0,5.6],"to":[5.6,16.400002,10.4],"rotation":{"angle":22.5,"axis":"z","origin":[0.7999997,8.0,8.0]},"faces":{"down":{"uv":[1.75,11.0,0.75,12.0],"rotation":0,"texture":"#0","tintindex":0},"east":{"uv":[8.0,6.5,9.0,8.25],"rotation":0,"texture":"#0","tintindex":0},"north":{"uv":[8.0,4.75,9.0,6.5],"rotation":0,"texture":"#0","tintindex":0},"south":{"uv":[0.0,8.25,1.0,10.0],"rotation":0,"texture":"#0","tintindex":0},"up":{"uv":[11.75,11.0,10.75,10.0],"rotation":0,"texture":"#0","tintindex":0},"west":{"uv":[8.0,8.25,9.0,10.0],"rotation":0,"texture":"#0","tintindex":0}}},{"name":"cube","from":[1.9999998,8.0,4.3999996],"to":[5.6,15.2,11.6],"rotation":{"angle":22.5,"axis":"z","origin":[1.9999998,8.0,8.0]},"faces":{"down":{"uv":[10.75,10.25,10.0,11.75],"rotation":0,"texture":"#0","tintindex":0},"east":{"uv":[2.0,6.25,3.5,7.75],"rotation":0,"texture":"#0","tintindex":0},"north":{"uv":[0.0,10.0,0.75,11.5],"rotation":0,"texture":"#0","tintindex":0},"south":{"uv":[4.0,10.0,4.75,11.5],"rotation":0,"texture":"#0","tintindex":0},"up":{"uv":[10.0,11.75,9.25,10.25],"rotation":0,"texture":"#0","tintindex":0},"west":{"uv":[6.5,3.0,8.0,4.5],"rotation":0,"texture":"#0","tintindex":0}}},{"name":"cube","from":[3.1999998,8.0,9.2],"to":[12.8,15.2,12.8],"rotation":{"angle":22.5,"axis":"x","origin":[8.0,8.0,12.8]},"faces":{"down":{"uv":[11.0,6.25,9.0,7.0],"rotation":0,"texture":"#0","tintindex":0},"east":{"uv":[4.75,9.75,5.5,11.25],"rotation":0,"texture":"#0","tintindex":0},"north":{"uv":[5.0,1.5,7.0,3.0],"rotation":0,"texture":"#0","tintindex":0},"south":{"uv":[4.5,5.5,6.5,7.0],"rotation":0,"texture":"#0","tintindex":0},"up":{"uv":[11.0,6.25,9.0,5.5],"rotation":0,"texture":"#0","tintindex":0},"west":{"uv":[5.5,9.75,6.25,11.25],"rotation":0,"texture":"#0","tintindex":0}}},{"name":"cube","from":[4.3999996,15.2,8.0],"to":[11.6,18.8,11.6],"rotation":{"angle":22.5,"axis":"x","origin":[8.0,8.0,12.8]},"faces":{"down":{"uv":[9.25,10.25,7.75,11.0],"rotation":0,"texture":"#0","tintindex":0},"east":{"uv":[0.0,12.75,0.75,13.5],"rotation":0,"texture":"#0","tintindex":0},"north":{"uv":[2.5,10.0,4.0,10.75],"rotation":0,"texture":"#0","tintindex":0},"south":{"uv":[10.0,7.0,11.5,7.75],"rotation":0,"texture":"#0","tintindex":0},"up":{"uv":[11.5,8.5,10.0,7.75],"rotation":0,"texture":"#0","tintindex":0},"west":{"uv":[0.75,12.75,1.5,13.5],"rotation":0,"texture":"#0","tintindex":0}}},{"name":"cube","from":[5.6,17.6,9.2],"to":[10.4,22.400002,11.6],"rotation":{"angle":22.5,"axis":"x","origin":[8.0,11.6,12.8]},"faces":{"down":{"uv":[11.75,13.0,10.75,13.5],"rotation":0,"texture":"#0","tintindex":0},"east":{"uv":[1.5,6.75,2.0,7.75],"rotation":0,"texture":"#0","tintindex":0},"north":{"uv":[11.0,4.25,12.0,5.25],"rotation":0,"texture":"#0","tintindex":0},"south":{"uv":[11.0,5.25,12.0,6.25],"rotation":0,"texture":"#0","tintindex":0},"up":{"uv":[14.0,4.0,13.0,3.5],"rotation":0,"texture":"#0","tintindex":0},"west":{"uv":[2.25,13.0,2.75,14.0],"rotation":0,"texture":"#0","tintindex":0}}},{"name":"cube","from":[2.6,17.6,8.6],"to":[6.2,21.2,11.0],"rotation":{"angle":22.5,"axis":"x","origin":[3.7999997,11.6,12.2]},"faces":{"down":{"uv":[13.75,13.5,13.0,14.0],"rotation":0,"texture":"#0","tintindex":0},"east":{"uv":[6.25,9.75,6.75,10.5],"rotation":0,"texture":"#0","tintindex":0},"north":{"uv":[3.75,12.75,4.5,13.5],"rotation":0,"texture":"#0","tintindex":0},"south":{"uv":[6.25,12.75,7.0,13.5],"rotation":0,"texture":"#0","tintindex":0},"up":{"uv":[13.0,14.0,12.25,13.5],"rotation":0,"texture":"#0","tintindex":0},"west":{"uv":[11.0,6.25,11.5,7.0],"rotation":0,"texture":"#0","tintindex":0}}},{"name":"cube","from":[3.7999997,16.400002,9.8],"to":[6.2,20.0,12.2],"rotation":{"angle":22.5,"axis":"z","origin":[2.6,12.8,11.0]},"faces":{"down":{"uv":[11.75,9.5,11.25,10.0],"rotation":0,"texture":"#0","tintindex":0},"east":{"uv":[1.5,13.75,2.0,14.5],"rotation":0,"texture":"#0","tintindex":0},"north":{"uv":[13.75,0.75,14.25,1.5],"rotation":0,"texture":"#0","tintindex":0},"south":{"uv":[13.75,2.75,14.25,3.5],"rotation":0,"texture":"#0","tintindex":0},"up":{"uv":[11.0,4.75,10.5,4.25],"rotation":0,"texture":"#0","tintindex":0},"west":{"uv":[4.25,13.75,4.75,14.5],"rotation":0,"texture":"#0","tintindex":0}}},{"name":"cube","from":[10.4,16.400002,6.2],"to":[12.8,21.2,9.8],"rotation":{"angle":-22.5,"axis":"z","origin":[14.0,12.8,8.0]},"faces":{"down":{"uv":[13.75,0.0,14.25,0.75],"rotation":0,"texture":"#0","tintindex":0},"east":{"uv":[13.0,1.0,12.25,2.0],"rotation":0,"texture":"#0","tintindex":0},"north":{"uv":[12.25,13.0,11.75,14.0],"rotation":0,"texture":"#0","tintindex":0},"south":{"uv":[13.5,11.75,13.0,12.75],"rotation":0,"texture":"#0","tintindex":0},"up":{"uv":[8.75,11.75,9.25,11.0],"rotation":0,"texture":"#0","tintindex":0},"west":{"uv":[13.0,0.0,12.25,1.0],"rotation":0,"texture":"#0","tintindex":0}}},{"name":"cube","from":[9.8,16.400002,9.8],"to":[12.2,20.0,12.2],"rotation":{"angle":-22.5,"axis":"z","origin":[13.400001,12.8,11.0]},"faces":{"down":{"uv":[11.25,9.5,11.75,10.0],"rotation":0,"texture":"#0","tintindex":0},"east":{"uv":[4.75,13.75,4.25,14.5],"rotation":0,"texture":"#0","tintindex":0},"north":{"uv":[14.25,0.75,13.75,1.5],"rotation":0,"texture":"#0","tintindex":0},"south":{"uv":[14.25,2.75,13.75,3.5],"rotation":0,"texture":"#0","tintindex":0},"up":{"uv":[10.5,4.75,11.0,4.25],"rotation":0,"texture":"#0","tintindex":0},"west":{"uv":[2.0,13.75,1.5,14.5],"rotation":0,"texture":"#0","tintindex":0}}},{"name":"cube","from":[9.8,17.6,8.6],"to":[13.400001,21.2,11.0],"rotation":{"angle":22.5,"axis":"x","origin":[12.2,11.6,12.2]},"faces":{"down":{"uv":[13.0,13.5,13.75,14.0],"rotation":0,"texture":"#0","tintindex":0},"east":{"uv":[11.5,6.25,11.0,7.0],"rotation":0,"texture":"#0","tintindex":0},"north":{"uv":[4.5,12.75,3.75,13.5],"rotation":0,"texture":"#0","tintindex":0},"south":{"uv":[7.0,12.75,6.25,13.5],"rotation":0,"texture":"#0","tintindex":0},"up":{"uv":[12.25,14.0,13.0,13.5],"rotation":0,"texture":"#0","tintindex":0},"west":{"uv":[6.75,9.75,6.25,10.5],"rotation":0,"texture":"#0","tintindex":0}}},{"name":"cube","from":[10.4,8.0,4.3999996],"to":[14.0,15.2,11.6],"rotation":{"angle":-22.5,"axis":"z","origin":[14.0,8.0,8.0]},"faces":{"down":{"uv":[10.0,10.25,10.75,11.75],"rotation":0,"texture":"#0","tintindex":0},"east":{"uv":[8.0,3.0,6.5,4.5],"rotation":0,"texture":"#0","tintindex":0},"north":{"uv":[0.75,10.0,0.0,11.5],"rotation":0,"texture":"#0","tintindex":0},"south":{"uv":[4.75,10.0,4.0,11.5],"rotation":0,"texture":"#0","tintindex":0},"up":{"uv":[9.25,11.75,10.0,10.25],"rotation":0,"texture":"#0","tintindex":0},"west":{"uv":[3.5,6.25,2.0,7.75],"rotation":0,"texture":"#0","tintindex":0}}},{"name":"cube","from":[10.4,8.0,5.6],"to":[15.2,16.400002,10.4],"rotation":{"angle":-22.5,"axis":"z","origin":[15.2,8.0,8.0]},"faces":{"down":{"uv":[0.75,11.0,1.75,12.0],"rotation":0,"texture":"#0","tintindex":0},"east":{"uv":[9.0,8.25,8.0,10.0],"rotation":0,"texture":"#0","tintindex":0},"north":{"uv":[9.0,4.75,8.0,6.5],"rotation":0,"texture":"#0","tintindex":0},"south":{"uv":[1.0,8.25,0.0,10.0],"rotation":0,"texture":"#0","tintindex":0},"up":{"uv":[10.75,11.0,11.75,10.0],"rotation":0,"texture":"#0","tintindex":0},"west":{"uv":[9.0,6.5,8.0,8.25],"rotation":0,"texture":"#0","tintindex":0}}}],"display":{"head":{"translation":[0.0,-6.4,0.0],"rotation":[0.0,0.0,0.0],"scale":[3.8095,3.8095,3.8095]}}}