{"textures":{"0":"modelengine:entity/mso_lavastone_golem","1":"modelengine:entity/mso_lavastone_golem_e"},"elements":[{"name":"cube","from":[5.3,7.7,7.4],"to":[6.5,8.9,8.6],"rotation":{"angle":0.0,"axis":"x","origin":[5.8999996,8.3,8.0]},"faces":{"down":{"uv":[11.75,4.0,12.0,4.25],"rotation":0,"texture":"#0","tintindex":0},"east":{"uv":[10.75,10.0,10.5,10.25],"rotation":0,"texture":"#0","tintindex":0},"north":{"uv":[9.0,10.0,8.75,10.25],"rotation":0,"texture":"#0","tintindex":0},"south":{"uv":[10.5,4.5,10.25,4.75],"rotation":0,"texture":"#0","tintindex":0},"up":{"uv":[11.5,8.5,11.75,8.25],"rotation":0,"texture":"#0","tintindex":0},"west":{"uv":[10.5,2.25,10.25,2.5],"rotation":0,"texture":"#0","tintindex":0}}},{"name":"cube","from":[6.5,6.8,6.5],"to":[9.5,9.8,9.5],"rotation":{"angle":0.0,"axis":"x","origin":[8.0,8.0,8.0]},"faces":{"down":{"uv":[10.75,13.5,11.375,14.125],"rotation":0,"texture":"#0","tintindex":0},"east":{"uv":[14.125,7.75,13.5,8.375],"rotation":0,"texture":"#0","tintindex":0},"north":{"uv":[6.625,13.5,6.0,14.125],"rotation":0,"texture":"#0","tintindex":0},"south":{"uv":[14.125,7.0,13.5,7.625],"rotation":0,"texture":"#0","tintindex":0},"up":{"uv":[13.5,9.125,14.125,8.5],"rotation":0,"texture":"#0","tintindex":0},"west":{"uv":[14.125,6.25,13.5,6.875],"rotation":0,"texture":"#0","tintindex":0}}},{"name":"cube","from":[7.4,7.7,5.3],"to":[8.6,8.9,6.5],"rotation":{"angle":0.0,"axis":"x","origin":[8.0,8.3,5.8999996]},"faces":{"down":{"uv":[12.0,4.25,11.75,4.0],"rotation":270,"texture":"#0","tintindex":0},"east":{"uv":[10.5,4.5,10.25,4.75],"rotation":0,"texture":"#0","tintindex":0},"north":{"uv":[10.75,10.0,10.5,10.25],"rotation":0,"texture":"#0","tintindex":0},"south":{"uv":[10.5,2.25,10.25,2.5],"rotation":0,"texture":"#0","tintindex":0},"up":{"uv":[11.75,8.25,11.5,8.5],"rotation":90,"texture":"#0","tintindex":0},"west":{"uv":[9.0,10.0,8.75,10.25],"rotation":0,"texture":"#0","tintindex":0}}},{"name":"cube","from":[9.5,7.7,7.4],"to":[10.700001,8.9,8.6],"rotation":{"angle":0.0,"axis":"x","origin":[10.1,8.3,8.0]},"faces":{"down":{"uv":[11.75,4.0,12.0,4.25],"rotation":0,"texture":"#0","tintindex":0},"east":{"uv":[10.75,10.0,10.5,10.25],"rotation":0,"texture":"#0","tintindex":0},"north":{"uv":[9.0,10.0,8.75,10.25],"rotation":0,"texture":"#0","tintindex":0},"south":{"uv":[10.5,4.5,10.25,4.75],"rotation":0,"texture":"#0","tintindex":0},"up":{"uv":[11.5,8.5,11.75,8.25],"rotation":0,"texture":"#0","tintindex":0},"west":{"uv":[10.5,2.25,10.25,2.5],"rotation":0,"texture":"#0","tintindex":0}}},{"name":"cube","from":[7.4,7.7,9.5],"to":[8.6,8.9,10.700001],"rotation":{"angle":0.0,"axis":"x","origin":[8.0,8.3,10.1]},"faces":{"down":{"uv":[12.0,4.25,11.75,4.0],"rotation":270,"texture":"#0","tintindex":0},"east":{"uv":[10.5,4.5,10.25,4.75],"rotation":0,"texture":"#0","tintindex":0},"north":{"uv":[10.75,10.0,10.5,10.25],"rotation":0,"texture":"#0","tintindex":0},"south":{"uv":[10.5,2.25,10.25,2.5],"rotation":0,"texture":"#0","tintindex":0},"up":{"uv":[11.75,8.25,11.5,8.5],"rotation":90,"texture":"#0","tintindex":0},"west":{"uv":[9.0,10.0,8.75,10.25],"rotation":0,"texture":"#0","tintindex":0}}}],"display":{"head":{"translation":[0.0,-6.4,0.0],"rotation":[0.0,0.0,0.0],"scale":[3.8095,3.8095,3.8095]}}}