{"textures":{"0":"modelengine:entity/mso_lavastone_golem","1":"modelengine:entity/mso_lavastone_golem_e"},"elements":[{"name":"cube","from":[6.5,6.8,6.5],"to":[9.5,9.8,9.5],"rotation":{"angle":0.0,"axis":"x","origin":[8.0,8.0,8.0]},"faces":{"down":{"uv":[1.375,13.5,0.75,14.125],"rotation":0,"texture":"#0","tintindex":0},"east":{"uv":[10.0,13.25,10.625,13.875],"rotation":0,"texture":"#0","tintindex":0},"north":{"uv":[13.25,9.25,13.875,9.875],"rotation":0,"texture":"#0","tintindex":0},"south":{"uv":[13.25,10.0,13.875,10.625],"rotation":0,"texture":"#0","tintindex":0},"up":{"uv":[0.625,14.125,0.0,13.5],"rotation":0,"texture":"#0","tintindex":0},"west":{"uv":[13.25,10.75,13.875,11.375],"rotation":0,"texture":"#0","tintindex":0}}},{"name":"cube","from":[5.6,0.7999997,5.0],"to":[9.2,6.8,11.0],"rotation":{"angle":0.0,"axis":"x","origin":[8.6,2.6,8.0]},"faces":{"down":{"uv":[10.25,11.75,9.5,13.0],"rotation":0,"texture":"#0","tintindex":0},"east":{"uv":[8.5,0.0,9.75,1.25],"rotation":0,"texture":"#0","tintindex":0},"north":{"uv":[11.5,6.25,12.25,7.5],"rotation":0,"texture":"#0","tintindex":0},"south":{"uv":[11.75,2.0,12.5,3.25],"rotation":0,"texture":"#0","tintindex":0},"up":{"uv":[9.5,13.0,8.75,11.75],"rotation":0,"texture":"#0","tintindex":0},"west":{"uv":[8.5,1.25,9.75,2.5],"rotation":0,"texture":"#0","tintindex":0}}},{"name":"cube","from":[9.2,2.7499998,5.0],"to":[11.0,6.35,7.4],"rotation":{"angle":0.0,"axis":"x","origin":[8.6,4.5499997,8.0]},"faces":{"down":{"uv":[3.625,14.25,3.25,14.75],"rotation":0,"texture":"#0","tintindex":0},"east":{"uv":[5.0,13.75,5.5,14.5],"rotation":0,"texture":"#0","tintindex":0},"north":{"uv":[2.25,14.0,2.625,14.75],"rotation":0,"texture":"#0","tintindex":0},"south":{"uv":[14.0,4.0,14.375,4.75],"rotation":0,"texture":"#0","tintindex":0},"up":{"uv":[14.625,3.25,14.25,2.75],"rotation":0,"texture":"#0","tintindex":0},"west":{"uv":[5.5,13.75,6.0,14.5],"rotation":0,"texture":"#0","tintindex":0}}},{"name":"cube","from":[9.2,2.6,7.4],"to":[11.0,4.3999996,9.8],"rotation":{"angle":0.0,"axis":"x","origin":[8.6,4.3999996,10.4]},"faces":{"down":{"uv":[14.625,6.0,14.25,6.5],"rotation":0,"texture":"#0","tintindex":0},"east":{"uv":[3.75,14.25,4.25,14.625],"rotation":0,"texture":"#0","tintindex":0},"north":{"uv":[14.25,8.75,14.625,9.125],"rotation":0,"texture":"#0","tintindex":0},"south":{"uv":[11.0,14.25,11.375,14.625],"rotation":0,"texture":"#0","tintindex":0},"up":{"uv":[6.375,14.75,6.0,14.25],"rotation":0,"texture":"#0","tintindex":0},"west":{"uv":[14.25,5.5,14.75,5.875],"rotation":0,"texture":"#0","tintindex":0}}},{"name":"cube","from":[5.3,7.7,7.4],"to":[6.5,8.9,8.6],"rotation":{"angle":0.0,"axis":"x","origin":[5.8999996,8.3,8.0]},"faces":{"down":{"uv":[12.0,4.0,11.75,4.25],"rotation":0,"texture":"#0","tintindex":0},"east":{"uv":[10.25,2.25,10.5,2.5],"rotation":0,"texture":"#0","tintindex":0},"north":{"uv":[8.75,10.0,9.0,10.25],"rotation":0,"texture":"#0","tintindex":0},"south":{"uv":[10.25,4.5,10.5,4.75],"rotation":0,"texture":"#0","tintindex":0},"up":{"uv":[11.75,8.5,11.5,8.25],"rotation":0,"texture":"#0","tintindex":0},"west":{"uv":[10.5,10.0,10.75,10.25],"rotation":0,"texture":"#0","tintindex":0}}},{"name":"cube","from":[9.5,7.7,7.4],"to":[10.700001,8.9,8.6],"rotation":{"angle":0.0,"axis":"x","origin":[10.1,8.3,8.0]},"faces":{"down":{"uv":[12.0,4.0,11.75,4.25],"rotation":0,"texture":"#0","tintindex":0},"east":{"uv":[10.25,2.25,10.5,2.5],"rotation":0,"texture":"#0","tintindex":0},"north":{"uv":[8.75,10.0,9.0,10.25],"rotation":0,"texture":"#0","tintindex":0},"south":{"uv":[10.25,4.5,10.5,4.75],"rotation":0,"texture":"#0","tintindex":0},"up":{"uv":[11.75,8.5,11.5,8.25],"rotation":0,"texture":"#0","tintindex":0},"west":{"uv":[10.5,10.0,10.75,10.25],"rotation":0,"texture":"#0","tintindex":0}}},{"name":"cube","from":[7.4,7.7,9.5],"to":[8.6,8.9,10.700001],"rotation":{"angle":0.0,"axis":"x","origin":[8.0,8.3,10.1]},"faces":{"down":{"uv":[12.0,4.0,11.75,4.25],"rotation":270,"texture":"#0","tintindex":0},"east":{"uv":[8.75,10.0,9.0,10.25],"rotation":0,"texture":"#0","tintindex":0},"north":{"uv":[10.5,10.0,10.75,10.25],"rotation":0,"texture":"#0","tintindex":0},"south":{"uv":[10.25,2.25,10.5,2.5],"rotation":0,"texture":"#0","tintindex":0},"up":{"uv":[11.75,8.5,11.5,8.25],"rotation":90,"texture":"#0","tintindex":0},"west":{"uv":[10.25,4.5,10.5,4.75],"rotation":0,"texture":"#0","tintindex":0}}},{"name":"cube","from":[7.4,7.7,5.3],"to":[8.6,8.9,6.5],"rotation":{"angle":0.0,"axis":"x","origin":[8.0,8.3,5.8999996]},"faces":{"down":{"uv":[12.0,4.0,11.75,4.25],"rotation":270,"texture":"#0","tintindex":0},"east":{"uv":[8.75,10.0,9.0,10.25],"rotation":0,"texture":"#0","tintindex":0},"north":{"uv":[10.5,10.0,10.75,10.25],"rotation":0,"texture":"#0","tintindex":0},"south":{"uv":[10.25,2.25,10.5,2.5],"rotation":0,"texture":"#0","tintindex":0},"up":{"uv":[11.75,8.5,11.5,8.25],"rotation":90,"texture":"#0","tintindex":0},"west":{"uv":[10.25,4.5,10.5,4.75],"rotation":0,"texture":"#0","tintindex":0}}}],"display":{"head":{"translation":[0.0,-6.4,0.0],"rotation":[0.0,0.0,0.0],"scale":[3.8095,3.8095,3.8095]}}}