{"textures":{"0":"modelengine:entity/unknown"},"elements":[{"name":"bone34","from":[8.1425,6.171007,2.8346238],"to":[10.5365,8.223009,9.560624],"rotation":{"angle":-45.0,"axis":"x","origin":[8.0,7.459999,8.0]},"faces":{"down":{"uv":[5.5,9.25,5.0,10.75],"rotation":0,"texture":"#0","tintindex":0},"east":{"uv":[9.5,5.25,11.0,5.75],"rotation":0,"texture":"#0","tintindex":0},"north":{"uv":[8.0,3.0,8.5,3.5],"rotation":0,"texture":"#0","tintindex":0},"south":{"uv":[3.75,12.0,4.25,12.5],"rotation":0,"texture":"#0","tintindex":0},"up":{"uv":[7.75,10.25,7.25,8.75],"rotation":0,"texture":"#0","tintindex":0},"west":{"uv":[9.5,7.75,11.0,8.25],"rotation":0,"texture":"#0","tintindex":0}}}],"display":{"head":{"translation":[0.0,-6.4,0.0],"rotation":[0.0,0.0,0.0],"scale":[3.8095,3.8095,3.8095]}}}