{"textures":{"0":"modelengine:entity/unknown"},"elements":[{"name":"bone13","from":[4.3519998,24.104,2.6419997],"to":[10.85,31.742,7.202],"rotation":{"angle":0.0,"axis":"x","origin":[7.601,6.8599997,8.0]},"faces":{"down":{"uv":[9.375,4.75,8.0,5.75],"rotation":0,"texture":"#0","tintindex":0},"east":{"uv":[5.25,7.5,6.25,9.125],"rotation":0,"texture":"#0","tintindex":0},"north":{"uv":[2.0,7.0,3.375,8.625],"rotation":0,"texture":"#0","tintindex":0},"south":{"uv":[6.25,7.0,7.625,8.625],"rotation":0,"texture":"#0","tintindex":0},"up":{"uv":[7.875,5.75,6.5,4.75],"rotation":0,"texture":"#0","tintindex":0},"west":{"uv":[8.0,1.25,9.0,2.875],"rotation":0,"texture":"#0","tintindex":0}}}],"display":{"head":{"translation":[0.0,-6.4,0.0],"rotation":[0.0,0.0,0.0],"scale":[3.8095,3.8095,3.8095]}}}