{"textures":{"0":"modelengine:entity/unknown"},"elements":[{"name":"bone6","from":[4.494218,5.408,6.51956],"to":[11.334218,8.827999,9.93956],"rotation":{"angle":-22.5,"axis":"z","origin":[7.9142184,5.9779997,8.22956]},"faces":{"down":{"uv":[10.0,8.25,8.5,9.0],"rotation":0,"texture":"#0","tintindex":0},"east":{"uv":[1.0,10.0,1.75,10.75],"rotation":0,"texture":"#0","tintindex":0},"north":{"uv":[8.25,5.75,9.75,6.5],"rotation":0,"texture":"#0","tintindex":0},"south":{"uv":[8.5,3.0,10.0,3.75],"rotation":0,"texture":"#0","tintindex":0},"up":{"uv":[10.0,4.5,8.5,3.75],"rotation":0,"texture":"#0","tintindex":0},"west":{"uv":[7.0,10.25,7.75,11.0],"rotation":0,"texture":"#0","tintindex":0}}}],"display":{"head":{"translation":[0.0,-6.4,0.0],"rotation":[0.0,0.0,0.0],"scale":[3.8095,3.8095,3.8095]}}}