{
	"credit": "Made with Blockbench",
	"textures": {
		"0": "modelengine:entity/unknown"
	},
	"elements": [
		{
			"name": "bone11",
			"from": [8.9405, 10.66067, -3.67186],
			"to": [9.8525, 12.37067, -2.53186],
			"rotation": {"angle": 0, "axis": "x", "origin": [9.3965, 11.51567, -3.10186]},
			"faces": {
				"north": {"uv": [11.5, 12.5, 11.75, 12.875], "texture": "#0", "tintindex": 0},
				"east": {"uv": [11.75, 12.5, 12, 12.875], "texture": "#0", "tintindex": 0},
				"south": {"uv": [12.5, 11.75, 12.75, 12.125], "texture": "#0", "tintindex": 0},
				"west": {"uv": [12.5, 12.25, 12.75, 12.625], "texture": "#0", "tintindex": 0},
				"up": {"uv": [12.5, 1, 12.25, 0.75], "texture": "#0", "tintindex": 0},
				"down": {"uv": [13.25, 3.75, 13, 4], "texture": "#0", "tintindex": 0}
			}
		},
		{
			"name": "bone11",
			"from": [9.0545, 7.2682, 5.54759],
			"to": [9.6245, 8.0662, 7.14359],
			"rotation": {"angle": 0, "axis": "x", "origin": [9.3965, 8.6102, 4.71859]},
			"faces": {
				"north": {"uv": [13.375, 13, 13.25, 13.125], "rotation": 180, "texture": "#0", "tintindex": 0},
				"east": {"uv": [11.5, 13, 11.625, 13.375], "rotation": 270, "texture": "#0", "tintindex": 0},
				"south": {"uv": [13.375, 12.875, 13.25, 12.75], "texture": "#0", "tintindex": 0},
				"west": {"uv": [11.75, 13, 11.875, 13.375], "rotation": 90, "texture": "#0", "tintindex": 0},
				"up": {"uv": [9.75, 13, 9.875, 13.375], "rotation": 180, "texture": "#0", "tintindex": 0},
				"down": {"uv": [13, 11.5, 13.125, 11.875], "texture": "#0", "tintindex": 0}
			}
		},
		{
			"name": "bone11",
			"from": [8.8265, 7.45986, 3.10303],
			"to": [9.9665, 8.59986, 5.95303],
			"rotation": {"angle": 0, "axis": "x", "origin": [9.3965, 7.54786, 2.52803]},
			"faces": {
				"north": {"uv": [13.25, 4.25, 13, 4], "rotation": 180, "texture": "#0", "tintindex": 0},
				"east": {"uv": [1.5, 9.25, 1.75, 9.875], "rotation": 90, "texture": "#0", "tintindex": 0},
				"south": {"uv": [13.25, 4.25, 13, 4.5], "texture": "#0", "tintindex": 0},
				"west": {"uv": [11.25, 12, 11.5, 12.625], "rotation": 270, "texture": "#0", "tintindex": 0},
				"up": {"uv": [7.5, 11, 7.75, 11.625], "texture": "#0", "tintindex": 0},
				"down": {"uv": [2, 6.25, 2.25, 6.875], "rotation": 180, "texture": "#0", "tintindex": 0}
			}
		},
		{
			"name": "bone11",
			"from": [8.9405, 11.379, -9.27598],
			"to": [9.8525, 13.089, -8.13598],
			"rotation": {"angle": -22.5, "axis": "x", "origin": [9.3775, 9.71671, -6.44057]},
			"faces": {
				"north": {"uv": [12.75, 0, 13, 0.375], "texture": "#0", "tintindex": 0},
				"east": {"uv": [12.75, 0.5, 13, 0.875], "texture": "#0", "tintindex": 0},
				"south": {"uv": [1, 12.75, 1.25, 13.125], "texture": "#0", "tintindex": 0},
				"west": {"uv": [12.75, 1, 13, 1.375], "texture": "#0", "tintindex": 0},
				"up": {"uv": [13.25, 4.75, 13, 4.5], "texture": "#0", "tintindex": 0},
				"down": {"uv": [13.25, 4.75, 13, 5], "texture": "#0", "tintindex": 0}
			}
		},
		{
			"name": "bone11",
			"from": [8.8265, 11.38941, -12.65395],
			"to": [9.9665, 14.23941, -11.51395],
			"rotation": {"angle": 22.5, "axis": "x", "origin": [9.3775, 9.71671, -6.44057]},
			"faces": {
				"north": {"uv": [12, 11.25, 12.25, 11.875], "texture": "#0", "tintindex": 0},
				"east": {"uv": [12, 12, 12.25, 12.625], "texture": "#0", "tintindex": 0},
				"south": {"uv": [0, 12.25, 0.25, 12.875], "texture": "#0", "tintindex": 0},
				"west": {"uv": [0.25, 12.25, 0.5, 12.875], "texture": "#0", "tintindex": 0},
				"up": {"uv": [13.25, 5.25, 13, 5], "texture": "#0", "tintindex": 0},
				"down": {"uv": [13.25, 5.25, 13, 5.5], "texture": "#0", "tintindex": 0}
			}
		},
		{
			"name": "bone11",
			"from": [9.0545, 5.28838, -2.64021],
			"to": [9.6245, 6.88438, -1.84221],
			"rotation": {"angle": 0, "axis": "x", "origin": [9.3775, 9.71671, -6.44057]},
			"faces": {
				"north": {"uv": [13, 12, 13.125, 12.375], "texture": "#0", "tintindex": 0},
				"east": {"uv": [13, 12.5, 13.125, 12.875], "texture": "#0", "tintindex": 0},
				"south": {"uv": [13, 13, 13.125, 13.375], "texture": "#0", "tintindex": 0},
				"west": {"uv": [13.25, 0, 13.375, 0.375], "texture": "#0", "tintindex": 0},
				"up": {"uv": [13.375, 13.375, 13.25, 13.25], "texture": "#0", "tintindex": 0},
				"down": {"uv": [13.625, 0, 13.5, 0.125], "texture": "#0", "tintindex": 0}
			}
		},
		{
			"name": "bone11",
			"from": [8.9405, 10.02588, -6.60433],
			"to": [9.8525, 11.73588, -5.46433],
			"rotation": {"angle": -22.5, "axis": "x", "origin": [9.3775, 9.71671, -6.44057]},
			"faces": {
				"north": {"uv": [1.25, 12.75, 1.5, 13.125], "texture": "#0", "tintindex": 0},
				"east": {"uv": [12.75, 1.5, 13, 1.875], "texture": "#0", "tintindex": 0},
				"south": {"uv": [1.75, 12.75, 2, 13.125], "texture": "#0", "tintindex": 0},
				"west": {"uv": [12.75, 2, 13, 2.375], "texture": "#0", "tintindex": 0},
				"up": {"uv": [13.25, 5.75, 13, 5.5], "texture": "#0", "tintindex": 0},
				"down": {"uv": [13.25, 5.75, 13, 6], "texture": "#0", "tintindex": 0}
			}
		},
		{
			"name": "bone11",
			"from": [8.8265, 6.73189, -2.89086],
			"to": [9.9665, 9.58189, -1.75086],
			"rotation": {"angle": 0, "axis": "x", "origin": [9.3775, 9.71671, -6.44057]},
			"faces": {
				"north": {"uv": [0.5, 12.25, 0.75, 12.875], "texture": "#0", "tintindex": 0},
				"east": {"uv": [0.75, 12.25, 1, 12.875], "texture": "#0", "tintindex": 0},
				"south": {"uv": [12.25, 4.25, 12.5, 4.875], "texture": "#0", "tintindex": 0},
				"west": {"uv": [12.25, 5, 12.5, 5.625], "texture": "#0", "tintindex": 0},
				"up": {"uv": [6.25, 13.25, 6, 13], "texture": "#0", "tintindex": 0},
				"down": {"uv": [13.25, 6, 13, 6.25], "texture": "#0", "tintindex": 0}
			}
		},
		{
			"name": "bone11",
			"from": [9.0545, 9.25509, -4.31863],
			"to": [9.6245, 10.85109, -3.52063],
			"rotation": {"angle": 0, "axis": "x", "origin": [9.3775, 9.71671, -6.44057]},
			"faces": {
				"north": {"uv": [13.25, 0.5, 13.375, 0.875], "texture": "#0", "tintindex": 0},
				"east": {"uv": [1, 13.25, 1.125, 13.625], "texture": "#0", "tintindex": 0},
				"south": {"uv": [13.25, 1, 13.375, 1.375], "texture": "#0", "tintindex": 0},
				"west": {"uv": [1.25, 13.25, 1.375, 13.625], "texture": "#0", "tintindex": 0},
				"up": {"uv": [13.625, 0.375, 13.5, 0.25], "texture": "#0", "tintindex": 0},
				"down": {"uv": [13.625, 0.5, 13.5, 0.625], "texture": "#0", "tintindex": 0}
			}
		},
		{
			"name": "bone11",
			"from": [9.0545, 12.70721, -7.20845],
			"to": [9.6245, 14.30321, -6.41045],
			"rotation": {"angle": 0, "axis": "x", "origin": [9.3775, 9.71671, -6.44057]},
			"faces": {
				"north": {"uv": [13.25, 1.5, 13.375, 1.875], "texture": "#0", "tintindex": 0},
				"east": {"uv": [1.75, 13.25, 1.875, 13.625], "texture": "#0", "tintindex": 0},
				"south": {"uv": [2, 13.25, 2.125, 13.625], "texture": "#0", "tintindex": 0},
				"west": {"uv": [2.25, 13.25, 2.375, 13.625], "texture": "#0", "tintindex": 0},
				"up": {"uv": [13.625, 0.875, 13.5, 0.75], "texture": "#0", "tintindex": 0},
				"down": {"uv": [13.625, 1, 13.5, 1.125], "texture": "#0", "tintindex": 0}
			}
		},
		{
			"name": "bone11",
			"from": [8.8265, 10.64262, -7.75354],
			"to": [9.9665, 13.49262, -6.61354],
			"rotation": {"angle": 0, "axis": "x", "origin": [9.3775, 9.71671, -6.44057]},
			"faces": {
				"north": {"uv": [6, 12.25, 6.25, 12.875], "texture": "#0", "tintindex": 0},
				"east": {"uv": [6.25, 12.25, 6.5, 12.875], "texture": "#0", "tintindex": 0},
				"south": {"uv": [6.5, 12.25, 6.75, 12.875], "texture": "#0", "tintindex": 0},
				"west": {"uv": [12.25, 6.75, 12.5, 7.375], "texture": "#0", "tintindex": 0},
				"up": {"uv": [6.5, 13.25, 6.25, 13], "texture": "#0", "tintindex": 0},
				"down": {"uv": [13.25, 6.25, 13, 6.5], "texture": "#0", "tintindex": 0}
			}
		},
		{
			"name": "bone11",
			"from": [8.9405, 10.44741, -4.78612],
			"to": [9.8525, 12.15742, -3.64612],
			"rotation": {"angle": 0, "axis": "x", "origin": [9.3775, 9.71671, -6.44057]},
			"faces": {
				"north": {"uv": [12.75, 2.5, 13, 2.875], "texture": "#0", "tintindex": 0},
				"east": {"uv": [2.75, 12.75, 3, 13.125], "texture": "#0", "tintindex": 0},
				"south": {"uv": [3, 12.75, 3.25, 13.125], "texture": "#0", "tintindex": 0},
				"west": {"uv": [12.75, 3, 13, 3.375], "texture": "#0", "tintindex": 0},
				"up": {"uv": [6.75, 13.25, 6.5, 13], "texture": "#0", "tintindex": 0},
				"down": {"uv": [7, 13, 6.75, 13.25], "texture": "#0", "tintindex": 0}
			}
		},
		{
			"name": "bone11",
			"from": [9.0545, 17.30561, -8.54734],
			"to": [9.6245, 18.90162, -7.74934],
			"rotation": {"angle": 0, "axis": "x", "origin": [9.3775, 9.71671, -6.44057]},
			"faces": {
				"north": {"uv": [2.5, 13.25, 2.625, 13.625], "texture": "#0", "tintindex": 0},
				"east": {"uv": [2.75, 13.25, 2.875, 13.625], "texture": "#0", "tintindex": 0},
				"south": {"uv": [3, 13.25, 3.125, 13.625], "texture": "#0", "tintindex": 0},
				"west": {"uv": [3.25, 13.25, 3.375, 13.625], "texture": "#0", "tintindex": 0},
				"up": {"uv": [13.625, 1.375, 13.5, 1.25], "texture": "#0", "tintindex": 0},
				"down": {"uv": [13.625, 1.5, 13.5, 1.625], "texture": "#0", "tintindex": 0}
			}
		},
		{
			"name": "bone11",
			"from": [8.9405, 10.29981, -0.99903],
			"to": [9.8525, 12.00981, 0.14097],
			"rotation": {"angle": 0, "axis": "x", "origin": [9.3775, 9.71671, -6.44057]},
			"faces": {
				"north": {"uv": [3.25, 12.75, 3.5, 13.125], "texture": "#0", "tintindex": 0},
				"east": {"uv": [3.5, 12.75, 3.75, 13.125], "texture": "#0", "tintindex": 0},
				"south": {"uv": [12.75, 3.5, 13, 3.875], "texture": "#0", "tintindex": 0},
				"west": {"uv": [12.75, 4, 13, 4.375], "texture": "#0", "tintindex": 0},
				"up": {"uv": [13.25, 7, 13, 6.75], "texture": "#0", "tintindex": 0},
				"down": {"uv": [7.25, 13, 7, 13.25], "texture": "#0", "tintindex": 0}
			}
		},
		{
			"name": "bone11",
			"from": [8.8265, 12.95551, -9.21227],
			"to": [9.9665, 15.80551, -8.07227],
			"rotation": {"angle": -22.5, "axis": "x", "origin": [9.3775, 9.71671, -6.44057]},
			"faces": {
				"north": {"uv": [12.25, 7.5, 12.5, 8.125], "texture": "#0", "tintindex": 0},
				"east": {"uv": [12.25, 9.75, 12.5, 10.375], "texture": "#0", "tintindex": 0},
				"south": {"uv": [12.25, 10.5, 12.5, 11.125], "texture": "#0", "tintindex": 0},
				"west": {"uv": [12.25, 11.25, 12.5, 11.875], "texture": "#0", "tintindex": 0},
				"up": {"uv": [13.25, 7.25, 13, 7], "texture": "#0", "tintindex": 0},
				"down": {"uv": [7.5, 13, 7.25, 13.25], "texture": "#0", "tintindex": 0}
			}
		},
		{
			"name": "bone11",
			"from": [8.9405, 7.69667, 0.09014],
			"to": [9.8525, 9.40667, 1.23014],
			"rotation": {"angle": 0, "axis": "x", "origin": [9.3965, 8.55167, 0.66014]},
			"faces": {
				"north": {"uv": [12.75, 4.5, 13, 4.875], "texture": "#0", "tintindex": 0},
				"east": {"uv": [12.75, 5, 13, 5.375], "texture": "#0", "tintindex": 0},
				"south": {"uv": [12.75, 5.5, 13, 5.875], "texture": "#0", "tintindex": 0},
				"west": {"uv": [12.75, 6, 13, 6.375], "texture": "#0", "tintindex": 0},
				"up": {"uv": [13.25, 7.5, 13, 7.25], "texture": "#0", "tintindex": 0},
				"down": {"uv": [7.75, 13, 7.5, 13.25], "texture": "#0", "tintindex": 0}
			}
		},
		{
			"name": "bone11",
			"from": [9.0545, 17.7302, -6.50841],
			"to": [9.6245, 18.5282, -4.91241],
			"rotation": {"angle": 22.5, "axis": "x", "origin": [9.3965, 18.1862, -5.88341]},
			"faces": {
				"north": {"uv": [13.625, 1.875, 13.5, 1.75], "rotation": 180, "texture": "#0", "tintindex": 0},
				"east": {"uv": [3.75, 13.25, 3.875, 13.625], "rotation": 90, "texture": "#0", "tintindex": 0},
				"south": {"uv": [13.625, 2, 13.5, 2.125], "texture": "#0", "tintindex": 0},
				"west": {"uv": [4, 13.25, 4.125, 13.625], "rotation": 270, "texture": "#0", "tintindex": 0},
				"up": {"uv": [13.25, 3.75, 13.375, 4.125], "texture": "#0", "tintindex": 0},
				"down": {"uv": [3.5, 13.25, 3.625, 13.625], "rotation": 180, "texture": "#0", "tintindex": 0}
			}
		},
		{
			"name": "bone11",
			"from": [8.8265, 18.03586, -9.49897],
			"to": [9.9665, 19.17586, -6.64897],
			"rotation": {"angle": 22.5, "axis": "x", "origin": [9.3965, 17.12386, -8.07397]},
			"faces": {
				"north": {"uv": [13.25, 7.75, 13, 7.5], "rotation": 180, "texture": "#0", "tintindex": 0},
				"east": {"uv": [12.5, 0, 12.75, 0.625], "rotation": 90, "texture": "#0", "tintindex": 0},
				"south": {"uv": [8, 13, 7.75, 13.25], "texture": "#0", "tintindex": 0},
				"west": {"uv": [12.5, 1.5, 12.75, 2.125], "rotation": 270, "texture": "#0", "tintindex": 0},
				"up": {"uv": [12.5, 0.75, 12.75, 1.375], "texture": "#0", "tintindex": 0},
				"down": {"uv": [12.25, 12, 12.5, 12.625], "rotation": 180, "texture": "#0", "tintindex": 0}
			}
		},
		{
			"name": "bone11",
			"from": [8.9405, 17.27267, -10.51186],
			"to": [9.8525, 18.98267, -9.37186],
			"rotation": {"angle": 0, "axis": "x", "origin": [9.3965, 18.12767, -9.94186]},
			"faces": {
				"north": {"uv": [12.75, 8.75, 13, 9.125], "texture": "#0", "tintindex": 0},
				"east": {"uv": [12.75, 9.25, 13, 9.625], "texture": "#0", "tintindex": 0},
				"south": {"uv": [10, 12.75, 10.25, 13.125], "texture": "#0", "tintindex": 0},
				"west": {"uv": [10.25, 12.75, 10.5, 13.125], "texture": "#0", "tintindex": 0},
				"up": {"uv": [13.25, 8, 13, 7.75], "texture": "#0", "tintindex": 0},
				"down": {"uv": [8.25, 13, 8, 13.25], "texture": "#0", "tintindex": 0}
			}
		},
		{
			"name": "bone11",
			"from": [9.0545, 14.6232, -2.91941],
			"to": [9.6245, 16.2192, -2.12141],
			"rotation": {"angle": -45, "axis": "x", "origin": [9.3965, 14.9942, -2.46341]},
			"faces": {
				"north": {"uv": [4.25, 13.25, 4.375, 13.625], "texture": "#0", "tintindex": 0},
				"east": {"uv": [13.25, 4.25, 13.375, 4.625], "texture": "#0", "tintindex": 0},
				"south": {"uv": [4.5, 13.25, 4.625, 13.625], "texture": "#0", "tintindex": 0},
				"west": {"uv": [4.75, 13.25, 4.875, 13.625], "texture": "#0", "tintindex": 0},
				"up": {"uv": [13.625, 2.375, 13.5, 2.25], "texture": "#0", "tintindex": 0},
				"down": {"uv": [13.625, 2.5, 13.5, 2.625], "texture": "#0", "tintindex": 0}
			}
		},
		{
			"name": "bone11",
			"from": [8.8265, 14.84386, -6.07897],
			"to": [9.9665, 15.98386, -3.22897],
			"rotation": {"angle": 0, "axis": "x", "origin": [9.3965, 13.93186, -4.65397]},
			"faces": {
				"north": {"uv": [13.25, 8.25, 13, 8], "rotation": 180, "texture": "#0", "tintindex": 0},
				"east": {"uv": [2.25, 12.5, 2.5, 13.125], "rotation": 90, "texture": "#0", "tintindex": 0},
				"south": {"uv": [8.5, 13, 8.25, 13.25], "texture": "#0", "tintindex": 0},
				"west": {"uv": [2.5, 12.5, 2.75, 13.125], "rotation": 270, "texture": "#0", "tintindex": 0},
				"up": {"uv": [12.5, 2.25, 12.75, 2.875], "texture": "#0", "tintindex": 0},
				"down": {"uv": [2, 12.5, 2.25, 13.125], "rotation": 180, "texture": "#0", "tintindex": 0}
			}
		},
		{
			"name": "bone11",
			"from": [8.9405, 14.08067, -7.09186],
			"to": [9.8525, 15.79067, -5.95186],
			"rotation": {"angle": 0, "axis": "x", "origin": [9.3965, 14.93567, -6.52186]},
			"faces": {
				"north": {"uv": [10.5, 12.75, 10.75, 13.125], "texture": "#0", "tintindex": 0},
				"east": {"uv": [12.75, 10.75, 13, 11.125], "texture": "#0", "tintindex": 0},
				"south": {"uv": [11.25, 12.75, 11.5, 13.125], "texture": "#0", "tintindex": 0},
				"west": {"uv": [12.75, 11.25, 13, 11.625], "texture": "#0", "tintindex": 0},
				"up": {"uv": [13.25, 8.5, 13, 8.25], "texture": "#0", "tintindex": 0},
				"down": {"uv": [13.25, 8.5, 13, 8.75], "texture": "#0", "tintindex": 0}
			}
		},
		{
			"name": "bone11",
			"from": [8.8265, 11.42386, -0.65897],
			"to": [9.9665, 12.56386, 2.19103],
			"rotation": {"angle": 22.5, "axis": "x", "origin": [9.3965, 10.51186, -1.23397]},
			"faces": {
				"north": {"uv": [13.25, 9, 13, 8.75], "rotation": 180, "texture": "#0", "tintindex": 0},
				"east": {"uv": [3.75, 12.5, 4, 13.125], "rotation": 90, "texture": "#0", "tintindex": 0},
				"south": {"uv": [13.25, 9, 13, 9.25], "texture": "#0", "tintindex": 0},
				"west": {"uv": [4, 12.5, 4.25, 13.125], "rotation": 270, "texture": "#0", "tintindex": 0},
				"up": {"uv": [12.5, 3.75, 12.75, 4.375], "texture": "#0", "tintindex": 0},
				"down": {"uv": [12.5, 3, 12.75, 3.625], "rotation": 180, "texture": "#0", "tintindex": 0}
			}
		},
		{
			"name": "bone11",
			"from": [9.0545, 10.2322, 1.78559],
			"to": [9.6245, 11.0302, 3.38159],
			"rotation": {"angle": 0, "axis": "x", "origin": [9.3965, 11.5742, 0.95659]},
			"faces": {
				"north": {"uv": [13.625, 3, 13.5, 3.125], "rotation": 180, "texture": "#0", "tintindex": 0},
				"east": {"uv": [5, 13.25, 5.125, 13.625], "rotation": 270, "texture": "#0", "tintindex": 0},
				"south": {"uv": [13.625, 2.875, 13.5, 2.75], "texture": "#0", "tintindex": 0},
				"west": {"uv": [13.25, 5.25, 13.375, 5.625], "rotation": 90, "texture": "#0", "tintindex": 0},
				"up": {"uv": [13.25, 4.75, 13.375, 5.125], "rotation": 180, "texture": "#0", "tintindex": 0},
				"down": {"uv": [5.25, 13.25, 5.375, 13.625], "texture": "#0", "tintindex": 0}
			}
		},
		{
			"name": "bone11",
			"from": [8.8265, 7.718, 3.17662],
			"to": [9.9665, 29.264, 4.54462],
			"rotation": {"angle": -45, "axis": "x", "origin": [8, 6.15699, 8]},
			"faces": {
				"north": {"uv": [1.75, 8, 2, 12.75], "texture": "#0", "tintindex": 0},
				"east": {"uv": [7.75, 8.25, 8, 13], "texture": "#0", "tintindex": 0},
				"south": {"uv": [8, 8.25, 8.25, 13], "texture": "#0", "tintindex": 0},
				"west": {"uv": [8.25, 8.25, 8.5, 13], "texture": "#0", "tintindex": 0},
				"up": {"uv": [9.5, 13.25, 9.25, 13], "texture": "#0", "tintindex": 0},
				"down": {"uv": [13.25, 9.25, 13, 9.5], "texture": "#0", "tintindex": 0}
			}
		},
		{
			"name": "bone11",
			"from": [9.1685, 29.036, 3.40462],
			"to": [9.7385, 30.51801, 4.31662],
			"rotation": {"angle": -45, "axis": "x", "origin": [8, 6.15699, 8]},
			"faces": {
				"north": {"uv": [5.5, 13.25, 5.625, 13.625], "texture": "#0", "tintindex": 0},
				"east": {"uv": [12.75, 11.75, 13, 12.125], "texture": "#0", "tintindex": 0},
				"south": {"uv": [5.75, 13.25, 5.875, 13.625], "texture": "#0", "tintindex": 0},
				"west": {"uv": [12, 12.75, 12.25, 13.125], "texture": "#0", "tintindex": 0},
				"up": {"uv": [10.125, 13.5, 10, 13.25], "texture": "#0", "tintindex": 0},
				"down": {"uv": [13.375, 10, 13.25, 10.25], "texture": "#0", "tintindex": 0}
			}
		},
		{
			"name": "bone11",
			"from": [9.1685, 30.51801, 3.51862],
			"to": [9.7385, 32, 4.20262],
			"rotation": {"angle": -45, "axis": "x", "origin": [8, 6.15699, 8]},
			"faces": {
				"north": {"uv": [13.25, 5.75, 13.375, 6.125], "texture": "#0", "tintindex": 0},
				"east": {"uv": [6, 13.25, 6.125, 13.625], "texture": "#0", "tintindex": 0},
				"south": {"uv": [6.25, 13.25, 6.375, 13.625], "texture": "#0", "tintindex": 0},
				"west": {"uv": [13.25, 6.25, 13.375, 6.625], "texture": "#0", "tintindex": 0},
				"up": {"uv": [13.625, 3.375, 13.5, 3.25], "texture": "#0", "tintindex": 0},
				"down": {"uv": [13.625, 3.5, 13.5, 3.625], "texture": "#0", "tintindex": 0}
			}
		},
		{
			"name": "bone11",
			"from": [9.0545, 2.702, 3.40462],
			"to": [9.8525, 8.06, 4.20262],
			"rotation": {"angle": 0, "axis": "x", "origin": [8, 6.15699, 8]},
			"faces": {
				"north": {"uv": [8.5, 12.5, 8.625, 13.625], "texture": "#0", "tintindex": 0},
				"east": {"uv": [8.75, 12.5, 8.875, 13.625], "texture": "#0", "tintindex": 0},
				"south": {"uv": [12.5, 8.75, 12.625, 9.875], "texture": "#0", "tintindex": 0},
				"west": {"uv": [9, 12.5, 9.125, 13.625], "texture": "#0", "tintindex": 0},
				"up": {"uv": [13.625, 3.875, 13.5, 3.75], "texture": "#0", "tintindex": 0},
				"down": {"uv": [13.625, 4, 13.5, 4.125], "texture": "#0", "tintindex": 0}
			}
		},
		{
			"name": "bone11",
			"from": [8.8265, 2.018, 3.29062],
			"to": [9.9665, 3.956, 4.43062],
			"rotation": {"angle": 0, "axis": "x", "origin": [8, 6.15699, 8]},
			"faces": {
				"north": {"uv": [12.25, 12.75, 12.5, 13.125], "texture": "#0", "tintindex": 0},
				"east": {"uv": [12.75, 12.25, 13, 12.625], "texture": "#0", "tintindex": 0},
				"south": {"uv": [12.5, 12.75, 12.75, 13.125], "texture": "#0", "tintindex": 0},
				"west": {"uv": [12.75, 12.75, 13, 13.125], "texture": "#0", "tintindex": 0},
				"up": {"uv": [9.75, 13.25, 9.5, 13], "texture": "#0", "tintindex": 0},
				"down": {"uv": [13.25, 9.5, 13, 9.75], "texture": "#0", "tintindex": 0}
			}
		}
	],
	"display": {
		"head": {
			"translation": [0, -1.53545, 0],
			"scale": [3.8095, 3.8095, 3.8095]
		}
	}
}