{
	"credit": "Made with Blockbench",
	"textures": {
		"0": "modelengine:entity/unknown"
	},
	"elements": [
		{
			"name": "bone16",
			"from": [8, 6.605, 10.736],
			"to": [8, 9.227, 15.524],
			"rotation": {"angle": 0, "axis": "x", "origin": [8, 7.46, 8]},
			"faces": {
				"north": {"uv": [0, 0, 0, 0.625], "texture": "#0", "tintindex": 0},
				"east": {"uv": [2.5, 10.5, 3.5, 11.125], "texture": "#0", "tintindex": 0},
				"south": {"uv": [0, 0, 0, 0.625], "texture": "#0", "tintindex": 0},
				"west": {"uv": [3.5, 10.5, 4.5, 11.125], "texture": "#0", "tintindex": 0},
				"up": {"uv": [0, 1, 0, 0], "texture": "#0", "tintindex": 0},
				"down": {"uv": [0, 0, 0, 1], "texture": "#0", "tintindex": 0}
			}
		},
		{
			"name": "bone16",
			"from": [6.86, 5.636, 5.321],
			"to": [9.14, 8.6, 8.399],
			"rotation": {"angle": 0, "axis": "x", "origin": [8, 7.118, 6.86]},
			"faces": {
				"north": {"uv": [12.25, 4.875, 11.75, 4.25], "rotation": 180, "texture": "#0", "tintindex": 0},
				"east": {"uv": [11, 7.75, 11.625, 8.375], "rotation": 90, "texture": "#0", "tintindex": 0},
				"south": {"uv": [12.25, 5, 11.75, 5.625], "texture": "#0", "tintindex": 0},
				"west": {"uv": [11, 8.5, 11.625, 9.125], "rotation": 270, "texture": "#0", "tintindex": 0},
				"up": {"uv": [11.5, 11, 12, 11.625], "texture": "#0", "tintindex": 0},
				"down": {"uv": [11.5, 10.25, 12, 10.875], "rotation": 180, "texture": "#0", "tintindex": 0}
			}
		},
		{
			"name": "bone16",
			"from": [7.43, 7.46, 6.461],
			"to": [8.57, 10.424, 8.627],
			"rotation": {"angle": 0, "axis": "x", "origin": [8, 7.46, 8]},
			"faces": {
				"north": {"uv": [5.25, 13.125, 5, 12.5], "rotation": 180, "texture": "#0", "tintindex": 0},
				"east": {"uv": [6, 11.75, 6.625, 12.25], "rotation": 90, "texture": "#0", "tintindex": 0},
				"south": {"uv": [5.5, 12.5, 5.25, 13.125], "texture": "#0", "tintindex": 0},
				"west": {"uv": [11.75, 6.25, 12.375, 6.75], "rotation": 270, "texture": "#0", "tintindex": 0},
				"up": {"uv": [12.25, 2.25, 12.5, 2.75], "texture": "#0", "tintindex": 0},
				"down": {"uv": [7, 9.75, 7.25, 10.25], "rotation": 180, "texture": "#0", "tintindex": 0}
			}
		}
	],
	"display": {
		"head": {
			"translation": [0, -6.4, 0],
			"scale": [3.8095, 3.8095, 3.8095]
		}
	}
}