{"textures":{"0":"modelengine:entity/unknown"},"elements":[{"name":"bone26","from":[-0.7210002,5.9780006,6.575],"to":[5.321,9.056,9.425],"rotation":{"angle":0.0,"axis":"x","origin":[-7.2698927,-6.019102,10.793001]},"faces":{"down":{"uv":[9.5,9.0,10.875,9.625],"rotation":0,"texture":"#0","tintindex":0},"east":{"uv":[11.625,4.25,11.0,4.875],"rotation":0,"texture":"#0","tintindex":0},"north":{"uv":[1.375,9.25,0.0,9.875],"rotation":0,"texture":"#0","tintindex":0},"south":{"uv":[10.875,4.5,9.5,5.125],"rotation":0,"texture":"#0","tintindex":0},"up":{"uv":[9.5,7.625,10.875,7.0],"rotation":0,"texture":"#0","tintindex":0},"west":{"uv":[1.625,10.75,1.0,11.375],"rotation":0,"texture":"#0","tintindex":0}}},{"name":"bone26","from":[7.9430003,5.21,7.1450005],"to":[14.213001,7.0340004,8.855],"rotation":{"angle":-45.0,"axis":"z","origin":[8.0,7.46,8.0]},"faces":{"down":{"uv":[11.0,1.0,12.375,1.375],"rotation":0,"texture":"#0","tintindex":0},"east":{"uv":[12.875,6.75,12.5,7.125],"rotation":0,"texture":"#0","tintindex":0},"north":{"uv":[12.125,2.25,10.75,2.625],"rotation":0,"texture":"#0","tintindex":0},"south":{"uv":[5.875,10.75,4.5,11.125],"rotation":0,"texture":"#0","tintindex":0},"up":{"uv":[10.75,6.125,12.125,5.75],"rotation":0,"texture":"#0","tintindex":0},"west":{"uv":[7.125,12.5,6.75,12.875],"rotation":0,"texture":"#0","tintindex":0}}},{"name":"bone26","from":[4.819544,6.1743927,7.2590003],"to":[7.6695437,7.998392,8.741],"rotation":{"angle":0.0,"axis":"z","origin":[6.244544,8.796392,8.0]},"faces":{"down":{"uv":[10.0,12.0,10.625,12.375],"rotation":0,"texture":"#0","tintindex":0},"east":{"uv":[12.875,7.25,12.5,7.625],"rotation":0,"texture":"#0","tintindex":0},"north":{"uv":[5.875,12.0,5.25,12.375],"rotation":0,"texture":"#0","tintindex":0},"south":{"uv":[9.125,12.0,8.5,12.375],"rotation":0,"texture":"#0","tintindex":0},"up":{"uv":[9.25,12.375,9.875,12.0],"rotation":0,"texture":"#0","tintindex":0},"west":{"uv":[7.625,12.5,7.25,12.875],"rotation":0,"texture":"#0","tintindex":0}}}],"display":{"head":{"translation":[0.0,-6.4,0.0],"rotation":[0.0,0.0,0.0],"scale":[3.8095,3.8095,3.8095]}}}