{"textures":{"0":"modelengine:entity/unknown"},"elements":[{"name":"bone5","from":[4.1239996,4.325,1.958],"to":[11.876,9.796999,10.964001],"rotation":{"angle":0.0,"axis":"x","origin":[8.0,7.46,8.0]},"faces":{"down":{"uv":[6.25,2.0,4.5,4.0],"rotation":0,"texture":"#0","tintindex":0},"east":{"uv":[6.25,5.75,8.25,7.0],"rotation":0,"texture":"#0","tintindex":0},"north":{"uv":[3.5,7.5,5.25,8.75],"rotation":0,"texture":"#0","tintindex":0},"south":{"uv":[7.75,7.0,9.5,8.25],"rotation":0,"texture":"#0","tintindex":0},"up":{"uv":[6.25,2.0,4.5,0.0],"rotation":0,"texture":"#0","tintindex":0},"west":{"uv":[6.5,3.5,8.5,4.75],"rotation":0,"texture":"#0","tintindex":0}}}],"display":{"head":{"translation":[0.0,-6.4,0.0],"rotation":[0.0,0.0,0.0],"scale":[3.8095,3.8095,3.8095]}}}