{"textures":{"0":"modelengine:entity/unknown"},"elements":[{"name":"bone6","from":[1.6828393,4.82,6.479],"to":[6.36284,9.5,9.599],"rotation":{"angle":0.0,"axis":"x","origin":[13.400001,-10.000001,8.0]},"faces":{"down":{"uv":[7.5,5.25,6.75,5.75],"rotation":0,"texture":"#0","tintindex":0},"east":{"uv":[5.5,5.75,6.0,6.5],"rotation":0,"texture":"#0","tintindex":0},"north":{"uv":[6.0,5.75,6.75,6.5],"rotation":0,"texture":"#0","tintindex":0},"south":{"uv":[7.25,5.75,8.0,6.5],"rotation":0,"texture":"#0","tintindex":0},"up":{"uv":[6.75,5.75,6.0,5.25],"rotation":0,"texture":"#0","tintindex":0},"west":{"uv":[6.75,5.75,7.25,6.5],"rotation":0,"texture":"#0","tintindex":0}}}],"display":{"head":{"translation":[0.0,-6.4,0.0],"rotation":[0.0,0.0,0.0],"scale":[3.8095,3.8095,3.8095]}}}