{"textures":{"0":"modelengine:entity/unknown"},"elements":[{"name":"bone15","from":[8.222839,10.220001,6.479],"to":[13.682839,14.900001,9.599],"rotation":{"angle":0.0,"axis":"x","origin":[1.9999998,-12.400001,8.0]},"faces":{"down":{"uv":[5.75,4.0,4.875,4.5],"rotation":0,"texture":"#0","tintindex":0},"east":{"uv":[3.5,4.5,4.0,5.25],"rotation":0,"texture":"#0","tintindex":0},"north":{"uv":[4.0,4.5,4.875,5.25],"rotation":0,"texture":"#0","tintindex":0},"south":{"uv":[5.375,4.5,6.25,5.25],"rotation":0,"texture":"#0","tintindex":0},"up":{"uv":[4.875,4.5,4.0,4.0],"rotation":0,"texture":"#0","tintindex":0},"west":{"uv":[4.875,4.5,5.375,5.25],"rotation":0,"texture":"#0","tintindex":0}}},{"name":"bone15","from":[7.1308403,14.900001,8.039],"to":[14.93084,21.140003,8.039],"rotation":{"angle":0.0,"axis":"x","origin":[1.9999998,-12.400001,8.0]},"faces":{"down":{"uv":[8.25,2.125,7.0,2.125],"rotation":0,"texture":"#0","tintindex":0},"east":{"uv":[5.75,2.125,5.75,3.125],"rotation":0,"texture":"#0","tintindex":0},"north":{"uv":[5.75,2.125,7.0,3.125],"rotation":0,"texture":"#0","tintindex":0},"south":{"uv":[7.0,2.125,8.25,3.125],"rotation":0,"texture":"#0","tintindex":0},"up":{"uv":[7.0,2.125,5.75,2.125],"rotation":0,"texture":"#0","tintindex":0},"west":{"uv":[7.0,2.125,7.0,3.125],"rotation":0,"texture":"#0","tintindex":0}}}],"display":{"head":{"translation":[0.0,-6.4,0.0],"rotation":[0.0,0.0,0.0],"scale":[3.8095,3.8095,3.8095]}}}