{"textures":{"0":"modelengine:entity/unknown"},"elements":[{"name":"bone4","from":[5.263838,10.251495,5.399],"to":[10.723839,15.711496,10.858999],"rotation":{"angle":0.0,"axis":"x","origin":[8.010998,-17.828506,8.09]},"faces":{"down":{"uv":[6.5,0.375,5.625,1.25],"rotation":0,"texture":"#0","tintindex":0},"east":{"uv":[3.875,1.25,4.75,2.125],"rotation":0,"texture":"#0","tintindex":0},"north":{"uv":[4.75,1.25,5.625,2.125],"rotation":0,"texture":"#0","tintindex":0},"south":{"uv":[6.5,1.25,7.375,2.125],"rotation":0,"texture":"#0","tintindex":0},"up":{"uv":[5.625,1.25,4.75,0.375],"rotation":0,"texture":"#0","tintindex":0},"west":{"uv":[5.625,1.25,6.5,2.125],"rotation":0,"texture":"#0","tintindex":0}}},{"name":"bone4","from":[2.5509973,10.251495,8.519],"to":[13.470998,21.171497,8.519],"rotation":{"angle":0.0,"axis":"x","origin":[8.010998,-17.828506,8.09]},"faces":{"down":{"uv":[3.5,4.0,1.75,4.0],"rotation":0,"texture":"#0","tintindex":0},"east":{"uv":[0.0,4.0,0.0,5.75],"rotation":0,"texture":"#0","tintindex":0},"north":{"uv":[0.0,4.0,1.75,5.75],"rotation":0,"texture":"#0","tintindex":0},"south":{"uv":[1.75,4.0,3.5,5.75],"rotation":0,"texture":"#0","tintindex":0},"up":{"uv":[1.75,4.0,0.0,4.0],"rotation":0,"texture":"#0","tintindex":0},"west":{"uv":[1.75,4.0,1.75,5.75],"rotation":0,"texture":"#0","tintindex":0}}},{"name":"bone4","from":[4.341962,15.23767,7.0369997],"to":[5.9019623,17.577667,8.519],"rotation":{"angle":0.0,"axis":"z","origin":[6.213962,16.01767,7.661]},"faces":{"down":{"uv":[0.625,7.0,0.375,7.125],"rotation":0,"texture":"#0","tintindex":0},"east":{"uv":[0.0,7.125,0.125,7.5],"rotation":0,"texture":"#0","tintindex":0},"north":{"uv":[0.125,7.125,0.375,7.5],"rotation":0,"texture":"#0","tintindex":0},"south":{"uv":[0.5,7.125,0.75,7.5],"rotation":0,"texture":"#0","tintindex":0},"up":{"uv":[0.375,7.125,0.125,7.0],"rotation":0,"texture":"#0","tintindex":0},"west":{"uv":[0.375,7.125,0.5,7.5],"rotation":0,"texture":"#0","tintindex":0}}},{"name":"bone4","from":[10.085714,15.23767,7.0369997],"to":[11.645714,17.577667,8.519],"rotation":{"angle":0.0,"axis":"z","origin":[9.773714,16.01767,7.661]},"faces":{"down":{"uv":[0.625,1.25,0.375,1.375],"rotation":0,"texture":"#0","tintindex":0},"east":{"uv":[0.0,1.375,0.125,1.75],"rotation":0,"texture":"#0","tintindex":0},"north":{"uv":[0.125,1.375,0.375,1.75],"rotation":0,"texture":"#0","tintindex":0},"south":{"uv":[0.5,1.375,0.75,1.75],"rotation":0,"texture":"#0","tintindex":0},"up":{"uv":[0.375,1.375,0.125,1.25],"rotation":0,"texture":"#0","tintindex":0},"west":{"uv":[0.375,1.375,0.5,1.75],"rotation":0,"texture":"#0","tintindex":0}}},{"name":"bone4","from":[4.171838,15.711496,7.0369997],"to":[5.731838,17.271496,8.597],"rotation":{"angle":0.0,"axis":"x","origin":[6.0438375,16.491497,7.739]},"faces":{"down":{"uv":[2.5,8.375,2.25,8.625],"rotation":0,"texture":"#0","tintindex":0},"east":{"uv":[1.75,8.625,2.0,8.875],"rotation":0,"texture":"#0","tintindex":0},"north":{"uv":[2.0,8.625,2.25,8.875],"rotation":0,"texture":"#0","tintindex":0},"south":{"uv":[2.5,8.625,2.75,8.875],"rotation":0,"texture":"#0","tintindex":0},"up":{"uv":[2.25,8.625,2.0,8.375],"rotation":0,"texture":"#0","tintindex":0},"west":{"uv":[2.25,8.625,2.5,8.875],"rotation":0,"texture":"#0","tintindex":0}}},{"name":"bone4","from":[10.255838,15.711496,7.0369997],"to":[11.815838,17.271496,8.597],"rotation":{"angle":0.0,"axis":"x","origin":[9.943838,16.491497,7.739]},"faces":{"down":{"uv":[1.5,8.375,1.25,8.625],"rotation":0,"texture":"#0","tintindex":0},"east":{"uv":[0.75,8.625,1.0,8.875],"rotation":0,"texture":"#0","tintindex":0},"north":{"uv":[1.0,8.625,1.25,8.875],"rotation":0,"texture":"#0","tintindex":0},"south":{"uv":[1.5,8.625,1.75,8.875],"rotation":0,"texture":"#0","tintindex":0},"up":{"uv":[1.25,8.625,1.0,8.375],"rotation":0,"texture":"#0","tintindex":0},"west":{"uv":[1.25,8.625,1.5,8.875],"rotation":0,"texture":"#0","tintindex":0}}}],"display":{"head":{"translation":[0.0,-6.4,0.0],"rotation":[0.0,0.0,0.0],"scale":[3.8095,3.8095,3.8095]}}}