{"textures":{"0":"modelengine:entity/unknown"},"elements":[{"name":"bone13","from":[5.42084,10.31,7.8050003],"to":[6.9808397,11.870001,9.365],"rotation":{"angle":0.0,"axis":"x","origin":[13.55,-2.9500003,8.0]},"faces":{"down":{"uv":[4.625,8.0,4.375,8.25],"rotation":0,"texture":"#0","tintindex":0},"east":{"uv":[3.875,8.25,4.125,8.5],"rotation":0,"texture":"#0","tintindex":0},"north":{"uv":[4.125,8.25,4.375,8.5],"rotation":0,"texture":"#0","tintindex":0},"south":{"uv":[4.625,8.25,4.875,8.5],"rotation":0,"texture":"#0","tintindex":0},"up":{"uv":[4.375,8.25,4.125,8.0],"rotation":0,"texture":"#0","tintindex":0},"west":{"uv":[4.375,8.25,4.625,8.5],"rotation":0,"texture":"#0","tintindex":0}}}],"display":{"head":{"translation":[0.0,-6.4,0.0],"rotation":[0.0,0.0,0.0],"scale":[3.8095,3.8095,3.8095]}}}