{"textures":{"0":"modelengine:entity/unknown"},"elements":[{"name":"bone9","from":[5.10284,9.860001,7.079],"to":[6.66284,11.420001,8.639],"rotation":{"angle":0.0,"axis":"x","origin":[17.6,-3.4000006,8.6]},"faces":{"down":{"uv":[6.625,8.125,6.375,8.375],"rotation":0,"texture":"#0","tintindex":0},"east":{"uv":[5.875,8.375,6.125,8.625],"rotation":0,"texture":"#0","tintindex":0},"north":{"uv":[6.125,8.375,6.375,8.625],"rotation":0,"texture":"#0","tintindex":0},"south":{"uv":[6.625,8.375,6.875,8.625],"rotation":0,"texture":"#0","tintindex":0},"up":{"uv":[6.375,8.375,6.125,8.125],"rotation":0,"texture":"#0","tintindex":0},"west":{"uv":[6.375,8.375,6.625,8.625],"rotation":0,"texture":"#0","tintindex":0}}}],"display":{"head":{"translation":[0.0,-6.4,0.0],"rotation":[0.0,0.0,0.0],"scale":[3.8095,3.8095,3.8095]}}}