{"textures":{"0":"modelengine:entity/unknown"},"elements":[{"name":"bone26","from":[4.8628397,9.08,5.309],"to":[11.10284,13.76,10.769],"rotation":{"angle":0.0,"axis":"x","origin":[8.0,4.3999996,8.0]},"faces":{"down":{"uv":[5.75,2.375,4.75,3.25],"rotation":0,"texture":"#0","tintindex":0},"east":{"uv":[2.875,3.25,3.75,4.0],"rotation":0,"texture":"#0","tintindex":0},"north":{"uv":[3.75,3.25,4.75,4.0],"rotation":0,"texture":"#0","tintindex":0},"south":{"uv":[5.625,3.25,6.625,4.0],"rotation":0,"texture":"#0","tintindex":0},"up":{"uv":[4.75,3.25,3.75,2.375],"rotation":0,"texture":"#0","tintindex":0},"west":{"uv":[4.75,3.25,5.625,4.0],"rotation":0,"texture":"#0","tintindex":0}}}],"display":{"head":{"translation":[0.0,-6.4,0.0],"rotation":[0.0,0.0,0.0],"scale":[3.8095,3.8095,3.8095]}}}