{"textures":{"0":"modelengine:entity/unknown"},"elements":[{"name":"bone8","from":[0.90283966,0.9200001,8.819],"to":[2.46284,2.4799993,10.379],"rotation":{"angle":0.0,"axis":"x","origin":[13.400001,-10.000001,8.0]},"faces":{"down":{"uv":[8.625,8.125,8.375,8.375],"rotation":0,"texture":"#0","tintindex":0},"east":{"uv":[7.875,8.375,8.125,8.625],"rotation":0,"texture":"#0","tintindex":0},"north":{"uv":[8.125,8.375,8.375,8.625],"rotation":0,"texture":"#0","tintindex":0},"south":{"uv":[8.625,8.375,8.875,8.625],"rotation":0,"texture":"#0","tintindex":0},"up":{"uv":[8.375,8.375,8.125,8.125],"rotation":0,"texture":"#0","tintindex":0},"west":{"uv":[8.375,8.375,8.625,8.625],"rotation":0,"texture":"#0","tintindex":0}}}],"display":{"head":{"translation":[0.0,-6.4,0.0],"rotation":[0.0,0.0,0.0],"scale":[3.8095,3.8095,3.8095]}}}