{"textures":{"0":"modelengine:entity/unk1nown"},"elements":[{"name":"bone14","from":[6.028064,7.5564017,8.18162],"to":[9.830144,10.453226,13.934652],"rotation":{"angle":0.0,"axis":"x","origin":[8.0,-12.609725,-27.37547]},"faces":{"down":{"uv":[3.1875,6.34375,3.0,6.65625],"rotation":0,"texture":"#0","tintindex":0},"east":{"uv":[1.0,6.53125,1.3125,6.6875],"rotation":0,"texture":"#0","tintindex":0},"north":{"uv":[4.3125,4.0,4.5,4.15625],"rotation":0,"texture":"#0","tintindex":0},"south":{"uv":[3.15625,6.96875,3.34375,7.125],"rotation":0,"texture":"#0","tintindex":0},"up":{"uv":[0.1875,6.65625,0.0,6.34375],"rotation":0,"texture":"#0","tintindex":0},"west":{"uv":[6.53125,1.0625,6.84375,1.21875],"rotation":0,"texture":"#0","tintindex":0}}},{"name":"bone14","from":[6.588572,6.211466,8.208441],"to":[9.270819,8.893713,13.907832],"rotation":{"angle":45.0,"axis":"z","origin":[7.929698,7.5525866,5.09042]},"faces":{"down":{"uv":[4.0625,6.78125,3.9375,7.0625],"rotation":0,"texture":"#0","tintindex":0},"east":{"uv":[6.84375,2.3125,7.125,2.4375],"rotation":0,"texture":"#0","tintindex":0},"north":{"uv":[5.71875,7.15625,5.84375,7.28125],"rotation":0,"texture":"#0","tintindex":0},"south":{"uv":[6.75,7.15625,6.875,7.28125],"rotation":0,"texture":"#0","tintindex":0},"up":{"uv":[3.40625,6.21875,3.28125,5.9375],"rotation":0,"texture":"#0","tintindex":0},"west":{"uv":[6.84375,2.75,7.125,2.875],"rotation":0,"texture":"#0","tintindex":0}}},{"name":"bone14","from":[8.059862,8.538307,6.8089285],"to":[8.059862,14.077509,15.544928],"rotation":{"angle":0.0,"axis":"x","origin":[8.0,-12.609725,-27.37547]},"faces":{"down":{"uv":[7.21875,7.375,7.21875,7.84375],"rotation":0,"texture":"#0","tintindex":0},"east":{"uv":[5.0,0.625,5.46875,0.90625],"rotation":0,"texture":"#0","tintindex":0},"north":{"uv":[7.125,7.375,7.125,7.65625],"rotation":0,"texture":"#0","tintindex":0},"south":{"uv":[7.15625,7.375,7.15625,7.65625],"rotation":0,"texture":"#0","tintindex":0},"up":{"uv":[7.1875,7.84375,7.1875,7.375],"rotation":0,"texture":"#0","tintindex":0},"west":{"uv":[5.0,0.9375,5.46875,1.21875],"rotation":0,"texture":"#0","tintindex":0}}}],"display":{"head":{"translation":[0.0,-6.4,0.0],"rotation":[0.0,0.0,0.0],"scale":[3.8095,3.8095,3.8095]}}}