{"textures":{"0":"modelengine:entity/unk1nown"},"elements":[{"name":"bone13","from":[8.059862,9.472879,7.206098],"to":[8.059862,15.012079,15.942097],"rotation":{"angle":0.0,"axis":"x","origin":[8.0,-11.9151535,-22.178299]},"faces":{"down":{"uv":[7.09375,7.375,7.09375,7.84375],"rotation":0,"texture":"#0","tintindex":0},"east":{"uv":[4.21875,4.9375,4.6875,5.21875],"rotation":0,"texture":"#0","tintindex":0},"north":{"uv":[7.0,7.375,7.0,7.65625],"rotation":0,"texture":"#0","tintindex":0},"south":{"uv":[7.03125,7.375,7.03125,7.65625],"rotation":0,"texture":"#0","tintindex":0},"up":{"uv":[7.0625,7.84375,7.0625,7.375],"rotation":0,"texture":"#0","tintindex":0},"west":{"uv":[3.53125,4.96875,4.0,5.25],"rotation":0,"texture":"#0","tintindex":0}}},{"name":"bone13","from":[5.5844717,8.003312,8.295297],"to":[10.216635,11.532578,13.842367],"rotation":{"angle":0.0,"axis":"x","origin":[8.0,-11.9151535,-22.178299]},"faces":{"down":{"uv":[6.15625,0.0,5.90625,0.28125],"rotation":0,"texture":"#0","tintindex":0},"east":{"uv":[6.46875,2.15625,6.75,2.34375],"rotation":0,"texture":"#0","tintindex":0},"north":{"uv":[6.65625,3.9375,6.90625,4.125],"rotation":0,"texture":"#0","tintindex":0},"south":{"uv":[6.65625,4.15625,6.90625,4.34375],"rotation":0,"texture":"#0","tintindex":0},"up":{"uv":[6.125,5.71875,5.875,5.4375],"rotation":0,"texture":"#0","tintindex":0},"west":{"uv":[6.46875,3.0625,6.75,3.25],"rotation":0,"texture":"#0","tintindex":0}}},{"name":"bone13","from":[6.267362,6.364747,8.327971],"to":[9.535202,9.632587,13.809685],"rotation":{"angle":45.0,"axis":"z","origin":[7.9012823,7.9986677,9.929215]},"faces":{"down":{"uv":[2.59375,6.65625,2.4375,6.9375],"rotation":0,"texture":"#0","tintindex":0},"east":{"uv":[2.875,6.6875,3.15625,6.84375],"rotation":0,"texture":"#0","tintindex":0},"north":{"uv":[1.0,5.96875,1.15625,6.125],"rotation":0,"texture":"#0","tintindex":0},"south":{"uv":[0.6875,7.0,0.84375,7.15625],"rotation":0,"texture":"#0","tintindex":0},"up":{"uv":[5.875,6.90625,5.71875,6.625],"rotation":0,"texture":"#0","tintindex":0},"west":{"uv":[6.6875,3.625,6.96875,3.78125],"rotation":0,"texture":"#0","tintindex":0}}}],"display":{"head":{"translation":[0.0,-6.4,0.0],"rotation":[0.0,0.0,0.0],"scale":[3.8095,3.8095,3.8095]}}}