{"textures":{"0":"modelengine:entity/unk1nown"},"elements":[{"name":"bone19","from":[6.8773994,4.2390437,2.4613397],"to":[10.142599,7.738244,7.2973404],"rotation":{"angle":0.0,"axis":"x","origin":[8.42,6.6486435,4.3993397]},"faces":{"down":{"uv":[5.5,6.75,5.34375,7.0],"rotation":0,"texture":"#0","tintindex":0},"east":{"uv":[4.46875,6.5625,4.71875,6.75],"rotation":0,"texture":"#0","tintindex":0},"north":{"uv":[4.46875,6.9375,4.625,7.125],"rotation":0,"texture":"#0","tintindex":0},"south":{"uv":[5.71875,6.9375,5.875,7.125],"rotation":0,"texture":"#0","tintindex":0},"up":{"uv":[5.3125,7.0,5.15625,6.75],"rotation":0,"texture":"#0","tintindex":0},"west":{"uv":[6.625,4.40625,6.875,4.59375],"rotation":0,"texture":"#0","tintindex":0}}},{"name":"bone19","from":[7.3574,4.779044,0.061339617],"to":[9.8426,7.3782434,2.4973395],"rotation":{"angle":0.0,"axis":"x","origin":[8.42,6.6486435,4.3993397]},"faces":{"down":{"uv":[3.6875,7.15625,3.5625,7.28125],"rotation":0,"texture":"#0","tintindex":0},"east":{"uv":[2.9375,7.15625,3.0625,7.28125],"rotation":0,"texture":"#0","tintindex":0},"north":{"uv":[2.78125,7.15625,2.90625,7.28125],"rotation":0,"texture":"#0","tintindex":0},"south":{"uv":[3.09375,7.15625,3.21875,7.28125],"rotation":0,"texture":"#0","tintindex":0},"up":{"uv":[3.53125,7.28125,3.40625,7.15625],"rotation":0,"texture":"#0","tintindex":0},"west":{"uv":[3.25,7.15625,3.375,7.28125],"rotation":0,"texture":"#0","tintindex":0}}},{"name":"bone19","from":[6.1574,1.7790442,0.66133976],"to":[9.8426,4.378244,2.1373403],"rotation":{"angle":0.0,"axis":"x","origin":[14.604338,-4.8084526,9.634244]},"faces":{"down":{"uv":[7.375,5.03125,7.1875,5.09375],"rotation":0,"texture":"#0","tintindex":0},"east":{"uv":[2.96875,6.0,3.03125,6.125],"rotation":0,"texture":"#0","tintindex":0},"north":{"uv":[5.25,7.03125,5.4375,7.15625],"rotation":0,"texture":"#0","tintindex":0},"south":{"uv":[6.53125,7.03125,6.71875,7.15625],"rotation":0,"texture":"#0","tintindex":0},"up":{"uv":[4.375,7.25,4.1875,7.1875],"rotation":0,"texture":"#0","tintindex":0},"west":{"uv":[4.5,6.1875,4.5625,6.3125],"rotation":0,"texture":"#0","tintindex":0}}},{"name":"bone19","from":[6.8773994,1.8390437,-0.23866034],"to":[7.8026,2.758244,1.17734],"rotation":{"angle":0.0,"axis":"x","origin":[8.6,1.3999997,-0.40000033]},"faces":{"down":{"uv":[4.84375,7.3125,4.78125,7.375],"rotation":0,"texture":"#0","tintindex":0},"east":{"uv":[3.71875,7.3125,3.78125,7.375],"rotation":0,"texture":"#0","tintindex":0},"north":{"uv":[3.625,7.3125,3.6875,7.375],"rotation":0,"texture":"#0","tintindex":0},"south":{"uv":[7.3125,3.8125,7.375,3.875],"rotation":0,"texture":"#0","tintindex":0},"up":{"uv":[7.375,4.53125,7.3125,4.46875],"rotation":0,"texture":"#0","tintindex":0},"west":{"uv":[4.46875,7.3125,4.53125,7.375],"rotation":0,"texture":"#0","tintindex":0}}},{"name":"bone19","from":[8.377399,-0.12812185,-0.99635315],"to":[8.822599,0.4910779,-0.66035223],"rotation":{"angle":0.0,"axis":"x","origin":[8.6,1.3999997,-0.40000033]},"faces":{"down":{"uv":[6.15625,2.75,6.125,2.78125],"rotation":0,"texture":"#0","tintindex":0},"east":{"uv":[6.03125,2.3125,6.0625,2.34375],"rotation":0,"texture":"#0","tintindex":0},"north":{"uv":[6.0,5.25,6.03125,5.28125],"rotation":0,"texture":"#0","tintindex":0},"south":{"uv":[6.0625,2.75,6.09375,2.78125],"rotation":0,"texture":"#0","tintindex":0},"up":{"uv":[6.125,2.34375,6.09375,2.3125],"rotation":0,"texture":"#0","tintindex":0},"west":{"uv":[6.0625,5.25,6.09375,5.28125],"rotation":0,"texture":"#0","tintindex":0}}},{"name":"bone19","from":[8.2574005,0.47187805,-1.0563521],"to":[8.9426,1.7510781,-0.54035306],"rotation":{"angle":0.0,"axis":"x","origin":[8.6,1.3999997,-0.40000033]},"faces":{"down":{"uv":[6.1875,2.3125,6.15625,2.34375],"rotation":0,"texture":"#0","tintindex":0},"east":{"uv":[4.40625,7.1875,4.4375,7.25],"rotation":0,"texture":"#0","tintindex":0},"north":{"uv":[3.875,7.0,3.90625,7.0625],"rotation":0,"texture":"#0","tintindex":0},"south":{"uv":[4.0,7.25,4.03125,7.3125],"rotation":0,"texture":"#0","tintindex":0},"up":{"uv":[6.15625,5.28125,6.125,5.25],"rotation":0,"texture":"#0","tintindex":0},"west":{"uv":[5.65625,7.34375,5.6875,7.40625],"rotation":0,"texture":"#0","tintindex":0}}},{"name":"bone19","from":[8.197399,1.1377459,-0.9394007],"to":[9.0026,2.6569462,-0.12339997],"rotation":{"angle":0.0,"axis":"x","origin":[8.6,1.3999997,-0.40000033]},"faces":{"down":{"uv":[6.21875,5.25,6.1875,5.28125],"rotation":0,"texture":"#0","tintindex":0},"east":{"uv":[5.46875,7.03125,5.5,7.125],"rotation":0,"texture":"#0","tintindex":0},"north":{"uv":[4.78125,6.75,4.8125,6.84375],"rotation":0,"texture":"#0","tintindex":0},"south":{"uv":[0.125,7.15625,0.15625,7.25],"rotation":0,"texture":"#0","tintindex":0},"up":{"uv":[6.21875,2.78125,6.1875,2.75],"rotation":0,"texture":"#0","tintindex":0},"west":{"uv":[1.78125,7.15625,1.8125,7.25],"rotation":0,"texture":"#0","tintindex":0}}},{"name":"bone19","from":[8.1374,1.8390437,-0.23866034],"to":[9.0626,2.758244,1.17734],"rotation":{"angle":0.0,"axis":"x","origin":[8.6,1.3999997,-0.40000033]},"faces":{"down":{"uv":[7.375,5.46875,7.3125,5.53125],"rotation":0,"texture":"#0","tintindex":0},"east":{"uv":[4.96875,7.3125,5.03125,7.375],"rotation":0,"texture":"#0","tintindex":0},"north":{"uv":[4.875,7.3125,4.9375,7.375],"rotation":0,"texture":"#0","tintindex":0},"south":{"uv":[5.0625,7.3125,5.125,7.375],"rotation":0,"texture":"#0","tintindex":0},"up":{"uv":[7.375,5.4375,7.3125,5.375],"rotation":0,"texture":"#0","tintindex":0},"west":{"uv":[5.15625,7.3125,5.21875,7.375],"rotation":0,"texture":"#0","tintindex":0}}},{"name":"bone19","from":[9.6374,-0.12812185,-0.99635315],"to":[10.0826,0.4910779,-0.66035223],"rotation":{"angle":0.0,"axis":"x","origin":[8.6,1.3999997,-0.40000033]},"faces":{"down":{"uv":[6.34375,2.75,6.3125,2.78125],"rotation":0,"texture":"#0","tintindex":0},"east":{"uv":[6.25,2.75,6.28125,2.78125],"rotation":0,"texture":"#0","tintindex":0},"north":{"uv":[6.21875,2.3125,6.25,2.34375],"rotation":0,"texture":"#0","tintindex":0},"south":{"uv":[6.25,5.25,6.28125,5.28125],"rotation":0,"texture":"#0","tintindex":0},"up":{"uv":[3.03125,6.3125,3.0,6.28125],"rotation":0,"texture":"#0","tintindex":0},"west":{"uv":[6.28125,2.3125,6.3125,2.34375],"rotation":0,"texture":"#0","tintindex":0}}},{"name":"bone19","from":[9.5174,0.47187805,-1.0563521],"to":[10.2026005,1.7510781,-0.54035306],"rotation":{"angle":0.0,"axis":"x","origin":[8.6,1.3999997,-0.40000033]},"faces":{"down":{"uv":[6.375,2.3125,6.34375,2.34375],"rotation":0,"texture":"#0","tintindex":0},"east":{"uv":[6.40625,7.34375,6.4375,7.40625],"rotation":0,"texture":"#0","tintindex":0},"north":{"uv":[6.34375,7.34375,6.375,7.40625],"rotation":0,"texture":"#0","tintindex":0},"south":{"uv":[6.65625,7.34375,6.6875,7.40625],"rotation":0,"texture":"#0","tintindex":0},"up":{"uv":[6.34375,5.28125,6.3125,5.25],"rotation":0,"texture":"#0","tintindex":0},"west":{"uv":[0.0,7.375,0.03125,7.4375],"rotation":0,"texture":"#0","tintindex":0}}},{"name":"bone19","from":[9.457399,1.1377459,-0.9394007],"to":[10.2626,2.6569462,-0.12339997],"rotation":{"angle":0.0,"axis":"x","origin":[8.6,1.3999997,-0.40000033]},"faces":{"down":{"uv":[6.40625,5.25,6.375,5.28125],"rotation":0,"texture":"#0","tintindex":0},"east":{"uv":[0.375,7.3125,0.40625,7.40625],"rotation":0,"texture":"#0","tintindex":0},"north":{"uv":[6.59375,7.28125,6.625,7.375],"rotation":0,"texture":"#0","tintindex":0},"south":{"uv":[3.8125,7.3125,3.84375,7.40625],"rotation":0,"texture":"#0","tintindex":0},"up":{"uv":[6.40625,2.78125,6.375,2.75],"rotation":0,"texture":"#0","tintindex":0},"west":{"uv":[4.5625,7.3125,4.59375,7.40625],"rotation":0,"texture":"#0","tintindex":0}}},{"name":"bone19","from":[9.3974,1.8390437,-0.23866034],"to":[10.3226,2.758244,1.17734],"rotation":{"angle":0.0,"axis":"x","origin":[8.6,1.3999997,-0.40000033]},"faces":{"down":{"uv":[7.375,6.28125,7.3125,6.34375],"rotation":0,"texture":"#0","tintindex":0},"east":{"uv":[5.71875,7.3125,5.78125,7.375],"rotation":0,"texture":"#0","tintindex":0},"north":{"uv":[7.3125,5.5625,7.375,5.625],"rotation":0,"texture":"#0","tintindex":0},"south":{"uv":[7.3125,6.0,7.375,6.0625],"rotation":0,"texture":"#0","tintindex":0},"up":{"uv":[7.375,6.25,7.3125,6.1875],"rotation":0,"texture":"#0","tintindex":0},"west":{"uv":[7.3125,6.09375,7.375,6.15625],"rotation":0,"texture":"#0","tintindex":0}}},{"name":"bone19","from":[6.9374,1.1377459,-0.9394007],"to":[7.7426,2.6569462,-0.12339997],"rotation":{"angle":0.0,"axis":"x","origin":[8.6,1.3999997,-0.40000033]},"faces":{"down":{"uv":[6.46875,2.75,6.4375,2.78125],"rotation":0,"texture":"#0","tintindex":0},"east":{"uv":[6.84375,7.3125,6.875,7.40625],"rotation":0,"texture":"#0","tintindex":0},"north":{"uv":[5.8125,7.3125,5.84375,7.40625],"rotation":0,"texture":"#0","tintindex":0},"south":{"uv":[0.90625,7.34375,0.9375,7.4375],"rotation":0,"texture":"#0","tintindex":0},"up":{"uv":[6.4375,2.34375,6.40625,2.3125],"rotation":0,"texture":"#0","tintindex":0},"west":{"uv":[2.03125,7.34375,2.0625,7.4375],"rotation":0,"texture":"#0","tintindex":0}}},{"name":"bone19","from":[6.9973993,0.47187805,-1.0563521],"to":[7.6826,1.7510781,-0.54035306],"rotation":{"angle":0.0,"axis":"x","origin":[8.6,1.3999997,-0.40000033]},"faces":{"down":{"uv":[5.3125,6.46875,5.28125,6.5],"rotation":0,"texture":"#0","tintindex":0},"east":{"uv":[1.21875,7.375,1.25,7.4375],"rotation":0,"texture":"#0","tintindex":0},"north":{"uv":[0.0625,7.375,0.09375,7.4375],"rotation":0,"texture":"#0","tintindex":0},"south":{"uv":[1.28125,7.375,1.3125,7.4375],"rotation":0,"texture":"#0","tintindex":0},"up":{"uv":[6.46875,5.28125,6.4375,5.25],"rotation":0,"texture":"#0","tintindex":0},"west":{"uv":[7.375,1.34375,7.40625,1.40625],"rotation":0,"texture":"#0","tintindex":0}}},{"name":"bone19","from":[7.117399,-0.12812185,-0.99635315],"to":[7.5626,0.4910779,-0.66035223],"rotation":{"angle":0.0,"axis":"x","origin":[8.6,1.3999997,-0.40000033]},"faces":{"down":{"uv":[4.0625,6.71875,4.03125,6.75],"rotation":0,"texture":"#0","tintindex":0},"east":{"uv":[6.53125,0.46875,6.5625,0.5],"rotation":0,"texture":"#0","tintindex":0},"north":{"uv":[6.5,5.25,6.53125,5.28125],"rotation":0,"texture":"#0","tintindex":0},"south":{"uv":[6.59375,0.46875,6.625,0.5],"rotation":0,"texture":"#0","tintindex":0},"up":{"uv":[1.28125,6.75,1.25,6.71875],"rotation":0,"texture":"#0","tintindex":0},"west":{"uv":[1.1875,6.71875,1.21875,6.75],"rotation":0,"texture":"#0","tintindex":0}}}],"display":{"head":{"translation":[0.0,-6.4,0.0],"rotation":[0.0,0.0,0.0],"scale":[3.8095,3.8095,3.8095]}}}