{"textures":{"0":"modelengine:entity/unk1nown"},"elements":[{"name":"bone11","from":[5.4269238,4.2060385,8.810209],"to":[10.226925,9.006039,16.754211],"rotation":{"angle":45.0,"axis":"z","origin":[7.8269243,6.6060386,11.16221]},"faces":{"down":{"uv":[1.78125,5.40625,1.53125,5.8125],"rotation":0,"texture":"#0","tintindex":0},"east":{"uv":[5.375,4.03125,5.78125,4.28125],"rotation":0,"texture":"#0","tintindex":0},"north":{"uv":[6.1875,1.59375,6.4375,1.84375],"rotation":0,"texture":"#0","tintindex":0},"south":{"uv":[6.1875,1.875,6.4375,2.125],"rotation":0,"texture":"#0","tintindex":0},"up":{"uv":[1.5,5.8125,1.25,5.40625],"rotation":0,"texture":"#0","tintindex":0},"west":{"uv":[5.375,4.3125,5.78125,4.5625],"rotation":0,"texture":"#0","tintindex":0}}},{"name":"bone11","from":[4.423862,6.6128607,8.76221],"to":[11.227862,11.796862,16.80221],"rotation":{"angle":0.0,"axis":"x","origin":[8.0,-12.253276,-7.5201826]},"faces":{"down":{"uv":[3.6875,4.4375,3.34375,4.84375],"rotation":0,"texture":"#0","tintindex":0},"east":{"uv":[5.09375,0.0,5.5,0.28125],"rotation":0,"texture":"#0","tintindex":0},"north":{"uv":[5.53125,0.0,5.875,0.28125],"rotation":0,"texture":"#0","tintindex":0},"south":{"uv":[3.0625,5.625,3.40625,5.90625],"rotation":0,"texture":"#0","tintindex":0},"up":{"uv":[4.78125,0.78125,4.4375,0.375],"rotation":0,"texture":"#0","tintindex":0},"west":{"uv":[5.3125,0.3125,5.71875,0.59375],"rotation":0,"texture":"#0","tintindex":0}}},{"name":"bone11","from":[8.059862,9.92486,8.215011],"to":[8.059862,15.464062,16.951012],"rotation":{"angle":0.0,"axis":"x","origin":[8.0,-12.253276,-7.5201826]},"faces":{"down":{"uv":[6.53125,7.375,6.53125,7.84375],"rotation":0,"texture":"#0","tintindex":0},"east":{"uv":[4.875,4.0625,5.34375,4.34375],"rotation":0,"texture":"#0","tintindex":0},"north":{"uv":[6.21875,7.375,6.21875,7.65625],"rotation":0,"texture":"#0","tintindex":0},"south":{"uv":[6.46875,7.375,6.46875,7.65625],"rotation":0,"texture":"#0","tintindex":0},"up":{"uv":[6.5,7.84375,6.5,7.375],"rotation":0,"texture":"#0","tintindex":0},"west":{"uv":[4.875,4.375,5.34375,4.65625],"rotation":0,"texture":"#0","tintindex":0}}}],"display":{"head":{"translation":[0.0,-6.4,0.0],"rotation":[0.0,0.0,0.0],"scale":[3.8095,3.8095,3.8095]}}}