{"textures":{"0":"modelengine:entity/unk1nown"},"elements":[{"name":"bone25","from":[6.11333,4.94963,4.2618375],"to":[10.158529,10.488829,9.157838],"rotation":{"angle":0.0,"axis":"x","origin":[8.16593,6.1592293,6.709838]},"faces":{"down":{"uv":[1.65625,6.375,1.875,6.625],"rotation":0,"texture":"#0","tintindex":0},"east":{"uv":[6.125,4.84375,5.875,5.125],"rotation":0,"texture":"#0","tintindex":0},"north":{"uv":[4.46875,6.1875,4.25,6.46875],"rotation":0,"texture":"#0","tintindex":0},"south":{"uv":[6.4375,3.65625,6.21875,3.9375],"rotation":0,"texture":"#0","tintindex":0},"up":{"uv":[5.71875,6.59375,5.9375,6.34375],"rotation":0,"texture":"#0","tintindex":0},"west":{"uv":[4.5625,5.875,4.3125,6.15625],"rotation":0,"texture":"#0","tintindex":0}}},{"name":"bone25","from":[6.2933297,-0.09037018,4.621837],"to":[10.09853,7.368829,8.737837],"rotation":{"angle":0.0,"axis":"x","origin":[8.16593,6.1592293,6.709838]},"faces":{"down":{"uv":[3.5,6.6875,3.6875,6.90625],"rotation":0,"texture":"#0","tintindex":0},"east":{"uv":[5.71875,5.75,5.5,6.125],"rotation":0,"texture":"#0","tintindex":0},"north":{"uv":[0.1875,5.9375,0.0,6.3125],"rotation":0,"texture":"#0","tintindex":0},"south":{"uv":[3.25,5.9375,3.0625,6.3125],"rotation":0,"texture":"#0","tintindex":0},"up":{"uv":[0.0,6.90625,0.1875,6.6875],"rotation":0,"texture":"#0","tintindex":0},"west":{"uv":[5.0,5.71875,4.78125,6.09375],"rotation":0,"texture":"#0","tintindex":0}}}],"display":{"head":{"translation":[0.0,-6.4,0.0],"rotation":[0.0,0.0,0.0],"scale":[3.8095,3.8095,3.8095]}}}