{"textures":{"0":"modelengine:entity/unk1nown"},"elements":[{"name":"bone23","from":[6.7573996,6.9000015,6.749835],"to":[9.2425995,9.499202,10.985834],"rotation":{"angle":0.0,"axis":"x","origin":[8.0,8.0,8.0]},"faces":{"down":{"uv":[2.09375,6.96875,1.96875,7.1875],"rotation":0,"texture":"#0","tintindex":0},"east":{"uv":[0.4375,7.0,0.65625,7.125],"rotation":0,"texture":"#0","tintindex":0},"north":{"uv":[1.625,7.15625,1.75,7.28125],"rotation":0,"texture":"#0","tintindex":0},"south":{"uv":[2.125,7.15625,2.25,7.28125],"rotation":0,"texture":"#0","tintindex":0},"up":{"uv":[4.84375,3.96875,4.71875,3.75],"rotation":0,"texture":"#0","tintindex":0},"west":{"uv":[7.0,0.46875,7.21875,0.59375],"rotation":0,"texture":"#0","tintindex":0}}}],"display":{"head":{"translation":[0.0,-6.4,0.0],"rotation":[0.0,0.0,0.0],"scale":[3.8095,3.8095,3.8095]}}}