{"textures":{"0":"modelengine:entity/unk1nown"},"elements":[{"name":"bone12","from":[5.3692217,7.960621,8.498289],"to":[10.404182,11.796782,15.179889],"rotation":{"angle":0.0,"axis":"x","origin":[8.0,-11.925012,-15.420346]},"faces":{"down":{"uv":[3.875,5.6875,3.625,6.03125],"rotation":0,"texture":"#0","tintindex":0},"east":{"uv":[1.65625,6.15625,2.0,6.34375],"rotation":0,"texture":"#0","tintindex":0},"north":{"uv":[1.59375,6.65625,1.84375,6.84375],"rotation":0,"texture":"#0","tintindex":0},"south":{"uv":[2.15625,6.65625,2.40625,6.84375],"rotation":0,"texture":"#0","tintindex":0},"up":{"uv":[2.6875,6.03125,2.4375,5.6875],"rotation":0,"texture":"#0","tintindex":0},"west":{"uv":[2.03125,6.15625,2.375,6.34375],"rotation":0,"texture":"#0","tintindex":0}}},{"name":"bone12","from":[8.059862,9.883022,7.3640494],"to":[8.059862,15.422222,16.100048],"rotation":{"angle":0.0,"axis":"x","origin":[8.0,-11.925012,-15.420346]},"faces":{"down":{"uv":[6.96875,7.375,6.96875,7.84375],"rotation":0,"texture":"#0","tintindex":0},"east":{"uv":[4.875,4.6875,5.34375,4.96875],"rotation":0,"texture":"#0","tintindex":0},"north":{"uv":[6.5625,7.375,6.5625,7.65625],"rotation":0,"texture":"#0","tintindex":0},"south":{"uv":[6.90625,7.375,6.90625,7.65625],"rotation":0,"texture":"#0","tintindex":0},"up":{"uv":[6.9375,7.84375,6.9375,7.375],"rotation":0,"texture":"#0","tintindex":0},"west":{"uv":[0.0,4.90625,0.46875,5.1875],"rotation":0,"texture":"#0","tintindex":0}}},{"name":"bone12","from":[6.111488,6.179576,8.53381],"to":[9.663488,9.731576,15.144368],"rotation":{"angle":45.0,"axis":"z","origin":[7.887488,7.9555764,10.274289]},"faces":{"down":{"uv":[5.5625,6.15625,5.375,6.5],"rotation":0,"texture":"#0","tintindex":0},"east":{"uv":[2.40625,6.15625,2.75,6.34375],"rotation":0,"texture":"#0","tintindex":0},"north":{"uv":[6.84375,1.59375,7.03125,1.78125],"rotation":0,"texture":"#0","tintindex":0},"south":{"uv":[6.84375,1.8125,7.03125,2.0],"rotation":0,"texture":"#0","tintindex":0},"up":{"uv":[2.96875,6.5,2.78125,6.15625],"rotation":0,"texture":"#0","tintindex":0},"west":{"uv":[6.15625,4.84375,6.5,5.03125],"rotation":0,"texture":"#0","tintindex":0}}}],"display":{"head":{"translation":[0.0,-6.4,0.0],"rotation":[0.0,0.0,0.0],"scale":[3.8095,3.8095,3.8095]}}}