{"textures":{"0":"modelengine:entity/unk1nown"},"elements":[{"name":"bone26","from":[6.499754,6.615925,5.83661],"to":[9.644954,10.115126,10.672609],"rotation":{"angle":0.0,"axis":"x","origin":[8.0,8.0,8.0]},"faces":{"down":{"uv":[0.5,6.71875,0.65625,6.96875],"rotation":0,"texture":"#0","tintindex":0},"east":{"uv":[5.21875,6.53125,4.96875,6.71875],"rotation":0,"texture":"#0","tintindex":0},"north":{"uv":[7.0625,4.375,6.90625,4.5625],"rotation":0,"texture":"#0","tintindex":0},"south":{"uv":[0.15625,6.9375,0.0,7.125],"rotation":0,"texture":"#0","tintindex":0},"up":{"uv":[4.03125,5.21875,4.1875,4.96875],"rotation":0,"texture":"#0","tintindex":0},"west":{"uv":[6.78125,4.6875,6.53125,4.875],"rotation":0,"texture":"#0","tintindex":0}}},{"name":"bone26","from":[6.439754,3.9473116,8.2380495],"to":[9.704954,7.446512,13.074051],"rotation":{"angle":0.0,"axis":"x","origin":[7.9883537,6.268232,11.83973]},"faces":{"down":{"uv":[1.0,6.71875,1.15625,6.96875],"rotation":0,"texture":"#0","tintindex":0},"east":{"uv":[0.46875,6.5625,0.21875,6.75],"rotation":0,"texture":"#0","tintindex":0},"north":{"uv":[1.34375,6.9375,1.1875,7.125],"rotation":0,"texture":"#0","tintindex":0},"south":{"uv":[3.625,6.9375,3.46875,7.125],"rotation":0,"texture":"#0","tintindex":0},"up":{"uv":[0.6875,6.96875,0.84375,6.71875],"rotation":0,"texture":"#0","tintindex":0},"west":{"uv":[5.5,6.53125,5.25,6.71875],"rotation":0,"texture":"#0","tintindex":0}}},{"name":"bone26","from":[6.679754,7.035926,10.576611],"to":[9.524954,9.695126,13.192611],"rotation":{"angle":0.0,"axis":"x","origin":[8.0,8.0,8.0]},"faces":{"down":{"uv":[7.0625,1.59375,7.21875,1.71875],"rotation":0,"texture":"#0","tintindex":0},"east":{"uv":[6.5,4.6875,6.375,4.8125],"rotation":0,"texture":"#0","tintindex":0},"north":{"uv":[1.15625,7.0,1.0,7.125],"rotation":0,"texture":"#0","tintindex":0},"south":{"uv":[7.21875,1.0625,7.0625,1.1875],"rotation":0,"texture":"#0","tintindex":0},"up":{"uv":[7.0625,1.34375,7.21875,1.21875],"rotation":0,"texture":"#0","tintindex":0},"west":{"uv":[2.75,6.375,2.625,6.5],"rotation":0,"texture":"#0","tintindex":0}}}],"display":{"head":{"translation":[0.0,-6.4,0.0],"rotation":[0.0,0.0,0.0],"scale":[3.8095,3.8095,3.8095]}}}