{"textures":{"0":"modelengine:entity/unk1nown"},"elements":[{"name":"bone39","from":[5.334524,6.8802547,4.8462324],"to":[9.144218,10.68995,11.408629],"rotation":{"angle":0.0,"axis":"x","origin":[7.814702,9.361028,8.127428]},"faces":{"down":{"uv":[1.1875,6.15625,1.0,6.5],"rotation":0,"texture":"#0","tintindex":0},"east":{"uv":[6.09375,3.0625,6.4375,3.25],"rotation":0,"texture":"#0","tintindex":0},"north":{"uv":[6.09375,6.78125,6.28125,6.96875],"rotation":0,"texture":"#0","tintindex":0},"south":{"uv":[6.3125,6.78125,6.5,6.96875],"rotation":0,"texture":"#0","tintindex":0},"up":{"uv":[6.34375,1.15625,6.15625,0.8125],"rotation":0,"texture":"#0","tintindex":0},"west":{"uv":[4.59375,6.125,4.9375,6.3125],"rotation":0,"texture":"#0","tintindex":0}}},{"name":"bone39","from":[5.114156,8.552383,4.8081384],"to":[10.514397,11.797784,11.446731],"rotation":{"angle":0.0,"axis":"x","origin":[7.814702,9.361028,8.127428]},"faces":{"down":{"uv":[5.84375,4.9375,5.5625,5.28125],"rotation":0,"texture":"#0","tintindex":0},"east":{"uv":[6.375,3.4375,6.71875,3.59375],"rotation":0,"texture":"#0","tintindex":0},"north":{"uv":[6.59375,5.25,6.875,5.40625],"rotation":0,"texture":"#0","tintindex":0},"south":{"uv":[6.65625,6.46875,6.9375,6.625],"rotation":0,"texture":"#0","tintindex":0},"up":{"uv":[5.84375,3.625,5.5625,3.28125],"rotation":0,"texture":"#0","tintindex":0},"west":{"uv":[6.46875,1.59375,6.8125,1.75],"rotation":0,"texture":"#0","tintindex":0}}},{"name":"bone39","from":[8.0,9.343309,7.151948],"to":[8.0,14.882509,15.887948],"rotation":{"angle":0.0,"axis":"x","origin":[8.0,12.11291,11.519949]},"faces":{"down":{"uv":[4.75,7.375,4.75,7.84375],"rotation":0,"texture":"#0","tintindex":0},"east":{"uv":[0.5,4.71875,0.96875,5.0],"rotation":0,"texture":"#0","tintindex":0},"north":{"uv":[4.65625,7.375,4.65625,7.65625],"rotation":0,"texture":"#0","tintindex":0},"south":{"uv":[4.6875,7.375,4.6875,7.65625],"rotation":0,"texture":"#0","tintindex":0},"up":{"uv":[4.71875,7.84375,4.71875,7.375],"rotation":0,"texture":"#0","tintindex":0},"west":{"uv":[1.0,4.71875,1.46875,5.0],"rotation":0,"texture":"#0","tintindex":0}}}],"display":{"head":{"translation":[0.0,-6.4,0.0],"rotation":[0.0,0.0,0.0],"scale":[3.8095,3.8095,3.8095]}}}