{"textures":{"0":"modelengine:entity/unk1nown"},"elements":[{"name":"bone33","from":[-8.383767,2.6403575,5.178137],"to":[13.396231,3.2403574,6.3241377],"rotation":{"angle":0.0,"axis":"x","origin":[2.2062292,2.0248828,12.407753]},"faces":{"down":{"uv":[2.9375,6.0625,1.8125,6.125],"rotation":0,"texture":"#0","tintindex":0},"east":{"uv":[1.25,5.34375,1.3125,5.375],"rotation":0,"texture":"#0","tintindex":0},"north":{"uv":[6.78125,3.21875,7.90625,3.25],"rotation":0,"texture":"#0","tintindex":0},"south":{"uv":[6.84375,2.03125,7.96875,2.0625],"rotation":0,"texture":"#0","tintindex":0},"up":{"uv":[6.875,6.0625,5.75,6.0],"rotation":0,"texture":"#0","tintindex":0},"west":{"uv":[1.34375,5.34375,1.40625,5.375],"rotation":0,"texture":"#0","tintindex":0}}},{"name":"bone33","from":[-8.383767,2.0447369,6.253998],"to":[12.196231,2.0447369,32.0],"rotation":{"angle":0.0,"axis":"x","origin":[2.2062292,2.0248828,12.407753]},"faces":{"down":{"uv":[2.15625,1.375,1.09375,2.71875],"rotation":0,"texture":"#0","tintindex":0},"east":{"uv":[7.375,2.84375,8.71875,2.84375],"rotation":0,"texture":"#0","tintindex":0},"north":{"uv":[7.375,2.8125,8.4375,2.8125],"rotation":0,"texture":"#0","tintindex":0},"south":{"uv":[7.375,2.875,8.4375,2.875],"rotation":0,"texture":"#0","tintindex":0},"up":{"uv":[1.0625,2.71875,0.0,1.375],"rotation":0,"texture":"#0","tintindex":0},"west":{"uv":[7.375,2.90625,8.71875,2.90625],"rotation":0,"texture":"#0","tintindex":0}}}],"display":{"head":{"translation":[0.0,-6.4,21.624435],"rotation":[0.0,0.0,0.0],"scale":[3.8095,3.8095,3.8095]}}}