{"textures":{"0":"modelengine:entity/unk1nown"},"elements":[{"name":"bone8","from":[2.6037695,2.6403575,5.178137],"to":[24.383766,3.2403574,6.3241377],"rotation":{"angle":0.0,"axis":"x","origin":[13.793771,2.0248828,12.407753]},"faces":{"down":{"uv":[1.8125,6.0625,2.9375,6.125],"rotation":0,"texture":"#0","tintindex":0},"east":{"uv":[1.40625,5.34375,1.34375,5.375],"rotation":0,"texture":"#0","tintindex":0},"north":{"uv":[7.90625,3.21875,6.78125,3.25],"rotation":0,"texture":"#0","tintindex":0},"south":{"uv":[7.96875,2.03125,6.84375,2.0625],"rotation":0,"texture":"#0","tintindex":0},"up":{"uv":[5.75,6.0625,6.875,6.0],"rotation":0,"texture":"#0","tintindex":0},"west":{"uv":[1.3125,5.34375,1.25,5.375],"rotation":0,"texture":"#0","tintindex":0}}},{"name":"bone8","from":[3.8037696,2.0447369,6.253998],"to":[24.383766,2.0447369,32.0],"rotation":{"angle":0.0,"axis":"x","origin":[13.793771,2.0248828,12.407753]},"faces":{"down":{"uv":[1.09375,1.375,2.15625,2.71875],"rotation":0,"texture":"#0","tintindex":0},"east":{"uv":[8.71875,2.90625,7.375,2.90625],"rotation":0,"texture":"#0","tintindex":0},"north":{"uv":[8.4375,2.8125,7.375,2.8125],"rotation":0,"texture":"#0","tintindex":0},"south":{"uv":[8.4375,2.875,7.375,2.875],"rotation":0,"texture":"#0","tintindex":0},"up":{"uv":[0.0,2.71875,1.0625,1.375],"rotation":0,"texture":"#0","tintindex":0},"west":{"uv":[8.71875,2.84375,7.375,2.84375],"rotation":0,"texture":"#0","tintindex":0}}}],"display":{"head":{"translation":[0.0,-6.4,21.624435],"rotation":[0.0,0.0,0.0],"scale":[3.8095,3.8095,3.8095]}}}