{"textures":{"0":"modelengine:entity/unk1nown"},"elements":[{"name":"bone28","from":[6.1574,5.67173,6.177375],"to":[9.8426,8.27093,7.6533747],"rotation":{"angle":0.0,"axis":"x","origin":[8.0,8.0,8.0]},"faces":{"down":{"uv":[7.1875,1.5,7.375,1.5625],"rotation":0,"texture":"#0","tintindex":0},"east":{"uv":[3.0,5.03125,2.9375,5.15625],"rotation":0,"texture":"#0","tintindex":0},"north":{"uv":[3.84375,7.0,3.65625,7.125],"rotation":0,"texture":"#0","tintindex":0},"south":{"uv":[4.4375,7.03125,4.25,7.15625],"rotation":0,"texture":"#0","tintindex":0},"up":{"uv":[7.15625,2.875,7.34375,2.8125],"rotation":0,"texture":"#0","tintindex":0},"west":{"uv":[3.40625,4.28125,3.34375,4.40625],"rotation":0,"texture":"#0","tintindex":0}}},{"name":"bone28","from":[8.7974,6.50984,4.708076],"to":[9.722601,7.42904,6.1240764],"rotation":{"angle":0.0,"axis":"x","origin":[8.0,8.0,8.0]},"faces":{"down":{"uv":[2.75,7.0,2.8125,7.0625],"rotation":0,"texture":"#0","tintindex":0},"east":{"uv":[3.84375,6.40625,3.78125,6.46875],"rotation":0,"texture":"#0","tintindex":0},"north":{"uv":[4.5,0.8125,4.4375,0.875],"rotation":0,"texture":"#0","tintindex":0},"south":{"uv":[3.96875,5.875,3.90625,5.9375],"rotation":0,"texture":"#0","tintindex":0},"up":{"uv":[6.6875,3.0,6.75,2.9375],"rotation":0,"texture":"#0","tintindex":0},"west":{"uv":[0.90625,4.59375,0.84375,4.65625],"rotation":0,"texture":"#0","tintindex":0}}},{"name":"bone28","from":[7.7774005,4.136204,4.21124],"to":[8.2226,4.755404,4.5472407],"rotation":{"angle":0.0,"axis":"x","origin":[8.0,8.0,8.0]},"faces":{"down":{"uv":[5.5,4.9375,5.53125,4.96875],"rotation":0,"texture":"#0","tintindex":0},"east":{"uv":[5.40625,4.9375,5.375,4.96875],"rotation":0,"texture":"#0","tintindex":0},"north":{"uv":[4.6875,3.125,4.65625,3.15625],"rotation":0,"texture":"#0","tintindex":0},"south":{"uv":[1.46875,5.34375,1.4375,5.375],"rotation":0,"texture":"#0","tintindex":0},"up":{"uv":[5.4375,4.96875,5.46875,4.9375],"rotation":0,"texture":"#0","tintindex":0},"west":{"uv":[4.6875,5.25,4.65625,5.28125],"rotation":0,"texture":"#0","tintindex":0}}},{"name":"bone28","from":[7.6574,4.7362037,4.151241],"to":[8.3426,6.0154037,4.66724],"rotation":{"angle":0.0,"axis":"x","origin":[8.0,8.0,8.0]},"faces":{"down":{"uv":[3.625,5.625,3.65625,5.65625],"rotation":0,"texture":"#0","tintindex":0},"east":{"uv":[4.28125,6.09375,4.25,6.15625],"rotation":0,"texture":"#0","tintindex":0},"north":{"uv":[1.96875,5.25,1.9375,5.3125],"rotation":0,"texture":"#0","tintindex":0},"south":{"uv":[6.09375,4.5,6.0625,4.5625],"rotation":0,"texture":"#0","tintindex":0},"up":{"uv":[5.5625,3.6875,5.59375,3.65625],"rotation":0,"texture":"#0","tintindex":0},"west":{"uv":[4.8125,5.625,4.78125,5.6875],"rotation":0,"texture":"#0","tintindex":0}}},{"name":"bone28","from":[7.5974,4.340372,5.4345927],"to":[8.4026,5.859572,6.250592],"rotation":{"angle":0.0,"axis":"x","origin":[8.0,8.0,8.0]},"faces":{"down":{"uv":[5.6875,3.65625,5.71875,3.6875],"rotation":0,"texture":"#0","tintindex":0},"east":{"uv":[5.46875,5.90625,5.4375,6.0],"rotation":0,"texture":"#0","tintindex":0},"north":{"uv":[0.46875,5.21875,0.4375,5.3125],"rotation":0,"texture":"#0","tintindex":0},"south":{"uv":[5.46875,5.78125,5.4375,5.875],"rotation":0,"texture":"#0","tintindex":0},"up":{"uv":[5.625,3.6875,5.65625,3.65625],"rotation":0,"texture":"#0","tintindex":0},"west":{"uv":[5.1875,5.3125,5.15625,5.40625],"rotation":0,"texture":"#0","tintindex":0}}},{"name":"bone28","from":[7.5374002,6.50984,4.708076],"to":[8.4626,7.42904,6.1240764],"rotation":{"angle":0.0,"axis":"x","origin":[8.0,8.0,8.0]},"faces":{"down":{"uv":[7.3125,2.65625,7.375,2.71875],"rotation":0,"texture":"#0","tintindex":0},"east":{"uv":[2.25,7.3125,2.1875,7.375],"rotation":0,"texture":"#0","tintindex":0},"north":{"uv":[1.8125,7.3125,1.75,7.375],"rotation":0,"texture":"#0","tintindex":0},"south":{"uv":[2.15625,7.3125,2.09375,7.375],"rotation":0,"texture":"#0","tintindex":0},"up":{"uv":[7.3125,2.375,7.375,2.3125],"rotation":0,"texture":"#0","tintindex":0},"west":{"uv":[1.90625,7.3125,1.84375,7.375],"rotation":0,"texture":"#0","tintindex":0}}},{"name":"bone28","from":[6.5174,4.136204,4.21124],"to":[6.9625998,4.755404,4.5472407],"rotation":{"angle":0.0,"axis":"x","origin":[8.0,8.0,8.0]},"faces":{"down":{"uv":[5.875,5.25,5.90625,5.28125],"rotation":0,"texture":"#0","tintindex":0},"east":{"uv":[5.875,2.3125,5.84375,2.34375],"rotation":0,"texture":"#0","tintindex":0},"north":{"uv":[5.0625,5.71875,5.03125,5.75],"rotation":0,"texture":"#0","tintindex":0},"south":{"uv":[5.78125,0.5625,5.75,0.59375],"rotation":0,"texture":"#0","tintindex":0},"up":{"uv":[5.875,2.78125,5.90625,2.75],"rotation":0,"texture":"#0","tintindex":0},"west":{"uv":[5.125,5.71875,5.09375,5.75],"rotation":0,"texture":"#0","tintindex":0}}},{"name":"bone28","from":[6.3974,4.7362037,4.151241],"to":[7.0826006,6.0154037,4.66724],"rotation":{"angle":0.0,"axis":"x","origin":[8.0,8.0,8.0]},"faces":{"down":{"uv":[5.9375,2.75,5.96875,2.78125],"rotation":0,"texture":"#0","tintindex":0},"east":{"uv":[5.9375,6.625,5.90625,6.6875],"rotation":0,"texture":"#0","tintindex":0},"north":{"uv":[6.34375,4.40625,6.3125,4.46875],"rotation":0,"texture":"#0","tintindex":0},"south":{"uv":[6.53125,2.5,6.5,2.5625],"rotation":0,"texture":"#0","tintindex":0},"up":{"uv":[5.90625,2.34375,5.9375,2.3125],"rotation":0,"texture":"#0","tintindex":0},"west":{"uv":[3.25,6.46875,3.21875,6.53125],"rotation":0,"texture":"#0","tintindex":0}}},{"name":"bone28","from":[6.3374,4.340372,5.4345927],"to":[7.1426,5.859572,6.250592],"rotation":{"angle":0.0,"axis":"x","origin":[8.0,8.0,8.0]},"faces":{"down":{"uv":[5.96875,2.3125,6.0,2.34375],"rotation":0,"texture":"#0","tintindex":0},"east":{"uv":[3.03125,6.15625,3.0,6.25],"rotation":0,"texture":"#0","tintindex":0},"north":{"uv":[4.28125,5.96875,4.25,6.0625],"rotation":0,"texture":"#0","tintindex":0},"south":{"uv":[5.0,6.125,4.96875,6.21875],"rotation":0,"texture":"#0","tintindex":0},"up":{"uv":[5.9375,5.28125,5.96875,5.25],"rotation":0,"texture":"#0","tintindex":0},"west":{"uv":[6.125,0.8125,6.09375,0.90625],"rotation":0,"texture":"#0","tintindex":0}}},{"name":"bone28","from":[6.2774,6.50984,4.708076],"to":[7.2026005,7.42904,6.1240764],"rotation":{"angle":0.0,"axis":"x","origin":[8.0,8.0,8.0]},"faces":{"down":{"uv":[3.25,7.3125,3.3125,7.375],"rotation":0,"texture":"#0","tintindex":0},"east":{"uv":[3.125,7.3125,3.0625,7.375],"rotation":0,"texture":"#0","tintindex":0},"north":{"uv":[2.84375,7.3125,2.78125,7.375],"rotation":0,"texture":"#0","tintindex":0},"south":{"uv":[3.03125,7.3125,2.96875,7.375],"rotation":0,"texture":"#0","tintindex":0},"up":{"uv":[3.15625,7.375,3.21875,7.3125],"rotation":0,"texture":"#0","tintindex":0},"west":{"uv":[2.9375,7.3125,2.875,7.375],"rotation":0,"texture":"#0","tintindex":0}}},{"name":"bone28","from":[8.8574,4.340372,5.4345927],"to":[9.6626,5.859572,6.250592],"rotation":{"angle":0.0,"axis":"x","origin":[8.0,8.0,8.0]},"faces":{"down":{"uv":[1.875,6.0,1.90625,6.03125],"rotation":0,"texture":"#0","tintindex":0},"east":{"uv":[5.5625,6.65625,5.53125,6.75],"rotation":0,"texture":"#0","tintindex":0},"north":{"uv":[3.25,6.34375,3.21875,6.4375],"rotation":0,"texture":"#0","tintindex":0},"south":{"uv":[5.5625,6.53125,5.53125,6.625],"rotation":0,"texture":"#0","tintindex":0},"up":{"uv":[1.8125,6.03125,1.84375,6.0],"rotation":0,"texture":"#0","tintindex":0},"west":{"uv":[1.625,6.53125,1.59375,6.625],"rotation":0,"texture":"#0","tintindex":0}}},{"name":"bone28","from":[8.9174,4.7362037,4.151241],"to":[9.6026,6.0154037,4.66724],"rotation":{"angle":0.0,"axis":"x","origin":[8.0,8.0,8.0]},"faces":{"down":{"uv":[2.0,6.0,2.03125,6.03125],"rotation":0,"texture":"#0","tintindex":0},"east":{"uv":[7.0,6.75,6.96875,6.8125],"rotation":0,"texture":"#0","tintindex":0},"north":{"uv":[3.75,6.6875,3.71875,6.75],"rotation":0,"texture":"#0","tintindex":0},"south":{"uv":[6.9375,6.0,6.90625,6.0625],"rotation":0,"texture":"#0","tintindex":0},"up":{"uv":[1.9375,6.03125,1.96875,6.0],"rotation":0,"texture":"#0","tintindex":0},"west":{"uv":[1.5625,6.78125,1.53125,6.84375],"rotation":0,"texture":"#0","tintindex":0}}},{"name":"bone28","from":[9.0374,4.136204,4.21124],"to":[9.482601,4.755404,4.5472407],"rotation":{"angle":0.0,"axis":"x","origin":[8.0,8.0,8.0]},"faces":{"down":{"uv":[2.90625,6.0,2.9375,6.03125],"rotation":0,"texture":"#0","tintindex":0},"east":{"uv":[2.8125,6.0,2.78125,6.03125],"rotation":0,"texture":"#0","tintindex":0},"north":{"uv":[2.09375,6.0,2.0625,6.03125],"rotation":0,"texture":"#0","tintindex":0},"south":{"uv":[6.03125,2.75,6.0,2.78125],"rotation":0,"texture":"#0","tintindex":0},"up":{"uv":[2.84375,6.03125,2.875,6.0],"rotation":0,"texture":"#0","tintindex":0},"west":{"uv":[2.75,6.0,2.71875,6.03125],"rotation":0,"texture":"#0","tintindex":0}}}],"display":{"head":{"translation":[0.0,-6.4,0.0],"rotation":[0.0,0.0,0.0],"scale":[3.8095,3.8095,3.8095]}}}