{"textures":{"0":"modelengine:entity/unk1nown"},"elements":[{"name":"bone29","from":[4.0152617,7.3239794,1.7645061],"to":[11.471846,11.805188,8.73587],"rotation":{"angle":0.0,"axis":"x","origin":[7.744142,8.740542,6.750194]},"faces":{"down":{"uv":[4.6875,3.1875,4.3125,3.5625],"rotation":0,"texture":"#0","tintindex":0},"east":{"uv":[5.75,0.3125,6.125,0.53125],"rotation":0,"texture":"#0","tintindex":0},"north":{"uv":[5.71875,4.59375,6.09375,4.8125],"rotation":0,"texture":"#0","tintindex":0},"south":{"uv":[5.75,5.75,6.125,5.96875],"rotation":0,"texture":"#0","tintindex":0},"up":{"uv":[3.3125,4.65625,2.9375,4.28125],"rotation":0,"texture":"#0","tintindex":0},"west":{"uv":[5.78125,3.65625,6.15625,3.875],"rotation":0,"texture":"#0","tintindex":0}}},{"name":"bone29","from":[4.107416,5.1029897,1.8171134],"to":[9.36779,10.363363,8.683274],"rotation":{"angle":0.0,"axis":"x","origin":[7.744142,8.740542,6.750194]},"faces":{"down":{"uv":[0.28125,5.5625,0.0,5.90625],"rotation":0,"texture":"#0","tintindex":0},"east":{"uv":[5.5,2.5,5.84375,2.78125],"rotation":0,"texture":"#0","tintindex":0},"north":{"uv":[5.84375,0.96875,6.125,1.25],"rotation":0,"texture":"#0","tintindex":0},"south":{"uv":[1.1875,5.84375,1.46875,6.125],"rotation":0,"texture":"#0","tintindex":0},"up":{"uv":[5.8125,2.34375,5.53125,2.0],"rotation":0,"texture":"#0","tintindex":0},"west":{"uv":[5.5,5.4375,5.84375,5.71875],"rotation":0,"texture":"#0","tintindex":0}}},{"name":"bone29","from":[3.668768,6.327194,5.584436],"to":[11.773747,12.502418,9.901136],"rotation":{"angle":0.0,"axis":"x","origin":[7.721894,7.866937,7.7427917]},"faces":{"down":{"uv":[4.75,5.625,4.3125,5.84375],"rotation":0,"texture":"#0","tintindex":0},"east":{"uv":[6.09375,6.09375,6.3125,6.40625],"rotation":0,"texture":"#0","tintindex":0},"north":{"uv":[4.53125,0.8125,4.96875,1.125],"rotation":0,"texture":"#0","tintindex":0},"south":{"uv":[4.53125,1.15625,4.96875,1.46875],"rotation":0,"texture":"#0","tintindex":0},"up":{"uv":[4.46875,2.53125,4.03125,2.3125],"rotation":0,"texture":"#0","tintindex":0},"west":{"uv":[6.125,4.5,6.34375,4.8125],"rotation":0,"texture":"#0","tintindex":0}}},{"name":"bone29","from":[3.7689316,3.9130812,5.641616],"to":[9.486734,9.630884,9.843962],"rotation":{"angle":0.0,"axis":"x","origin":[7.721894,7.866937,7.7427917]},"faces":{"down":{"uv":[6.0625,6.09375,5.75,6.3125],"rotation":0,"texture":"#0","tintindex":0},"east":{"uv":[3.625,6.0625,3.84375,6.375],"rotation":0,"texture":"#0","tintindex":0},"north":{"uv":[5.375,4.59375,5.6875,4.90625],"rotation":0,"texture":"#0","tintindex":0},"south":{"uv":[5.15625,5.4375,5.46875,5.75],"rotation":0,"texture":"#0","tintindex":0},"up":{"uv":[6.40625,0.78125,6.09375,0.5625],"rotation":0,"texture":"#0","tintindex":0},"west":{"uv":[6.0625,4.15625,6.28125,4.46875],"rotation":0,"texture":"#0","tintindex":0}}}],"display":{"head":{"translation":[0.0,-6.4,0.0],"rotation":[0.0,0.0,0.0],"scale":[3.8095,3.8095,3.8095]}}}