{"textures":{"0":"modelengine:entity/unk1nown"},"elements":[{"name":"bone22","from":[6.4574003,10.839045,10.86134],"to":[9.722601,14.338244,15.69734],"rotation":{"angle":0.0,"axis":"x","origin":[8.18,13.248644,12.79934]},"faces":{"down":{"uv":[5.34375,6.75,5.5,7.0],"rotation":0,"texture":"#0","tintindex":0},"east":{"uv":[6.875,4.40625,6.625,4.59375],"rotation":0,"texture":"#0","tintindex":0},"north":{"uv":[4.625,6.9375,4.46875,7.125],"rotation":0,"texture":"#0","tintindex":0},"south":{"uv":[5.875,6.9375,5.71875,7.125],"rotation":0,"texture":"#0","tintindex":0},"up":{"uv":[5.15625,7.0,5.3125,6.75],"rotation":0,"texture":"#0","tintindex":0},"west":{"uv":[4.71875,6.5625,4.46875,6.75],"rotation":0,"texture":"#0","tintindex":0}}},{"name":"bone22","from":[6.7574005,11.379045,8.46134],"to":[9.2425995,13.978244,10.89734],"rotation":{"angle":0.0,"axis":"x","origin":[8.18,13.248644,12.79934]},"faces":{"down":{"uv":[3.5625,7.15625,3.6875,7.28125],"rotation":0,"texture":"#0","tintindex":0},"east":{"uv":[3.375,7.15625,3.25,7.28125],"rotation":0,"texture":"#0","tintindex":0},"north":{"uv":[2.90625,7.15625,2.78125,7.28125],"rotation":0,"texture":"#0","tintindex":0},"south":{"uv":[3.21875,7.15625,3.09375,7.28125],"rotation":0,"texture":"#0","tintindex":0},"up":{"uv":[3.40625,7.28125,3.53125,7.15625],"rotation":0,"texture":"#0","tintindex":0},"west":{"uv":[3.0625,7.15625,2.9375,7.28125],"rotation":0,"texture":"#0","tintindex":0}}},{"name":"bone22","from":[6.1574,8.379045,9.06134],"to":[9.8426,10.978245,10.53734],"rotation":{"angle":0.0,"axis":"x","origin":[1.9956619,1.7915479,18.034245]},"faces":{"down":{"uv":[7.1875,5.03125,7.375,5.09375],"rotation":0,"texture":"#0","tintindex":0},"east":{"uv":[4.5625,6.1875,4.5,6.3125],"rotation":0,"texture":"#0","tintindex":0},"north":{"uv":[5.4375,7.03125,5.25,7.15625],"rotation":0,"texture":"#0","tintindex":0},"south":{"uv":[6.71875,7.03125,6.53125,7.15625],"rotation":0,"texture":"#0","tintindex":0},"up":{"uv":[4.1875,7.25,4.375,7.1875],"rotation":0,"texture":"#0","tintindex":0},"west":{"uv":[3.03125,6.0,2.96875,6.125],"rotation":0,"texture":"#0","tintindex":0}}},{"name":"bone22","from":[8.7974,8.439044,8.16134],"to":[9.722601,9.358244,9.577339],"rotation":{"angle":0.0,"axis":"x","origin":[8.0,8.0,8.0]},"faces":{"down":{"uv":[4.78125,7.3125,4.84375,7.375],"rotation":0,"texture":"#0","tintindex":0},"east":{"uv":[4.53125,7.3125,4.46875,7.375],"rotation":0,"texture":"#0","tintindex":0},"north":{"uv":[3.6875,7.3125,3.625,7.375],"rotation":0,"texture":"#0","tintindex":0},"south":{"uv":[7.375,3.8125,7.3125,3.875],"rotation":0,"texture":"#0","tintindex":0},"up":{"uv":[7.3125,4.53125,7.375,4.46875],"rotation":0,"texture":"#0","tintindex":0},"west":{"uv":[3.78125,7.3125,3.71875,7.375],"rotation":0,"texture":"#0","tintindex":0}}},{"name":"bone22","from":[7.7774005,6.471878,7.4036474],"to":[8.2226,7.091078,7.739648],"rotation":{"angle":0.0,"axis":"x","origin":[8.0,8.0,8.0]},"faces":{"down":{"uv":[6.125,2.75,6.15625,2.78125],"rotation":0,"texture":"#0","tintindex":0},"east":{"uv":[6.09375,5.25,6.0625,5.28125],"rotation":0,"texture":"#0","tintindex":0},"north":{"uv":[6.03125,5.25,6.0,5.28125],"rotation":0,"texture":"#0","tintindex":0},"south":{"uv":[6.09375,2.75,6.0625,2.78125],"rotation":0,"texture":"#0","tintindex":0},"up":{"uv":[6.09375,2.34375,6.125,2.3125],"rotation":0,"texture":"#0","tintindex":0},"west":{"uv":[6.0625,2.3125,6.03125,2.34375],"rotation":0,"texture":"#0","tintindex":0}}},{"name":"bone22","from":[7.6574,7.0718784,7.343648],"to":[8.3426,8.351078,7.8596473],"rotation":{"angle":0.0,"axis":"x","origin":[8.0,8.0,8.0]},"faces":{"down":{"uv":[6.15625,2.3125,6.1875,2.34375],"rotation":0,"texture":"#0","tintindex":0},"east":{"uv":[5.6875,7.34375,5.65625,7.40625],"rotation":0,"texture":"#0","tintindex":0},"north":{"uv":[3.90625,7.0,3.875,7.0625],"rotation":0,"texture":"#0","tintindex":0},"south":{"uv":[4.03125,7.25,4.0,7.3125],"rotation":0,"texture":"#0","tintindex":0},"up":{"uv":[6.125,5.28125,6.15625,5.25],"rotation":0,"texture":"#0","tintindex":0},"west":{"uv":[4.4375,7.1875,4.40625,7.25],"rotation":0,"texture":"#0","tintindex":0}}},{"name":"bone22","from":[7.5974,7.7377462,7.4606],"to":[8.4026,9.256947,8.2766],"rotation":{"angle":0.0,"axis":"x","origin":[8.0,8.0,8.0]},"faces":{"down":{"uv":[6.1875,5.25,6.21875,5.28125],"rotation":0,"texture":"#0","tintindex":0},"east":{"uv":[1.8125,7.15625,1.78125,7.25],"rotation":0,"texture":"#0","tintindex":0},"north":{"uv":[4.8125,6.75,4.78125,6.84375],"rotation":0,"texture":"#0","tintindex":0},"south":{"uv":[0.15625,7.15625,0.125,7.25],"rotation":0,"texture":"#0","tintindex":0},"up":{"uv":[6.1875,2.78125,6.21875,2.75],"rotation":0,"texture":"#0","tintindex":0},"west":{"uv":[5.5,7.03125,5.46875,7.125],"rotation":0,"texture":"#0","tintindex":0}}},{"name":"bone22","from":[7.5374002,8.439044,8.16134],"to":[8.4626,9.358244,9.577339],"rotation":{"angle":0.0,"axis":"x","origin":[8.0,8.0,8.0]},"faces":{"down":{"uv":[7.3125,5.46875,7.375,5.53125],"rotation":0,"texture":"#0","tintindex":0},"east":{"uv":[5.21875,7.3125,5.15625,7.375],"rotation":0,"texture":"#0","tintindex":0},"north":{"uv":[4.9375,7.3125,4.875,7.375],"rotation":0,"texture":"#0","tintindex":0},"south":{"uv":[5.125,7.3125,5.0625,7.375],"rotation":0,"texture":"#0","tintindex":0},"up":{"uv":[7.3125,5.4375,7.375,5.375],"rotation":0,"texture":"#0","tintindex":0},"west":{"uv":[5.03125,7.3125,4.96875,7.375],"rotation":0,"texture":"#0","tintindex":0}}},{"name":"bone22","from":[6.5174,6.471878,7.4036474],"to":[6.9625998,7.091078,7.739648],"rotation":{"angle":0.0,"axis":"x","origin":[8.0,8.0,8.0]},"faces":{"down":{"uv":[6.3125,2.75,6.34375,2.78125],"rotation":0,"texture":"#0","tintindex":0},"east":{"uv":[6.3125,2.3125,6.28125,2.34375],"rotation":0,"texture":"#0","tintindex":0},"north":{"uv":[6.25,2.3125,6.21875,2.34375],"rotation":0,"texture":"#0","tintindex":0},"south":{"uv":[6.28125,5.25,6.25,5.28125],"rotation":0,"texture":"#0","tintindex":0},"up":{"uv":[3.0,6.3125,3.03125,6.28125],"rotation":0,"texture":"#0","tintindex":0},"west":{"uv":[6.28125,2.75,6.25,2.78125],"rotation":0,"texture":"#0","tintindex":0}}},{"name":"bone22","from":[6.3974,7.0718784,7.343648],"to":[7.0826006,8.351078,7.8596473],"rotation":{"angle":0.0,"axis":"x","origin":[8.0,8.0,8.0]},"faces":{"down":{"uv":[6.34375,2.3125,6.375,2.34375],"rotation":0,"texture":"#0","tintindex":0},"east":{"uv":[0.03125,7.375,0.0,7.4375],"rotation":0,"texture":"#0","tintindex":0},"north":{"uv":[6.375,7.34375,6.34375,7.40625],"rotation":0,"texture":"#0","tintindex":0},"south":{"uv":[6.6875,7.34375,6.65625,7.40625],"rotation":0,"texture":"#0","tintindex":0},"up":{"uv":[6.3125,5.28125,6.34375,5.25],"rotation":0,"texture":"#0","tintindex":0},"west":{"uv":[6.4375,7.34375,6.40625,7.40625],"rotation":0,"texture":"#0","tintindex":0}}},{"name":"bone22","from":[6.3374,7.7377462,7.4606],"to":[7.1426,9.256947,8.2766],"rotation":{"angle":0.0,"axis":"x","origin":[8.0,8.0,8.0]},"faces":{"down":{"uv":[6.375,5.25,6.40625,5.28125],"rotation":0,"texture":"#0","tintindex":0},"east":{"uv":[4.59375,7.3125,4.5625,7.40625],"rotation":0,"texture":"#0","tintindex":0},"north":{"uv":[6.625,7.28125,6.59375,7.375],"rotation":0,"texture":"#0","tintindex":0},"south":{"uv":[3.84375,7.3125,3.8125,7.40625],"rotation":0,"texture":"#0","tintindex":0},"up":{"uv":[6.375,2.78125,6.40625,2.75],"rotation":0,"texture":"#0","tintindex":0},"west":{"uv":[0.40625,7.3125,0.375,7.40625],"rotation":0,"texture":"#0","tintindex":0}}},{"name":"bone22","from":[6.2774,8.439044,8.16134],"to":[7.2026005,9.358244,9.577339],"rotation":{"angle":0.0,"axis":"x","origin":[8.0,8.0,8.0]},"faces":{"down":{"uv":[7.3125,6.28125,7.375,6.34375],"rotation":0,"texture":"#0","tintindex":0},"east":{"uv":[7.375,6.09375,7.3125,6.15625],"rotation":0,"texture":"#0","tintindex":0},"north":{"uv":[7.375,5.5625,7.3125,5.625],"rotation":0,"texture":"#0","tintindex":0},"south":{"uv":[7.375,6.0,7.3125,6.0625],"rotation":0,"texture":"#0","tintindex":0},"up":{"uv":[7.3125,6.25,7.375,6.1875],"rotation":0,"texture":"#0","tintindex":0},"west":{"uv":[5.78125,7.3125,5.71875,7.375],"rotation":0,"texture":"#0","tintindex":0}}},{"name":"bone22","from":[8.8574,7.7377462,7.4606],"to":[9.6626,9.256947,8.2766],"rotation":{"angle":0.0,"axis":"x","origin":[8.0,8.0,8.0]},"faces":{"down":{"uv":[6.4375,2.75,6.46875,2.78125],"rotation":0,"texture":"#0","tintindex":0},"east":{"uv":[2.0625,7.34375,2.03125,7.4375],"rotation":0,"texture":"#0","tintindex":0},"north":{"uv":[5.84375,7.3125,5.8125,7.40625],"rotation":0,"texture":"#0","tintindex":0},"south":{"uv":[0.9375,7.34375,0.90625,7.4375],"rotation":0,"texture":"#0","tintindex":0},"up":{"uv":[6.40625,2.34375,6.4375,2.3125],"rotation":0,"texture":"#0","tintindex":0},"west":{"uv":[6.875,7.3125,6.84375,7.40625],"rotation":0,"texture":"#0","tintindex":0}}},{"name":"bone22","from":[8.9174,7.0718784,7.343648],"to":[9.6026,8.351078,7.8596473],"rotation":{"angle":0.0,"axis":"x","origin":[8.0,8.0,8.0]},"faces":{"down":{"uv":[5.28125,6.46875,5.3125,6.5],"rotation":0,"texture":"#0","tintindex":0},"east":{"uv":[7.40625,1.34375,7.375,1.40625],"rotation":0,"texture":"#0","tintindex":0},"north":{"uv":[0.09375,7.375,0.0625,7.4375],"rotation":0,"texture":"#0","tintindex":0},"south":{"uv":[1.3125,7.375,1.28125,7.4375],"rotation":0,"texture":"#0","tintindex":0},"up":{"uv":[6.4375,5.28125,6.46875,5.25],"rotation":0,"texture":"#0","tintindex":0},"west":{"uv":[1.25,7.375,1.21875,7.4375],"rotation":0,"texture":"#0","tintindex":0}}},{"name":"bone22","from":[9.0374,6.471878,7.4036474],"to":[9.482601,7.091078,7.739648],"rotation":{"angle":0.0,"axis":"x","origin":[8.0,8.0,8.0]},"faces":{"down":{"uv":[4.03125,6.71875,4.0625,6.75],"rotation":0,"texture":"#0","tintindex":0},"east":{"uv":[1.21875,6.71875,1.1875,6.75],"rotation":0,"texture":"#0","tintindex":0},"north":{"uv":[6.53125,5.25,6.5,5.28125],"rotation":0,"texture":"#0","tintindex":0},"south":{"uv":[6.625,0.46875,6.59375,0.5],"rotation":0,"texture":"#0","tintindex":0},"up":{"uv":[1.25,6.75,1.28125,6.71875],"rotation":0,"texture":"#0","tintindex":0},"west":{"uv":[6.5625,0.46875,6.53125,0.5],"rotation":0,"texture":"#0","tintindex":0}}}],"display":{"head":{"translation":[0.0,-6.4,0.0],"rotation":[0.0,0.0,0.0],"scale":[3.8095,3.8095,3.8095]}}}