{"textures":{"0":"modelengine:entity/unk1nown"},"elements":[{"name":"bone37","from":[4.9513817,6.9785414,4.7600174],"to":[11.035585,11.929585,8.969202],"rotation":{"angle":0.0,"axis":"x","origin":[8.173484,9.522169,9.49365]},"faces":{"down":{"uv":[5.34375,6.03125,5.03125,6.25],"rotation":0,"texture":"#0","tintindex":0},"east":{"uv":[2.375,6.375,2.59375,6.625],"rotation":0,"texture":"#0","tintindex":0},"north":{"uv":[5.84375,1.59375,6.15625,1.84375],"rotation":0,"texture":"#0","tintindex":0},"south":{"uv":[5.84375,1.875,6.15625,2.125],"rotation":0,"texture":"#0","tintindex":0},"up":{"uv":[4.21875,6.1875,3.90625,5.96875],"rotation":0,"texture":"#0","tintindex":0},"west":{"uv":[6.375,4.40625,6.59375,4.65625],"rotation":0,"texture":"#0","tintindex":0}}},{"name":"bone37","from":[4.351382,10.447994,4.2710524],"to":[6.235586,12.39904,6.20024],"rotation":{"angle":0.0,"axis":"x","origin":[5.2934837,11.423518,5.23565]},"faces":{"down":{"uv":[5.96875,7.25,5.875,7.34375],"rotation":0,"texture":"#0","tintindex":0},"east":{"uv":[7.25,4.03125,7.34375,4.125],"rotation":0,"texture":"#0","tintindex":0},"north":{"uv":[7.25,3.90625,7.34375,4.0],"rotation":0,"texture":"#0","tintindex":0},"south":{"uv":[7.25,4.15625,7.34375,4.25],"rotation":0,"texture":"#0","tintindex":0},"up":{"uv":[7.34375,5.34375,7.25,5.25],"rotation":0,"texture":"#0","tintindex":0},"west":{"uv":[7.25,4.90625,7.34375,5.0],"rotation":0,"texture":"#0","tintindex":0}}},{"name":"bone37","from":[9.639543,10.447994,4.2710524],"to":[11.523746,12.39904,6.20024],"rotation":{"angle":0.0,"axis":"x","origin":[10.581644,11.423518,5.23565]},"faces":{"down":{"uv":[5.875,7.25,5.96875,7.34375],"rotation":0,"texture":"#0","tintindex":0},"east":{"uv":[7.34375,4.90625,7.25,5.0],"rotation":0,"texture":"#0","tintindex":0},"north":{"uv":[7.34375,3.90625,7.25,4.0],"rotation":0,"texture":"#0","tintindex":0},"south":{"uv":[7.34375,4.15625,7.25,4.25],"rotation":0,"texture":"#0","tintindex":0},"up":{"uv":[7.25,5.34375,7.34375,5.25],"rotation":0,"texture":"#0","tintindex":0},"west":{"uv":[7.34375,4.03125,7.25,4.125],"rotation":0,"texture":"#0","tintindex":0}}},{"name":"bone37","from":[6.151382,7.033759,3.2508962],"to":[10.1113825,11.833762,7.150896],"rotation":{"angle":0.0,"axis":"x","origin":[7.951382,10.333759,5.3508964]},"faces":{"down":{"uv":[2.125,6.53125,1.90625,6.75],"rotation":0,"texture":"#0","tintindex":0},"east":{"uv":[6.4375,0.53125,6.65625,0.78125],"rotation":0,"texture":"#0","tintindex":0},"north":{"uv":[3.53125,6.40625,3.75,6.65625],"rotation":0,"texture":"#0","tintindex":0},"south":{"uv":[5.96875,6.4375,6.1875,6.6875],"rotation":0,"texture":"#0","tintindex":0},"up":{"uv":[1.5625,6.75,1.34375,6.53125],"rotation":0,"texture":"#0","tintindex":0},"west":{"uv":[6.46875,0.0,6.6875,0.25],"rotation":0,"texture":"#0","tintindex":0}}}],"display":{"head":{"translation":[0.0,-6.4,0.0],"rotation":[0.0,0.0,0.0],"scale":[3.8095,3.8095,3.8095]}}}