{"textures":{"0":"modelengine:entity/unk1nown"},"elements":[{"name":"bone10","from":[8.059862,10.879906,8.004573],"to":[8.059862,16.419106,16.740574],"rotation":{"angle":0.0,"axis":"x","origin":[8.0,-11.778232,-3.53062]},"faces":{"down":{"uv":[6.1875,7.375,6.1875,7.84375],"rotation":0,"texture":"#0","tintindex":0},"east":{"uv":[3.03125,4.875,3.5,5.15625],"rotation":0,"texture":"#0","tintindex":0},"north":{"uv":[6.09375,7.375,6.09375,7.65625],"rotation":0,"texture":"#0","tintindex":0},"south":{"uv":[6.125,7.375,6.125,7.65625],"rotation":0,"texture":"#0","tintindex":0},"up":{"uv":[6.15625,7.84375,6.15625,7.375],"rotation":0,"texture":"#0","tintindex":0},"west":{"uv":[4.875,3.75,5.34375,4.03125],"rotation":0,"texture":"#0","tintindex":0}}},{"name":"bone10","from":[8.059862,12.0799055,3.8045723],"to":[8.059862,17.619106,12.540573],"rotation":{"angle":0.0,"axis":"x","origin":[8.0,-11.778232,-3.53062]},"faces":{"down":{"uv":[6.0625,7.375,6.0625,7.84375],"rotation":0,"texture":"#0","tintindex":0},"east":{"uv":[1.5,4.75,1.96875,5.03125],"rotation":0,"texture":"#0","tintindex":0},"north":{"uv":[5.96875,7.375,5.96875,7.65625],"rotation":0,"texture":"#0","tintindex":0},"south":{"uv":[6.0,7.375,6.0,7.65625],"rotation":0,"texture":"#0","tintindex":0},"up":{"uv":[6.03125,7.84375,6.03125,7.375],"rotation":0,"texture":"#0","tintindex":0},"west":{"uv":[4.8125,0.3125,5.28125,0.59375],"rotation":0,"texture":"#0","tintindex":0}}},{"name":"bone10","from":[3.5148616,6.847905,5.275772],"to":[12.019862,13.327905,13.075773],"rotation":{"angle":0.0,"axis":"x","origin":[8.0,-11.778232,-3.53062]},"faces":{"down":{"uv":[2.90625,3.90625,2.46875,4.3125],"rotation":0,"texture":"#0","tintindex":0},"east":{"uv":[2.03125,4.34375,2.4375,4.6875],"rotation":0,"texture":"#0","tintindex":0},"north":{"uv":[0.0,4.21875,0.4375,4.5625],"rotation":0,"texture":"#0","tintindex":0},"south":{"uv":[0.46875,4.21875,0.90625,4.5625],"rotation":0,"texture":"#0","tintindex":0},"up":{"uv":[2.4375,4.3125,2.0,3.90625],"rotation":0,"texture":"#0","tintindex":0},"west":{"uv":[2.46875,4.34375,2.875,4.6875],"rotation":0,"texture":"#0","tintindex":0}}},{"name":"bone10","from":[4.768694,3.8393788,5.3357725],"to":[10.768694,9.839379,13.015773],"rotation":{"angle":45.0,"axis":"z","origin":[7.768694,6.8393793,8.275773]},"faces":{"down":{"uv":[5.53125,5.0,5.21875,5.40625],"rotation":0,"texture":"#0","tintindex":0},"east":{"uv":[0.0,5.21875,0.40625,5.53125],"rotation":0,"texture":"#0","tintindex":0},"north":{"uv":[5.5,1.3125,5.8125,1.625],"rotation":0,"texture":"#0","tintindex":0},"south":{"uv":[5.5,1.65625,5.8125,1.96875],"rotation":0,"texture":"#0","tintindex":0},"up":{"uv":[5.53125,3.6875,5.21875,3.28125],"rotation":0,"texture":"#0","tintindex":0},"west":{"uv":[5.21875,2.9375,5.625,3.25],"rotation":0,"texture":"#0","tintindex":0}}}],"display":{"head":{"translation":[0.0,-6.4,0.0],"rotation":[0.0,0.0,0.0],"scale":[3.8095,3.8095,3.8095]}}}